{"type":"FeatureCollection","features":[{"type":"Feature","geometry":{"type":"Point","coordinates":[103.57733298,-2.75722001,0]},"properties":{"name":"00+000","description":"Ruas 034 | MANGUN JAYA - BTS. KAB. MURA","styleUrl":"#pointStyle","icon-scale":1.1}},{"type":"Feature","geometry":{"type":"Point","coordinates":[103.57563003,-2.75668901,0]},"properties":{"name":"00+200","description":"Ruas 034 | MANGUN JAYA - BTS. KAB. MURA","styleUrl":"#pointStyle","icon-scale":1.1}},{"type":"Feature","geometry":{"type":"LineString","coordinates":[[103.5764748,-2.75687573,0],[103.5755969,-2.75668712,0]]},"properties":{"name":"Rehab Mayor","description":"Ruas: 034 | MANGUN JAYA - BTS. KAB. MURA | Sta: 00+000 - 00+200 | Tipe: Rehab Mayor | Panjang: 200 m","styleUrl":"#lineStyle1","stroke-opacity":1,"stroke":"#ffff00","stroke-width":4}},{"type":"Feature","geometry":{"type":"Point","coordinates":[103.57563003,-2.75668901,0]},"properties":{"name":"00+200","description":"Ruas 034 | MANGUN JAYA - BTS. KAB. MURA","styleUrl":"#pointStyle","icon-scale":1.1}},{"type":"Feature","geometry":{"type":"Point","coordinates":[103.57342802,-2.75656303,0]},"properties":{"name":"00+448","description":"Ruas 034 | MANGUN JAYA - BTS. KAB. MURA","styleUrl":"#pointStyle","icon-scale":1.1}},{"type":"Feature","geometry":{"type":"LineString","coordinates":[[103.5755969,-2.75668712,0],[103.5747014,-2.75660351,0],[103.573803,-2.75658178,0]]},"properties":{"name":"Rehab Minor","description":"Ruas: 034 | MANGUN JAYA - BTS. KAB. MURA | Sta: 00+200 - 00+448 | Tipe: Rehab Minor | Panjang: 248 m","styleUrl":"#lineStyle2","stroke-opacity":1,"stroke":"#00ff00","stroke-width":4}},{"type":"Feature","geometry":{"type":"Point","coordinates":[103.57342802,-2.75656303,0]},"properties":{"name":"00+448","description":"Ruas 034 | MANGUN JAYA - BTS. KAB. MURA","styleUrl":"#pointStyle","icon-scale":1.1}},{"type":"Feature","geometry":{"type":"Point","coordinates":[103.57034398,-2.75644502,0]},"properties":{"name":"00+795","description":"Ruas 034 | MANGUN JAYA - BTS. KAB. MURA","styleUrl":"#pointStyle","icon-scale":1.1}},{"type":"Feature","geometry":{"type":"LineString","coordinates":[[103.573803,-2.75658178,0],[103.5729037,-2.75659075,0],[103.5720044,-2.75660598,0],[103.5711051,-2.75660949,0],[103.5702315,-2.75641744,0]]},"properties":{"name":"Rehab Mayor","description":"Ruas: 034 | MANGUN JAYA - BTS. KAB. MURA | Sta: 00+448 - 00+795 | Tipe: Rehab Mayor | Panjang: 347 m","styleUrl":"#lineStyle3","stroke-opacity":1,"stroke":"#ffff00","stroke-width":4}},{"type":"Feature","geometry":{"type":"Point","coordinates":[103.55980801,-2.75272002,0]},"properties":{"name":"02+112","description":"Ruas 034 | MANGUN JAYA - BTS. KAB. MURA","styleUrl":"#pointStyle","icon-scale":1.1}},{"type":"Feature","geometry":{"type":"Point","coordinates":[103.55899799,-2.75289704,0]},"properties":{"name":"02+206","description":"Ruas 034 | MANGUN JAYA - BTS. KAB. MURA","styleUrl":"#pointStyle","icon-scale":1.1}},{"type":"Feature","geometry":{"type":"LineString","coordinates":[[103.559889,-2.75270046,0],[103.5590108,-2.75289517,0]]},"properties":{"name":"Rekonstruksi","description":"Ruas: 034 | MANGUN JAYA - BTS. KAB. MURA | Sta: 02+112 - 02+206 | Tipe: Rekonstruksi | Panjang: 94 m","styleUrl":"#lineStyle4","stroke-opacity":1,"stroke":"#ff0000","stroke-width":4}},{"type":"Feature","geometry":{"type":"Point","coordinates":[103.55551296,-2.75413999,0]},"properties":{"name":"02+716","description":"Ruas 034 | MANGUN JAYA - BTS. KAB. MURA","styleUrl":"#pointStyle","icon-scale":1.1}},{"type":"Feature","geometry":{"type":"Point","coordinates":[103.55421896,-2.75428399,0]},"properties":{"name":"02+861","description":"Ruas 034 | MANGUN JAYA - BTS. KAB. MURA","styleUrl":"#pointStyle","icon-scale":1.1}},{"type":"Feature","geometry":{"type":"LineString","coordinates":[[103.5556242,-2.75408926,0],[103.5547368,-2.75423442,0],[103.5538384,-2.75426983,0]]},"properties":{"name":"Rekonstruksi","description":"Ruas: 034 | MANGUN JAYA - BTS. KAB. MURA | Sta: 02+716 - 02+861 | Tipe: Rekonstruksi | Panjang: 145 m","styleUrl":"#lineStyle5","stroke-opacity":1,"stroke":"#ff0000","stroke-width":4}},{"type":"Feature","geometry":{"type":"Point","coordinates":[103.55421896,-2.75428399,0]},"properties":{"name":"02+861","description":"Ruas 034 | MANGUN JAYA - BTS. KAB. MURA","styleUrl":"#pointStyle","icon-scale":1.1}},{"type":"Feature","geometry":{"type":"Point","coordinates":[103.55036496,-2.75350397,0]},"properties":{"name":"03+317","description":"Ruas 034 | MANGUN JAYA - BTS. KAB. MURA","styleUrl":"#pointStyle","icon-scale":1.1}},{"type":"Feature","geometry":{"type":"LineString","coordinates":[[103.5538384,-2.75426983,0],[103.5529401,-2.75430054,0],[103.5520449,-2.75434531,0],[103.5511865,-2.75408817,0],[103.5504533,-2.75356696,0]]},"properties":{"name":"Rehab Minor","description":"Ruas: 034 | MANGUN JAYA - BTS. KAB. MURA | Sta: 02+861 - 03+317 | Tipe: Rehab Minor | Panjang: 456 m","styleUrl":"#lineStyle6","stroke-opacity":1,"stroke":"#00ff00","stroke-width":4}},{"type":"Feature","geometry":{"type":"Point","coordinates":[103.54911899,-2.75246403,0]},"properties":{"name":"03+496","description":"Ruas 034 | MANGUN JAYA - BTS. KAB. MURA","styleUrl":"#pointStyle","icon-scale":1.1}},{"type":"Feature","geometry":{"type":"Point","coordinates":[103.54647903,-2.74901404,0]},"properties":{"name":"03+979","description":"Ruas 034 | MANGUN JAYA - BTS. KAB. MURA","styleUrl":"#pointStyle","icon-scale":1.1}},{"type":"Feature","geometry":{"type":"LineString","coordinates":[[103.5490819,-2.75239797,0],[103.5485134,-2.75169899,0],[103.5479723,-2.7509768,0],[103.5474415,-2.75024676,0],[103.5469099,-2.74951726,0],[103.5463795,-2.74878691,0]]},"properties":{"name":"Rehab Minor","description":"Ruas: 034 | MANGUN JAYA - BTS. KAB. MURA | Sta: 03+496 - 03+979 | Tipe: Rehab Minor | Panjang: 483 m","styleUrl":"#lineStyle7","stroke-opacity":1,"stroke":"#00ff00","stroke-width":4}},{"type":"Feature","geometry":{"type":"Point","coordinates":[103.545431,-2.747651,0]},"properties":{"name":"04+172","description":"Ruas 034 | MANGUN JAYA - BTS. KAB. MURA","styleUrl":"#pointStyle","icon-scale":1.1}},{"type":"Feature","geometry":{"type":"Point","coordinates":[103.54495,-2.747071,0]},"properties":{"name":"04+255","description":"Ruas 034 | MANGUN JAYA - BTS. KAB. MURA","styleUrl":"#pointStyle","icon-scale":1.1}},{"type":"Feature","geometry":{"type":"LineString","coordinates":[[103.545431,-2.747651,0],[103.54495,-2.747071,0]]},"properties":{"name":"Rekonstruksi","description":"Ruas: 034 | MANGUN JAYA - BTS. KAB. MURA | Sta: 04+172 - 04+255 | Tipe: Rekonstruksi | Panjang: 83 m","styleUrl":"#lineStyle8","stroke-opacity":1,"stroke":"#ff0000","stroke-width":4}},{"type":"Feature","geometry":{"type":"Point","coordinates":[103.544348,-2.74638,0]},"properties":{"name":"04+330","description":"Ruas 034 | MANGUN JAYA - BTS. KAB. MURA","styleUrl":"#pointStyle","icon-scale":1.1}},{"type":"Feature","geometry":{"type":"Point","coordinates":[103.543813,-2.745785,0]},"properties":{"name":"04+420","description":"Ruas 034 | MANGUN JAYA - BTS. KAB. MURA","styleUrl":"#pointStyle","icon-scale":1.1}},{"type":"Feature","geometry":{"type":"LineString","coordinates":[[103.5446834,-2.74667788,0],[103.544077,-2.74600998,0]]},"properties":{"name":"Rekonstruksi","description":"Ruas: 034 | MANGUN JAYA - BTS. KAB. MURA | Sta: 04+330 - 04+420 | Tipe: Rekonstruksi | Panjang: 90 m","styleUrl":"#lineStyle9","stroke-opacity":1,"stroke":"#ff0000","stroke-width":4}},{"type":"Feature","geometry":{"type":"Point","coordinates":[103.543813,-2.745785,0]},"properties":{"name":"04+420","description":"Ruas 034 | MANGUN JAYA - BTS. KAB. MURA","styleUrl":"#pointStyle","icon-scale":1.1}},{"type":"Feature","geometry":{"type":"Point","coordinates":[103.543192,-2.745115,0]},"properties":{"name":"04+534","description":"Ruas 034 | MANGUN JAYA - BTS. KAB. MURA","styleUrl":"#pointStyle","icon-scale":1.1}},{"type":"Feature","geometry":{"type":"LineString","coordinates":[[103.544077,-2.74600998,0],[103.5434683,-2.74534422,0]]},"properties":{"name":"Rehab Minor","description":"Ruas: 034 | MANGUN JAYA - BTS. KAB. MURA | Sta: 04+420 - 04+534 | Tipe: Rehab Minor | Panjang: 114 m","styleUrl":"#lineStyle10","stroke-opacity":1,"stroke":"#00ff00","stroke-width":4}},{"type":"Feature","geometry":{"type":"Point","coordinates":[103.541006,-2.743421,0]},"properties":{"name":"04+837","description":"Ruas 034 | MANGUN JAYA - BTS. KAB. MURA","styleUrl":"#pointStyle","icon-scale":1.1}},{"type":"Feature","geometry":{"type":"Point","coordinates":[103.540803,-2.743361,0]},"properties":{"name":"04+881","description":"Ruas 034 | MANGUN JAYA - BTS. KAB. MURA","styleUrl":"#pointStyle","icon-scale":1.1}},{"type":"Feature","geometry":{"type":"LineString","coordinates":[[103.541006,-2.743421,0],[103.540803,-2.743361,0]]},"properties":{"name":"Rekonstruksi","description":"Ruas: 034 | MANGUN JAYA - BTS. KAB. MURA | Sta: 04+837 - 04+881 | Tipe: Rekonstruksi | Panjang: 44 m","styleUrl":"#lineStyle11","stroke-opacity":1,"stroke":"#ff0000","stroke-width":4}},{"type":"Feature","geometry":{"type":"Point","coordinates":[103.530643,-2.740104,0]},"properties":{"name":"06+075","description":"Ruas 034 | MANGUN JAYA - BTS. KAB. MURA","styleUrl":"#pointStyle","icon-scale":1.1}},{"type":"Feature","geometry":{"type":"Point","coordinates":[103.525572,-2.736108,0]},"properties":{"name":"06+780","description":"Ruas 034 | MANGUN JAYA - BTS. KAB. MURA","styleUrl":"#pointStyle","icon-scale":1.1}},{"type":"Feature","geometry":{"type":"LineString","coordinates":[[103.5304646,-2.73995949,0],[103.5296613,-2.73955288,0],[103.52887,-2.73912304,0],[103.5280874,-2.73867737,0],[103.5273134,-2.73821704,0],[103.5266184,-2.73764947,0],[103.5261189,-2.7369001,0],[103.525628,-2.73614235,0]]},"properties":{"name":"Rehab Minor","description":"Ruas: 034 | MANGUN JAYA - BTS. KAB. MURA | Sta: 06+075 - 06+780 | Tipe: Rehab Minor | Panjang: 705 m","styleUrl":"#lineStyle12","stroke-opacity":1,"stroke":"#00ff00","stroke-width":4}},{"type":"Feature","geometry":{"type":"Point","coordinates":[103.49464903,-2.72149198,0]},"properties":{"name":"10+920","description":"Ruas 034 | MANGUN JAYA - BTS. KAB. MURA","styleUrl":"#pointStyle","icon-scale":1.1}},{"type":"Feature","geometry":{"type":"Point","coordinates":[103.49414804,-2.721251,0]},"properties":{"name":"10+980","description":"Ruas 034 | MANGUN JAYA - BTS. KAB. MURA","styleUrl":"#pointStyle","icon-scale":1.1}},{"type":"Feature","geometry":{"type":"LineString","coordinates":[[103.4950244,-2.72162611,0],[103.4941799,-2.72131558,0]]},"properties":{"name":"Rehab Mayor","description":"Ruas: 034 | MANGUN JAYA - BTS. KAB. MURA | Sta: 10+920 - 10+980 | Tipe: Rehab Mayor | Panjang: 60 m","styleUrl":"#lineStyle13","stroke-opacity":1,"stroke":"#ffff00","stroke-width":4}},{"type":"Feature","geometry":{"type":"Point","coordinates":[103.49414804,-2.721251,0]},"properties":{"name":"10+980","description":"Ruas 034 | MANGUN JAYA - BTS. KAB. MURA","styleUrl":"#pointStyle","icon-scale":1.1}},{"type":"Feature","geometry":{"type":"Point","coordinates":[103.49384503,-2.72120297,0]},"properties":{"name":"11+017","description":"Ruas 034 | MANGUN JAYA - BTS. KAB. MURA","styleUrl":"#pointStyle","icon-scale":1.1}},{"type":"Feature","geometry":{"type":"LineString","coordinates":[[103.49414804,-2.721251,0],[103.49384503,-2.72120297,0]]},"properties":{"name":"Rekonstruksi","description":"Ruas: 034 | MANGUN JAYA - BTS. KAB. MURA | Sta: 10+980 - 11+017 | Tipe: Rekonstruksi | Panjang: 37 m","styleUrl":"#lineStyle14","stroke-opacity":1,"stroke":"#ff0000","stroke-width":4}},{"type":"Feature","geometry":{"type":"Point","coordinates":[103.49384503,-2.72120297,0]},"properties":{"name":"11+017","description":"Ruas 034 | MANGUN JAYA - BTS. KAB. MURA","styleUrl":"#pointStyle","icon-scale":1.1}},{"type":"Feature","geometry":{"type":"Point","coordinates":[103.49288899,-2.72088001,0]},"properties":{"name":"11+125","description":"Ruas 034 | MANGUN JAYA - BTS. KAB. MURA","styleUrl":"#pointStyle","icon-scale":1.1}},{"type":"Feature","geometry":{"type":"LineString","coordinates":[[103.4941799,-2.72131558,0],[103.4933337,-2.72100919,0],[103.4924721,-2.7207502,0]]},"properties":{"name":"Rehab Mayor","description":"Ruas: 034 | MANGUN JAYA - BTS. KAB. MURA | Sta: 11+017 - 11+125 | Tipe: Rehab Mayor | Panjang: 108 m","styleUrl":"#lineStyle15","stroke-opacity":1,"stroke":"#ffff00","stroke-width":4}},{"type":"Feature","geometry":{"type":"Point","coordinates":[103.48620401,-2.72384704,0]},"properties":{"name":"12+000","description":"Ruas 034 | MANGUN JAYA - BTS. KAB. MURA","styleUrl":"#pointStyle","icon-scale":1.1}},{"type":"Feature","geometry":{"type":"Point","coordinates":[103.48574703,-2.72464198,0]},"properties":{"name":"12+100","description":"Ruas 034 | MANGUN JAYA - BTS. KAB. MURA","styleUrl":"#pointStyle","icon-scale":1.1}},{"type":"Feature","geometry":{"type":"LineString","coordinates":[[103.4863603,-2.72366086,0],[103.4858485,-2.72440106,0]]},"properties":{"name":"Rehab Minor","description":"Ruas: 034 | MANGUN JAYA - BTS. KAB. MURA | Sta: 12+000 - 12+100 | Tipe: Rehab Minor | Panjang: 100 m","styleUrl":"#lineStyle16","stroke-opacity":1,"stroke":"#00ff00","stroke-width":4}},{"type":"Feature","geometry":{"type":"Point","coordinates":[103.482578,-2.733135,0]},"properties":{"name":"13+114","description":"Ruas 034 | MANGUN JAYA - BTS. KAB. MURA","styleUrl":"#pointStyle","icon-scale":1.1}},{"type":"Feature","geometry":{"type":"Point","coordinates":[103.48161,-2.733768,0]},"properties":{"name":"13+243","description":"Ruas 034 | MANGUN JAYA - BTS. KAB. MURA","styleUrl":"#pointStyle","icon-scale":1.1}},{"type":"Feature","geometry":{"type":"LineString","coordinates":[[103.4828786,-2.73285101,0],[103.4821343,-2.73335585,0],[103.481397,-2.73387258,0]]},"properties":{"name":"Rehab Minor","description":"Ruas: 034 | MANGUN JAYA - BTS. KAB. MURA | Sta: 13+114 - 13+243 | Tipe: Rehab Minor | Panjang: 129 m","styleUrl":"#lineStyle17","stroke-opacity":1,"stroke":"#00ff00","stroke-width":4}},{"type":"Feature","geometry":{"type":"Point","coordinates":[103.46971798,-2.732699,0]},"properties":{"name":"14+625","description":"Ruas 034 | MANGUN JAYA - BTS. KAB. MURA","styleUrl":"#pointStyle","icon-scale":1.1}},{"type":"Feature","geometry":{"type":"Point","coordinates":[103.46785996,-2.73073998,0]},"properties":{"name":"14+925","description":"Ruas 034 | MANGUN JAYA - BTS. KAB. MURA","styleUrl":"#pointStyle","icon-scale":1.1}},{"type":"Feature","geometry":{"type":"LineString","coordinates":[[103.4694132,-2.73243492,0],[103.4687655,-2.73180765,0],[103.4681695,-2.73113245,0],[103.4676269,-2.7304117,0]]},"properties":{"name":"Rehab Mayor","description":"Ruas: 034 | MANGUN JAYA - BTS. KAB. MURA | Sta: 14+625 - 14+925 | Tipe: Rehab Mayor | Panjang: 300 m","styleUrl":"#lineStyle18","stroke-opacity":1,"stroke":"#ffff00","stroke-width":4}},{"type":"Feature","geometry":{"type":"Point","coordinates":[103.45950999,-2.72597797,0]},"properties":{"name":"16+270","description":"Ruas 034 | MANGUN JAYA - BTS. KAB. MURA","styleUrl":"#pointStyle","icon-scale":1.1}},{"type":"Feature","geometry":{"type":"Point","coordinates":[103.45912602,-2.72653202,0]},"properties":{"name":"16+345","description":"Ruas 034 | MANGUN JAYA - BTS. KAB. MURA","styleUrl":"#pointStyle","icon-scale":1.1}},{"type":"Feature","geometry":{"type":"LineString","coordinates":[[103.4595303,-2.72594484,0],[103.4590187,-2.72668842,0]]},"properties":{"name":"Rehab Mayor","description":"Ruas: 034 | MANGUN JAYA - BTS. KAB. MURA | Sta: 16+270 - 16+345 | Tipe: Rehab Mayor | Panjang: 75 m","styleUrl":"#lineStyle19","stroke-opacity":1,"stroke":"#ffff00","stroke-width":4}},{"type":"Feature","geometry":{"type":"Point","coordinates":[103.45912602,-2.72653202,0]},"properties":{"name":"16+345","description":"Ruas 034 | MANGUN JAYA - BTS. KAB. MURA","styleUrl":"#pointStyle","icon-scale":1.1}},{"type":"Feature","geometry":{"type":"Point","coordinates":[103.45881304,-2.72692597,0]},"properties":{"name":"16+400","description":"Ruas 034 | MANGUN JAYA - BTS. KAB. MURA","styleUrl":"#pointStyle","icon-scale":1.1}},{"type":"Feature","geometry":{"type":"LineString","coordinates":[[103.45912602,-2.72653202,0],[103.45881304,-2.72692597,0]]},"properties":{"name":"Rekonstruksi","description":"Ruas: 034 | MANGUN JAYA - BTS. KAB. MURA | Sta: 16+345 - 16+400 | Tipe: Rekonstruksi | Panjang: 55 m","styleUrl":"#lineStyle20","stroke-opacity":1,"stroke":"#ff0000","stroke-width":4}},{"type":"Feature","geometry":{"type":"Point","coordinates":[103.45881304,-2.72692597,0]},"properties":{"name":"16+400","description":"Ruas 034 | MANGUN JAYA - BTS. KAB. MURA","styleUrl":"#pointStyle","icon-scale":1.1}},{"type":"Feature","geometry":{"type":"Point","coordinates":[103.45829998,-2.72751999,0]},"properties":{"name":"16+489","description":"Ruas 034 | MANGUN JAYA - BTS. KAB. MURA","styleUrl":"#pointStyle","icon-scale":1.1}},{"type":"Feature","geometry":{"type":"LineString","coordinates":[[103.4590187,-2.72668842,0],[103.4584368,-2.7273777,0]]},"properties":{"name":"Rehab Minor","description":"Ruas: 034 | MANGUN JAYA - BTS. KAB. MURA | Sta: 16+400 - 16+489 | Tipe: Rehab Minor | Panjang: 89 m","styleUrl":"#lineStyle21","stroke-opacity":1,"stroke":"#00ff00","stroke-width":4}},{"type":"Feature","geometry":{"type":"Point","coordinates":[103.45715904,-2.72836497,0]},"properties":{"name":"16+650","description":"Ruas 034 | MANGUN JAYA - BTS. KAB. MURA","styleUrl":"#pointStyle","icon-scale":1.1}},{"type":"Feature","geometry":{"type":"Point","coordinates":[103.45658,-2.72873,0]},"properties":{"name":"16+720","description":"Ruas 034 | MANGUN JAYA - BTS. KAB. MURA","styleUrl":"#pointStyle","icon-scale":1.1}},{"type":"Feature","geometry":{"type":"LineString","coordinates":[[103.4570188,-2.72844701,0],[103.4562146,-2.72885191,0]]},"properties":{"name":"Rehab Mayor","description":"Ruas: 034 | MANGUN JAYA - BTS. KAB. MURA | Sta: 16+650 - 16+720 | Tipe: Rehab Mayor | Panjang: 70 m","styleUrl":"#lineStyle22","stroke-opacity":1,"stroke":"#ffff00","stroke-width":4}},{"type":"Feature","geometry":{"type":"Point","coordinates":[103.45658,-2.72873,0]},"properties":{"name":"16+720","description":"Ruas 034 | MANGUN JAYA - BTS. KAB. MURA","styleUrl":"#pointStyle","icon-scale":1.1}},{"type":"Feature","geometry":{"type":"Point","coordinates":[103.455886,-2.729086,0]},"properties":{"name":"16+812","description":"Ruas 034 | MANGUN JAYA - BTS. KAB. MURA","styleUrl":"#pointStyle","icon-scale":1.1}},{"type":"Feature","geometry":{"type":"LineString","coordinates":[[103.45658,-2.72873,0],[103.455886,-2.729086,0]]},"properties":{"name":"Rehab Minor","description":"Ruas: 034 | MANGUN JAYA - BTS. KAB. MURA | Sta: 16+720 - 16+812 | Tipe: Rehab Minor | Panjang: 92 m","styleUrl":"#lineStyle23","stroke-opacity":1,"stroke":"#00ff00","stroke-width":4}},{"type":"Feature","geometry":{"type":"Point","coordinates":[103.455886,-2.729086,0]},"properties":{"name":"16+812","description":"Ruas 034 | MANGUN JAYA - BTS. KAB. MURA","styleUrl":"#pointStyle","icon-scale":1.1}},{"type":"Feature","geometry":{"type":"Point","coordinates":[103.45415404,-2.72973298,0]},"properties":{"name":"17+042","description":"Ruas 034 | MANGUN JAYA - BTS. KAB. MURA","styleUrl":"#pointStyle","icon-scale":1.1}},{"type":"Feature","geometry":{"type":"LineString","coordinates":[[103.4562146,-2.72885191,0],[103.4554964,-2.72938301,0],[103.4548094,-2.7299216,0],[103.4539539,-2.72967754,0]]},"properties":{"name":"Rehab Mayor","description":"Ruas: 034 | MANGUN JAYA - BTS. KAB. MURA | Sta: 16+812 - 17+042 | Tipe: Rehab Mayor | Panjang: 230 m","styleUrl":"#lineStyle24","stroke-opacity":1,"stroke":"#ffff00","stroke-width":4}},{"type":"Feature","geometry":{"type":"Point","coordinates":[103.43633202,-2.72409196,0]},"properties":{"name":"19+275","description":"Ruas 034 | MANGUN JAYA - BTS. KAB. MURA","styleUrl":"#pointStyle","icon-scale":1.1}},{"type":"Feature","geometry":{"type":"Point","coordinates":[103.43535402,-2.72408299,0]},"properties":{"name":"19+382","description":"Ruas 034 | MANGUN JAYA - BTS. KAB. MURA","styleUrl":"#pointStyle","icon-scale":1.1}},{"type":"Feature","geometry":{"type":"LineString","coordinates":[[103.4359994,-2.72411783,0],[103.4351148,-2.7240051,0]]},"properties":{"name":"Rekonstruksi","description":"Ruas: 034 | MANGUN JAYA - BTS. KAB. MURA | Sta: 19+275 - 19+382 | Tipe: Rekonstruksi | Panjang: 107 m","styleUrl":"#lineStyle25","stroke-opacity":1,"stroke":"#ff0000","stroke-width":4}},{"type":"Feature","geometry":{"type":"Point","coordinates":[103.43535402,-2.72408299,0]},"properties":{"name":"19+382","description":"Ruas 034 | MANGUN JAYA - BTS. KAB. MURA","styleUrl":"#pointStyle","icon-scale":1.1}},{"type":"Feature","geometry":{"type":"Point","coordinates":[103.43367001,-2.72352098,0]},"properties":{"name":"19+581","description":"Ruas 034 | MANGUN JAYA - BTS. KAB. MURA","styleUrl":"#pointStyle","icon-scale":1.1}},{"type":"Feature","geometry":{"type":"LineString","coordinates":[[103.4351148,-2.7240051,0],[103.4342531,-2.72374613,0],[103.4334102,-2.72343548,0]]},"properties":{"name":"Rehab Minor","description":"Ruas: 034 | MANGUN JAYA - BTS. KAB. MURA | Sta: 19+382 - 19+581 | Tipe: Rehab Minor | Panjang: 199 m","styleUrl":"#lineStyle26","stroke-opacity":1,"stroke":"#00ff00","stroke-width":4}},{"type":"Feature","geometry":{"type":"Point","coordinates":[103.433093,-2.723377,0]},"properties":{"name":"19+650","description":"Ruas 034 | MANGUN JAYA - BTS. KAB. MURA","styleUrl":"#pointStyle","icon-scale":1.1}},{"type":"Feature","geometry":{"type":"Point","coordinates":[103.431528,-2.72307,0]},"properties":{"name":"19+825","description":"Ruas 034 | MANGUN JAYA - BTS. KAB. MURA","styleUrl":"#pointStyle","icon-scale":1.1}},{"type":"Feature","geometry":{"type":"LineString","coordinates":[[103.4334102,-2.72343548,0],[103.4325318,-2.7232424,0],[103.431651,-2.72305992,0]]},"properties":{"name":"Rehab Minor","description":"Ruas: 034 | MANGUN JAYA - BTS. KAB. MURA | Sta: 19+650 - 19+825 | Tipe: Rehab Minor | Panjang: 175 m","styleUrl":"#lineStyle27","stroke-opacity":1,"stroke":"#00ff00","stroke-width":4}},{"type":"Feature","geometry":{"type":"Point","coordinates":[103.426142,-2.721624,0]},"properties":{"name":"20+457","description":"Ruas 034 | MANGUN JAYA - BTS. KAB. MURA","styleUrl":"#pointStyle","icon-scale":1.1}},{"type":"Feature","geometry":{"type":"Point","coordinates":[103.425215,-2.72117,0]},"properties":{"name":"20+564","description":"Ruas 034 | MANGUN JAYA - BTS. KAB. MURA","styleUrl":"#pointStyle","icon-scale":1.1}},{"type":"Feature","geometry":{"type":"LineString","coordinates":[[103.4264637,-2.7217319,0],[103.4256462,-2.72135639,0],[103.424835,-2.7209671,0]]},"properties":{"name":"Rehab Mayor","description":"Ruas: 034 | MANGUN JAYA - BTS. KAB. MURA | Sta: 20+457 - 20+564 | Tipe: Rehab Mayor | Panjang: 107 m","styleUrl":"#lineStyle28","stroke-opacity":1,"stroke":"#ffff00","stroke-width":4}},{"type":"Feature","geometry":{"type":"Point","coordinates":[103.418094,-2.724529,0]},"properties":{"name":"21+540","description":"Ruas 034 | MANGUN JAYA - BTS. KAB. MURA","styleUrl":"#pointStyle","icon-scale":1.1}},{"type":"Feature","geometry":{"type":"Point","coordinates":[103.417912,-2.725367,0]},"properties":{"name":"21+635","description":"Ruas 034 | MANGUN JAYA - BTS. KAB. MURA","styleUrl":"#pointStyle","icon-scale":1.1}},{"type":"Feature","geometry":{"type":"LineString","coordinates":[[103.4181223,-2.72426681,0],[103.4179284,-2.72514977,0]]},"properties":{"name":"Rehab Mayor","description":"Ruas: 034 | MANGUN JAYA - BTS. KAB. MURA | Sta: 21+540 - 21+635 | Tipe: Rehab Mayor | Panjang: 95 m","styleUrl":"#lineStyle29","stroke-opacity":1,"stroke":"#ffff00","stroke-width":4}},{"type":"Feature","geometry":{"type":"Point","coordinates":[103.41564104,-2.73233003,0]},"properties":{"name":"22+462","description":"Ruas 034 | MANGUN JAYA - BTS. KAB. MURA","styleUrl":"#pointStyle","icon-scale":1.1}},{"type":"Feature","geometry":{"type":"Point","coordinates":[103.41545496,-2.73313704,0]},"properties":{"name":"22+562","description":"Ruas 034 | MANGUN JAYA - BTS. KAB. MURA","styleUrl":"#pointStyle","icon-scale":1.1}},{"type":"Feature","geometry":{"type":"LineString","coordinates":[[103.41564104,-2.73233003,0],[103.41545496,-2.73313704,0]]},"properties":{"name":"Rehab Minor","description":"Ruas: 034 | MANGUN JAYA - BTS. KAB. MURA | Sta: 22+462 - 22+562 | Tipe: Rehab Minor | Panjang: 100 m","styleUrl":"#lineStyle30","stroke-opacity":1,"stroke":"#00ff00","stroke-width":4}},{"type":"Feature","geometry":{"type":"Point","coordinates":[103.41764499,-2.73578396,0]},"properties":{"name":"22+980","description":"Ruas 034 | MANGUN JAYA - BTS. KAB. MURA","styleUrl":"#pointStyle","icon-scale":1.1}},{"type":"Feature","geometry":{"type":"Point","coordinates":[103.41839701,-2.73621202,0]},"properties":{"name":"23+077","description":"Ruas 034 | MANGUN JAYA - BTS. KAB. MURA","styleUrl":"#pointStyle","icon-scale":1.1}},{"type":"Feature","geometry":{"type":"LineString","coordinates":[[103.4178,-2.73594246,0],[103.4186015,-2.73634945,0]]},"properties":{"name":"Rehab Mayor","description":"Ruas: 034 | MANGUN JAYA - BTS. KAB. MURA | Sta: 22+980 - 23+077 | Tipe: Rehab Mayor | Panjang: 97 m","styleUrl":"#lineStyle31","stroke-opacity":1,"stroke":"#ffff00","stroke-width":4}},{"type":"Feature","geometry":{"type":"Point","coordinates":[103.41839701,-2.73621202,0]},"properties":{"name":"23+077","description":"Ruas 034 | MANGUN JAYA - BTS. KAB. MURA","styleUrl":"#pointStyle","icon-scale":1.1}},{"type":"Feature","geometry":{"type":"Point","coordinates":[103.41929404,-2.73663598,0]},"properties":{"name":"23+185","description":"Ruas 034 | MANGUN JAYA - BTS. KAB. MURA","styleUrl":"#pointStyle","icon-scale":1.1}},{"type":"Feature","geometry":{"type":"LineString","coordinates":[[103.4186015,-2.73634945,0],[103.4194038,-2.73675596,0]]},"properties":{"name":"Rehab Minor","description":"Ruas: 034 | MANGUN JAYA - BTS. KAB. MURA | Sta: 23+077 - 23+185 | Tipe: Rehab Minor | Panjang: 108 m","styleUrl":"#lineStyle32","stroke-opacity":1,"stroke":"#00ff00","stroke-width":4}},{"type":"Feature","geometry":{"type":"Point","coordinates":[103.41929404,-2.73663598,0]},"properties":{"name":"23+185","description":"Ruas 034 | MANGUN JAYA - BTS. KAB. MURA","styleUrl":"#pointStyle","icon-scale":1.1}},{"type":"Feature","geometry":{"type":"Point","coordinates":[103.42068703,-2.73750803,0]},"properties":{"name":"23+368","description":"Ruas 034 | MANGUN JAYA - BTS. KAB. MURA","styleUrl":"#pointStyle","icon-scale":1.1}},{"type":"Feature","geometry":{"type":"LineString","coordinates":[[103.4194038,-2.73675596,0],[103.4201727,-2.73722487,0],[103.4209254,-2.7377192,0]]},"properties":{"name":"Rekonstruksi","description":"Ruas: 034 | MANGUN JAYA - BTS. KAB. MURA | Sta: 23+185 - 23+368 | Tipe: Rekonstruksi | Panjang: 183 m","styleUrl":"#lineStyle33","stroke-opacity":1,"stroke":"#ff0000","stroke-width":4}},{"type":"Feature","geometry":{"type":"Point","coordinates":[103.42167299,-2.73829199,0]},"properties":{"name":"23+508","description":"Ruas 034 | MANGUN JAYA - BTS. KAB. MURA","styleUrl":"#pointStyle","icon-scale":1.1}},{"type":"Feature","geometry":{"type":"Point","coordinates":[103.42238504,-2.73949899,0]},"properties":{"name":"23+662","description":"Ruas 034 | MANGUN JAYA - BTS. KAB. MURA","styleUrl":"#pointStyle","icon-scale":1.1}},{"type":"Feature","geometry":{"type":"LineString","coordinates":[[103.4216175,-2.738287,0],[103.422091,-2.73905537,0],[103.4225581,-2.73982778,0]]},"properties":{"name":"Rekonstruksi","description":"Ruas: 034 | MANGUN JAYA - BTS. KAB. MURA | Sta: 23+508 - 23+662 | Tipe: Rekonstruksi | Panjang: 154 m","styleUrl":"#lineStyle34","stroke-opacity":1,"stroke":"#ff0000","stroke-width":4}},{"type":"Feature","geometry":{"type":"Point","coordinates":[103.42238504,-2.73949899,0]},"properties":{"name":"23+662","description":"Ruas 034 | MANGUN JAYA - BTS. KAB. MURA","styleUrl":"#pointStyle","icon-scale":1.1}},{"type":"Feature","geometry":{"type":"Point","coordinates":[103.42327,-2.74095,0]},"properties":{"name":"23+850","description":"Ruas 034 | MANGUN JAYA - BTS. KAB. MURA","styleUrl":"#pointStyle","icon-scale":1.1}},{"type":"Feature","geometry":{"type":"LineString","coordinates":[[103.4225581,-2.73982778,0],[103.4230298,-2.74059769,0]]},"properties":{"name":"Rehab Minor","description":"Ruas: 034 | MANGUN JAYA - BTS. KAB. MURA | Sta: 23+662 - 23+850 | Tipe: Rehab Minor | Panjang: 188 m","styleUrl":"#lineStyle35","stroke-opacity":1,"stroke":"#00ff00","stroke-width":4}},{"type":"Feature","geometry":{"type":"Point","coordinates":[103.42327,-2.74095,0]},"properties":{"name":"23+850","description":"Ruas 034 | MANGUN JAYA - BTS. KAB. MURA","styleUrl":"#pointStyle","icon-scale":1.1}},{"type":"Feature","geometry":{"type":"Point","coordinates":[103.42339899,-2.74136396,0]},"properties":{"name":"23+896","description":"Ruas 034 | MANGUN JAYA - BTS. KAB. MURA","styleUrl":"#pointStyle","icon-scale":1.1}},{"type":"Feature","geometry":{"type":"LineString","coordinates":[[103.4230298,-2.74059769,0],[103.4233895,-2.74142183,0]]},"properties":{"name":"Rehab Mayor","description":"Ruas: 034 | MANGUN JAYA - BTS. KAB. MURA | Sta: 23+850 - 23+896 | Tipe: Rehab Mayor | Panjang: 46 m","styleUrl":"#lineStyle36","stroke-opacity":1,"stroke":"#ffff00","stroke-width":4}},{"type":"Feature","geometry":{"type":"Point","coordinates":[103.423526,-2.7472,0]},"properties":{"name":"24+541","description":"Ruas 034 | MANGUN JAYA - BTS. KAB. MURA","styleUrl":"#pointStyle","icon-scale":1.1}},{"type":"Feature","geometry":{"type":"Point","coordinates":[103.423423,-2.748188,0]},"properties":{"name":"24+652","description":"Ruas 034 | MANGUN JAYA - BTS. KAB. MURA","styleUrl":"#pointStyle","icon-scale":1.1}},{"type":"Feature","geometry":{"type":"LineString","coordinates":[[103.4236127,-2.74679848,0],[103.4233886,-2.74767257,0],[103.423465,-2.74857066,0]]},"properties":{"name":"Rehab Minor","description":"Ruas: 034 | MANGUN JAYA - BTS. KAB. MURA | Sta: 24+541 - 24+652 | Tipe: Rehab Minor | Panjang: 111 m","styleUrl":"#lineStyle37","stroke-opacity":1,"stroke":"#00ff00","stroke-width":4}},{"type":"Feature","geometry":{"type":"Point","coordinates":[103.42333,-2.75131,0]},"properties":{"name":"25+000","description":"Ruas 034 | MANGUN JAYA - BTS. KAB. MURA","styleUrl":"#pointStyle","icon-scale":1.1}},{"type":"Feature","geometry":{"type":"Point","coordinates":[103.42312,-2.75198,0]},"properties":{"name":"25+076","description":"Ruas 034 | MANGUN JAYA - BTS. KAB. MURA","styleUrl":"#pointStyle","icon-scale":1.1}},{"type":"Feature","geometry":{"type":"LineString","coordinates":[[103.4233154,-2.75125937,0],[103.4230554,-2.75212422,0]]},"properties":{"name":"Rehab Minor","description":"Ruas: 034 | MANGUN JAYA - BTS. KAB. MURA | Sta: 25+000 - 25+076 | Tipe: Rehab Minor | Panjang: 76 m","styleUrl":"#lineStyle38","stroke-opacity":1,"stroke":"#00ff00","stroke-width":4}},{"type":"Feature","geometry":{"type":"Point","coordinates":[103.41940183,-2.76020204,0]},"properties":{"name":"26+081","description":"Ruas 034 | MANGUN JAYA - BTS. KAB. MURA","styleUrl":"#pointStyle","icon-scale":1.1}},{"type":"Feature","geometry":{"type":"Point","coordinates":[103.41741599,-2.76295097,0]},"properties":{"name":"26+459","description":"Ruas 034 | MANGUN JAYA - BTS. KAB. MURA","styleUrl":"#pointStyle","icon-scale":1.1}},{"type":"Feature","geometry":{"type":"LineString","coordinates":[[103.4193538,-2.76025251,0],[103.4188693,-2.7610144,0],[103.4184049,-2.76178882,0],[103.4178938,-2.76252991,0],[103.4171986,-2.76310254,0]]},"properties":{"name":"Rekonstruksi","description":"Ruas: 034 | MANGUN JAYA - BTS. KAB. MURA | Sta: 26+081 - 26+459 | Tipe: Rekonstruksi | Panjang: 378 m","styleUrl":"#lineStyle39","stroke-opacity":1,"stroke":"#ff0000","stroke-width":4}},{"type":"Feature","geometry":{"type":"Point","coordinates":[103.41741599,-2.76295097,0]},"properties":{"name":"26+459","description":"Ruas 034 | MANGUN JAYA - BTS. KAB. MURA","styleUrl":"#pointStyle","icon-scale":1.1}},{"type":"Feature","geometry":{"type":"Point","coordinates":[103.415775,-2.763995,0]},"properties":{"name":"26+675","description":"Ruas 034 | MANGUN JAYA - BTS. KAB. MURA","styleUrl":"#pointStyle","icon-scale":1.1}},{"type":"Feature","geometry":{"type":"LineString","coordinates":[[103.4171986,-2.76310254,0],[103.4164799,-2.76364414,0],[103.4156629,-2.76401858,0]]},"properties":{"name":"Rehab Mayor","description":"Ruas: 034 | MANGUN JAYA - BTS. KAB. MURA | Sta: 26+459 - 26+675 | Tipe: Rehab Mayor | Panjang: 216 m","styleUrl":"#lineStyle40","stroke-opacity":1,"stroke":"#ffff00","stroke-width":4}},{"type":"Feature","geometry":{"type":"Point","coordinates":[103.413018,-2.764837,0]},"properties":{"name":"26+995","description":"Ruas 034 | MANGUN JAYA - BTS. KAB. MURA","styleUrl":"#pointStyle","icon-scale":1.1}},{"type":"Feature","geometry":{"type":"Point","coordinates":[103.411842,-2.765081,0]},"properties":{"name":"27+130","description":"Ruas 034 | MANGUN JAYA - BTS. KAB. MURA","styleUrl":"#pointStyle","icon-scale":1.1}},{"type":"Feature","geometry":{"type":"LineString","coordinates":[[103.4130997,-2.76483968,0],[103.4122161,-2.76500723,0]]},"properties":{"name":"Rehab Minor","description":"Ruas: 034 | MANGUN JAYA - BTS. KAB. MURA | Sta: 26+995 - 27+130 | Tipe: Rehab Minor | Panjang: 135 m","styleUrl":"#lineStyle41","stroke-opacity":1,"stroke":"#00ff00","stroke-width":4}},{"type":"Feature","geometry":{"type":"Point","coordinates":[103.41022901,-2.76526202,0]},"properties":{"name":"27+308","description":"Ruas 034 | MANGUN JAYA - BTS. KAB. MURA","styleUrl":"#pointStyle","icon-scale":1.1}},{"type":"Feature","geometry":{"type":"Point","coordinates":[103.40804804,-2.764352,0]},"properties":{"name":"27+577","description":"Ruas 034 | MANGUN JAYA - BTS. KAB. MURA","styleUrl":"#pointStyle","icon-scale":1.1}},{"type":"Feature","geometry":{"type":"LineString","coordinates":[[103.4104377,-2.76523788,0],[103.4095392,-2.76520139,0],[103.4087195,-2.76486243,0],[103.4080376,-2.76427369,0]]},"properties":{"name":"Rehab Mayor","description":"Ruas: 034 | MANGUN JAYA - BTS. KAB. MURA | Sta: 27+308 - 27+577 | Tipe: Rehab Mayor | Panjang: 269 m","styleUrl":"#lineStyle42","stroke-opacity":1,"stroke":"#ffff00","stroke-width":4}},{"type":"Feature","geometry":{"type":"Point","coordinates":[103.401094,-2.757449,0]},"properties":{"name":"28+700","description":"Ruas 034 | MANGUN JAYA - BTS. KAB. MURA","styleUrl":"#pointStyle","icon-scale":1.1}},{"type":"Feature","geometry":{"type":"Point","coordinates":[103.39895602,-2.75600304,0]},"properties":{"name":"28+991","description":"Ruas 034 | MANGUN JAYA - BTS. KAB. MURA","styleUrl":"#pointStyle","icon-scale":1.1}},{"type":"Feature","geometry":{"type":"LineString","coordinates":[[103.4012244,-2.75755291,0],[103.4006214,-2.75688376,0],[103.3998741,-2.75638197,0],[103.399067,-2.75599152,0]]},"properties":{"name":"Rehab Mayor","description":"Ruas: 034 | MANGUN JAYA - BTS. KAB. MURA | Sta: 28+700 - 28+991 | Tipe: Rehab Mayor | Panjang: 291 m","styleUrl":"#lineStyle43","stroke-opacity":1,"stroke":"#ffff00","stroke-width":4}},{"type":"Feature","geometry":{"type":"Point","coordinates":[103.39140099,-2.75715102,0]},"properties":{"name":"29+820","description":"Ruas 034 | MANGUN JAYA - BTS. KAB. MURA","styleUrl":"#pointStyle","icon-scale":1.1}},{"type":"Feature","geometry":{"type":"Point","coordinates":[103.39088199,-2.75795602,0]},"properties":{"name":"29+955","description":"Ruas 034 | MANGUN JAYA - BTS. KAB. MURA","styleUrl":"#pointStyle","icon-scale":1.1}},{"type":"Feature","geometry":{"type":"LineString","coordinates":[[103.3912481,-2.75725849,0],[103.3908182,-2.75804523,0]]},"properties":{"name":"Rehab Minor","description":"Ruas: 034 | MANGUN JAYA - BTS. KAB. MURA | Sta: 29+820 - 29+955 | Tipe: Rehab Minor | Panjang: 135 m","styleUrl":"#lineStyle44","stroke-opacity":1,"stroke":"#00ff00","stroke-width":4}},{"type":"Feature","geometry":{"type":"Point","coordinates":[103.394214,-2.765778,0]},"properties":{"name":"30+938","description":"Ruas 034 | MANGUN JAYA - BTS. KAB. MURA","styleUrl":"#pointStyle","icon-scale":1.1}},{"type":"Feature","geometry":{"type":"Point","coordinates":[103.394964,-2.767567,0]},"properties":{"name":"31+134","description":"Ruas 034 | MANGUN JAYA - BTS. KAB. MURA","styleUrl":"#pointStyle","icon-scale":1.1}},{"type":"Feature","geometry":{"type":"LineString","coordinates":[[103.3943433,-2.76614398,0],[103.3947319,-2.76695942,0],[103.3950625,-2.76780033,0]]},"properties":{"name":"Rehab Minor","description":"Ruas: 034 | MANGUN JAYA - BTS. KAB. MURA | Sta: 30+938 - 31+134 | Tipe: Rehab Minor | Panjang: 196 m","styleUrl":"#lineStyle45","stroke-opacity":1,"stroke":"#00ff00","stroke-width":4}},{"type":"Feature","geometry":{"type":"Point","coordinates":[103.39533898,-2.768393,0]},"properties":{"name":"31+235","description":"Ruas 034 | MANGUN JAYA - BTS. KAB. MURA","styleUrl":"#pointStyle","icon-scale":1.1}},{"type":"Feature","geometry":{"type":"Point","coordinates":[103.39547896,-2.76877899,0]},"properties":{"name":"31+285","description":"Ruas 034 | MANGUN JAYA - BTS. KAB. MURA","styleUrl":"#pointStyle","icon-scale":1.1}},{"type":"Feature","geometry":{"type":"LineString","coordinates":[[103.39533898,-2.768393,0],[103.39547896,-2.76877899,0]]},"properties":{"name":"Rekonstruksi","description":"Ruas: 034 | MANGUN JAYA - BTS. KAB. MURA | Sta: 31+235 - 31+285 | Tipe: Rekonstruksi | Panjang: 50 m","styleUrl":"#lineStyle46","stroke-opacity":1,"stroke":"#ff0000","stroke-width":4}},{"type":"Feature","geometry":{"type":"Point","coordinates":[103.39999898,-2.77865597,0]},"properties":{"name":"32+555","description":"Ruas 034 | MANGUN JAYA - BTS. KAB. MURA","styleUrl":"#pointStyle","icon-scale":1.1}},{"type":"Feature","geometry":{"type":"Point","coordinates":[103.39972397,-2.77886502,0]},"properties":{"name":"32+595","description":"Ruas 034 | MANGUN JAYA - BTS. KAB. MURA","styleUrl":"#pointStyle","icon-scale":1.1}},{"type":"Feature","geometry":{"type":"LineString","coordinates":[[103.39999898,-2.77865597,0],[103.39972397,-2.77886502,0]]},"properties":{"name":"Rekonstruksi","description":"Ruas: 034 | MANGUN JAYA - BTS. KAB. MURA | Sta: 32+555 - 32+595 | Tipe: Rekonstruksi | Panjang: 40 m","styleUrl":"#lineStyle47","stroke-opacity":1,"stroke":"#ff0000","stroke-width":4}},{"type":"Feature","geometry":{"type":"Point","coordinates":[103.39972397,-2.77886502,0]},"properties":{"name":"32+595","description":"Ruas 034 | MANGUN JAYA - BTS. KAB. MURA","styleUrl":"#pointStyle","icon-scale":1.1}},{"type":"Feature","geometry":{"type":"Point","coordinates":[103.399019,-2.779837,0]},"properties":{"name":"32+733","description":"Ruas 034 | MANGUN JAYA - BTS. KAB. MURA","styleUrl":"#pointStyle","icon-scale":1.1}},{"type":"Feature","geometry":{"type":"LineString","coordinates":[[103.3999568,-2.77862419,0],[103.3993112,-2.77922549,0],[103.3988768,-2.78001675,0]]},"properties":{"name":"Rehab Minor","description":"Ruas: 034 | MANGUN JAYA - BTS. KAB. MURA | Sta: 32+595 - 32+733 | Tipe: Rehab Minor | Panjang: 138 m","styleUrl":"#lineStyle48","stroke-opacity":1,"stroke":"#00ff00","stroke-width":4}},{"type":"Feature","geometry":{"type":"Point","coordinates":[103.39557803,-2.78288799,0]},"properties":{"name":"33+258","description":"Ruas 034 | MANGUN JAYA - BTS. KAB. MURA","styleUrl":"#pointStyle","icon-scale":1.1}},{"type":"Feature","geometry":{"type":"Point","coordinates":[103.39409502,-2.78408904,0]},"properties":{"name":"33+375","description":"Ruas 034 | MANGUN JAYA - BTS. KAB. MURA","styleUrl":"#pointStyle","icon-scale":1.1}},{"type":"Feature","geometry":{"type":"LineString","coordinates":[[103.395612,-2.78288887,0],[103.3948698,-2.7833972,0],[103.3942045,-2.78400515,0]]},"properties":{"name":"Rekonstruksi","description":"Ruas: 034 | MANGUN JAYA - BTS. KAB. MURA | Sta: 33+258 - 33+375 | Tipe: Rekonstruksi | Panjang: 117 m","styleUrl":"#lineStyle49","stroke-opacity":1,"stroke":"#ff0000","stroke-width":4}},{"type":"Feature","geometry":{"type":"Point","coordinates":[103.383003,-2.79085197,0]},"properties":{"name":"34+914","description":"Ruas 034 | MANGUN JAYA - BTS. KAB. MURA","styleUrl":"#pointStyle","icon-scale":1.1}},{"type":"Feature","geometry":{"type":"Point","coordinates":[103.38192701,-2.79122002,0]},"properties":{"name":"35+040","description":"Ruas 034 | MANGUN JAYA - BTS. KAB. MURA","styleUrl":"#pointStyle","icon-scale":1.1}},{"type":"Feature","geometry":{"type":"LineString","coordinates":[[103.3827323,-2.79091541,0],[103.3818833,-2.79121375,0]]},"properties":{"name":"Rekonstruksi","description":"Ruas: 034 | MANGUN JAYA - BTS. KAB. MURA | Sta: 34+914 - 35+040 | Tipe: Rekonstruksi | Panjang: 126 m","styleUrl":"#lineStyle50","stroke-opacity":1,"stroke":"#ff0000","stroke-width":4}},{"type":"Feature","geometry":{"type":"Point","coordinates":[103.37422002,-2.79303303,0]},"properties":{"name":"35+921","description":"Ruas 034 | MANGUN JAYA - BTS. KAB. MURA","styleUrl":"#pointStyle","icon-scale":1.1}},{"type":"Feature","geometry":{"type":"Point","coordinates":[103.37383999,-2.79313101,0]},"properties":{"name":"35+966","description":"Ruas 034 | MANGUN JAYA - BTS. KAB. MURA","styleUrl":"#pointStyle","icon-scale":1.1}},{"type":"Feature","geometry":{"type":"LineString","coordinates":[[103.37422002,-2.79303303,0],[103.37383999,-2.79313101,0]]},"properties":{"name":"Rehab Mayor","description":"Ruas: 034 | MANGUN JAYA - BTS. KAB. MURA | Sta: 35+921 - 35+966 | Tipe: Rehab Mayor | Panjang: 45 m","styleUrl":"#lineStyle51","stroke-opacity":1,"stroke":"#ffff00","stroke-width":4}},{"type":"Feature","geometry":{"type":"Point","coordinates":[103.35200999,-2.81195903,0]},"properties":{"name":"39+308","description":"Ruas 034 | MANGUN JAYA - BTS. KAB. MURA","styleUrl":"#pointStyle","icon-scale":1.1}},{"type":"Feature","geometry":{"type":"Point","coordinates":[103.35126702,-2.81238802,0]},"properties":{"name":"39+403","description":"Ruas 034 | MANGUN JAYA - BTS. KAB. MURA","styleUrl":"#pointStyle","icon-scale":1.1}},{"type":"Feature","geometry":{"type":"LineString","coordinates":[[103.3516674,-2.81214041,0],[103.3508607,-2.81253931,0]]},"properties":{"name":"Rehab Mayor","description":"Ruas: 034 | MANGUN JAYA - BTS. KAB. MURA | Sta: 39+308 - 39+403 | Tipe: Rehab Mayor | Panjang: 95 m","styleUrl":"#lineStyle52","stroke-opacity":1,"stroke":"#ffff00","stroke-width":4}},{"type":"Feature","geometry":{"type":"Point","coordinates":[103.35126702,-2.81238802,0]},"properties":{"name":"39+403","description":"Ruas 034 | MANGUN JAYA - BTS. KAB. MURA","styleUrl":"#pointStyle","icon-scale":1.1}},{"type":"Feature","geometry":{"type":"Point","coordinates":[103.35098304,-2.81252598,0]},"properties":{"name":"39+437","description":"Ruas 034 | MANGUN JAYA - BTS. KAB. MURA","styleUrl":"#pointStyle","icon-scale":1.1}},{"type":"Feature","geometry":{"type":"LineString","coordinates":[[103.35126702,-2.81238802,0],[103.35098304,-2.81252598,0]]},"properties":{"name":"Rekonstruksi","description":"Ruas: 034 | MANGUN JAYA - BTS. KAB. MURA | Sta: 39+403 - 39+437 | Tipe: Rekonstruksi | Panjang: 34 m","styleUrl":"#lineStyle53","stroke-opacity":1,"stroke":"#ff0000","stroke-width":4}},{"type":"Feature","geometry":{"type":"Point","coordinates":[103.33881101,-2.818928,0]},"properties":{"name":"41+315","description":"Ruas 034 | MANGUN JAYA - BTS. KAB. MURA","styleUrl":"#pointStyle","icon-scale":1.1}},{"type":"Feature","geometry":{"type":"Point","coordinates":[103.33889399,-2.81922899,0]},"properties":{"name":"41+351","description":"Ruas 034 | MANGUN JAYA - BTS. KAB. MURA","styleUrl":"#pointStyle","icon-scale":1.1}},{"type":"Feature","geometry":{"type":"LineString","coordinates":[[103.33881101,-2.818928,0],[103.33889399,-2.81922899,0]]},"properties":{"name":"Rekonstruksi","description":"Ruas: 034 | MANGUN JAYA - BTS. KAB. MURA | Sta: 41+315 - 41+351 | Tipe: Rekonstruksi | Panjang: 36 m","styleUrl":"#lineStyle54","stroke-opacity":1,"stroke":"#ff0000","stroke-width":4}},{"type":"Feature","geometry":{"type":"Point","coordinates":[103.33889399,-2.81922899,0]},"properties":{"name":"41+351","description":"Ruas 034 | MANGUN JAYA - BTS. KAB. MURA","styleUrl":"#pointStyle","icon-scale":1.1}},{"type":"Feature","geometry":{"type":"Point","coordinates":[103.339397,-2.82099,0]},"properties":{"name":"41+550","description":"Ruas 034 | MANGUN JAYA - BTS. KAB. MURA","styleUrl":"#pointStyle","icon-scale":1.1}},{"type":"Feature","geometry":{"type":"LineString","coordinates":[[103.338868,-2.81934817,0],[103.3391465,-2.82020736,0],[103.339416,-2.82106836,0]]},"properties":{"name":"Rehab Mayor","description":"Ruas: 034 | MANGUN JAYA - BTS. KAB. MURA | Sta: 41+351 - 41+550 | Tipe: Rehab Mayor | Panjang: 199 m","styleUrl":"#lineStyle55","stroke-opacity":1,"stroke":"#ffff00","stroke-width":4}},{"type":"Feature","geometry":{"type":"Point","coordinates":[103.339397,-2.82099,0]},"properties":{"name":"41+550","description":"Ruas 034 | MANGUN JAYA - BTS. KAB. MURA","styleUrl":"#pointStyle","icon-scale":1.1}},{"type":"Feature","geometry":{"type":"Point","coordinates":[103.339587,-2.82155,0]},"properties":{"name":"41+616","description":"Ruas 034 | MANGUN JAYA - BTS. KAB. MURA","styleUrl":"#pointStyle","icon-scale":1.1}},{"type":"Feature","geometry":{"type":"LineString","coordinates":[[103.339416,-2.82106836,0],[103.3396018,-2.82195303,0]]},"properties":{"name":"Rekonstruksi","description":"Ruas: 034 | MANGUN JAYA - BTS. KAB. MURA | Sta: 41+550 - 41+616 | Tipe: Rekonstruksi | Panjang: 66 m","styleUrl":"#lineStyle56","stroke-opacity":1,"stroke":"#ff0000","stroke-width":4}},{"type":"Feature","geometry":{"type":"Point","coordinates":[103.339587,-2.82155,0]},"properties":{"name":"41+616","description":"Ruas 034 | MANGUN JAYA - BTS. KAB. MURA","styleUrl":"#pointStyle","icon-scale":1.1}},{"type":"Feature","geometry":{"type":"Point","coordinates":[103.340048,-2.82384,0]},"properties":{"name":"41+877","description":"Ruas 034 | MANGUN JAYA - BTS. KAB. MURA","styleUrl":"#pointStyle","icon-scale":1.1}},{"type":"Feature","geometry":{"type":"LineString","coordinates":[[103.3396018,-2.82195303,0],[103.3397656,-2.82284216,0],[103.339978,-2.82372083,0]]},"properties":{"name":"Rehab Mayor","description":"Ruas: 034 | MANGUN JAYA - BTS. KAB. MURA | Sta: 41+616 - 41+877 | Tipe: Rehab Mayor | Panjang: 261 m","styleUrl":"#lineStyle57","stroke-opacity":1,"stroke":"#ffff00","stroke-width":4}},{"type":"Feature","geometry":{"type":"Point","coordinates":[103.340048,-2.82384,0]},"properties":{"name":"41+877","description":"Ruas 034 | MANGUN JAYA - BTS. KAB. MURA","styleUrl":"#pointStyle","icon-scale":1.1}},{"type":"Feature","geometry":{"type":"Point","coordinates":[103.34007299,-2.82419804,0]},"properties":{"name":"41+925","description":"Ruas 034 | MANGUN JAYA - BTS. KAB. MURA","styleUrl":"#pointStyle","icon-scale":1.1}},{"type":"Feature","geometry":{"type":"LineString","coordinates":[[103.339978,-2.82372083,0],[103.3401661,-2.82460491,0]]},"properties":{"name":"Rekonstruksi","description":"Ruas: 034 | MANGUN JAYA - BTS. KAB. MURA | Sta: 41+877 - 41+925 | Tipe: Rekonstruksi | Panjang: 48 m","styleUrl":"#lineStyle58","stroke-opacity":1,"stroke":"#ff0000","stroke-width":4}},{"type":"Feature","geometry":{"type":"Point","coordinates":[103.34007299,-2.82419804,0]},"properties":{"name":"41+925","description":"Ruas 034 | MANGUN JAYA - BTS. KAB. MURA","styleUrl":"#pointStyle","icon-scale":1.1}},{"type":"Feature","geometry":{"type":"Point","coordinates":[103.34054497,-2.82669199,0]},"properties":{"name":"42+205","description":"Ruas 034 | MANGUN JAYA - BTS. KAB. MURA","styleUrl":"#pointStyle","icon-scale":1.1}},{"type":"Feature","geometry":{"type":"LineString","coordinates":[[103.3401661,-2.82460491,0],[103.3403116,-2.82549731,0],[103.3404523,-2.8263905,0],[103.3405195,-2.82681601,0]]},"properties":{"name":"Rehab Minor","description":"Ruas: 034 | MANGUN JAYA - BTS. KAB. MURA | Sta: 41+925 - 42+205 | Tipe: Rehab Minor | Panjang: 280 m","styleUrl":"#lineStyle59","stroke-opacity":1,"stroke":"#00ff00","stroke-width":4}},{"type":"Feature","geometry":{"type":"Point","coordinates":[103.340568,-2.826777,0]},"properties":{"name":"00+000","description":"Ruas 035 | BTS. KAB. MUBA - MUARA BELITI","styleUrl":"#pointStyle","icon-scale":1.1}},{"type":"Feature","geometry":{"type":"Point","coordinates":[103.340603,-2.826739,0]},"properties":{"name":"00+163","description":"Ruas 035 | BTS. KAB. MUBA - MUARA BELITI","styleUrl":"#pointStyle","icon-scale":1.1}},{"type":"Feature","geometry":{"type":"LineString","coordinates":[[103.340568,-2.826777,0],[103.340603,-2.826739,0]]},"properties":{"name":"Rehab Minor","description":"Ruas: 035 | BTS. KAB. MUBA - MUARA BELITI | Sta: 00+000 - 00+163 | Tipe: Rehab Minor | Panjang: 163 m","styleUrl":"#lineStyle60","stroke-opacity":1,"stroke":"#00ff00","stroke-width":4}},{"type":"Feature","geometry":{"type":"Point","coordinates":[103.3382,-2.835617,0]},"properties":{"name":"01+108","description":"Ruas 035 | BTS. KAB. MUBA - MUARA BELITI","styleUrl":"#pointStyle","icon-scale":1.1}},{"type":"Feature","geometry":{"type":"Point","coordinates":[103.334557,-2.840552,0]},"properties":{"name":"01+800","description":"Ruas 035 | BTS. KAB. MUBA - MUARA BELITI","styleUrl":"#pointStyle","icon-scale":1.1}},{"type":"Feature","geometry":{"type":"LineString","coordinates":[[103.3380921,-2.83567325,0],[103.337458,-2.83631458,0],[103.336827,-2.83695891,0],[103.3362485,-2.83764993,0],[103.3357732,-2.8384175,0],[103.3353083,-2.83919163,0],[103.3348481,-2.83996848,0],[103.3343884,-2.84074577,0]]},"properties":{"name":"Rehab Mayor","description":"Ruas: 035 | BTS. KAB. MUBA - MUARA BELITI | Sta: 01+108 - 01+800 | Tipe: Rehab Mayor | Panjang: 692 m","styleUrl":"#lineStyle61","stroke-opacity":1,"stroke":"#ffff00","stroke-width":4}},{"type":"Feature","geometry":{"type":"Point","coordinates":[103.334557,-2.840552,0]},"properties":{"name":"01+800","description":"Ruas 035 | BTS. KAB. MUBA - MUARA BELITI","styleUrl":"#pointStyle","icon-scale":1.1}},{"type":"Feature","geometry":{"type":"Point","coordinates":[103.33431,-2.840992,0]},"properties":{"name":"01+850","description":"Ruas 035 | BTS. KAB. MUBA - MUARA BELITI","styleUrl":"#pointStyle","icon-scale":1.1}},{"type":"Feature","geometry":{"type":"LineString","coordinates":[[103.334557,-2.840552,0],[103.33431,-2.840992,0]]},"properties":{"name":"Rekonstruksi","description":"Ruas: 035 | BTS. KAB. MUBA - MUARA BELITI | Sta: 01+800 - 01+850 | Tipe: Rekonstruksi | Panjang: 50 m","styleUrl":"#lineStyle62","stroke-opacity":1,"stroke":"#ff0000","stroke-width":4}},{"type":"Feature","geometry":{"type":"Point","coordinates":[103.33431,-2.840992,0]},"properties":{"name":"01+850","description":"Ruas 035 | BTS. KAB. MUBA - MUARA BELITI","styleUrl":"#pointStyle","icon-scale":1.1}},{"type":"Feature","geometry":{"type":"Point","coordinates":[103.331509,-2.843873,0]},"properties":{"name":"02+302","description":"Ruas 035 | BTS. KAB. MUBA - MUARA BELITI","styleUrl":"#pointStyle","icon-scale":1.1}},{"type":"Feature","geometry":{"type":"LineString","coordinates":[[103.3343884,-2.84074577,0],[103.3339368,-2.8415277,0],[103.3334485,-2.84228623,0],[103.3328174,-2.84292796,0],[103.3320956,-2.84346622,0],[103.3313488,-2.84397024,0]]},"properties":{"name":"Rehab Mayor","description":"Ruas: 035 | BTS. KAB. MUBA - MUARA BELITI | Sta: 01+850 - 02+302 | Tipe: Rehab Mayor | Panjang: 452 m","styleUrl":"#lineStyle63","stroke-opacity":1,"stroke":"#ffff00","stroke-width":4}},{"type":"Feature","geometry":{"type":"Point","coordinates":[103.331509,-2.843873,0]},"properties":{"name":"02+302","description":"Ruas 035 | BTS. KAB. MUBA - MUARA BELITI","styleUrl":"#pointStyle","icon-scale":1.1}},{"type":"Feature","geometry":{"type":"Point","coordinates":[103.330852,-2.844313,0]},"properties":{"name":"02+402","description":"Ruas 035 | BTS. KAB. MUBA - MUARA BELITI","styleUrl":"#pointStyle","icon-scale":1.1}},{"type":"Feature","geometry":{"type":"LineString","coordinates":[[103.3313488,-2.84397024,0],[103.3306017,-2.84447367,0]]},"properties":{"name":"Rehab Minor","description":"Ruas: 035 | BTS. KAB. MUBA - MUARA BELITI | Sta: 02+302 - 02+402 | Tipe: Rehab Minor | Panjang: 100 m","styleUrl":"#lineStyle64","stroke-opacity":1,"stroke":"#00ff00","stroke-width":4}},{"type":"Feature","geometry":{"type":"Point","coordinates":[103.326631,-2.846483,0]},"properties":{"name":"02+937","description":"Ruas 035 | BTS. KAB. MUBA - MUARA BELITI","styleUrl":"#pointStyle","icon-scale":1.1}},{"type":"Feature","geometry":{"type":"Point","coordinates":[103.325987,-2.846779,0]},"properties":{"name":"03+016","description":"Ruas 035 | BTS. KAB. MUBA - MUARA BELITI","styleUrl":"#pointStyle","icon-scale":1.1}},{"type":"Feature","geometry":{"type":"LineString","coordinates":[[103.3266095,-2.84648073,0],[103.3258018,-2.84687534,0]]},"properties":{"name":"Rehab Mayor","description":"Ruas: 035 | BTS. KAB. MUBA - MUARA BELITI | Sta: 02+937 - 03+016 | Tipe: Rehab Mayor | Panjang: 79 m","styleUrl":"#lineStyle65","stroke-opacity":1,"stroke":"#ffff00","stroke-width":4}},{"type":"Feature","geometry":{"type":"Point","coordinates":[103.32472,-2.847754,0]},"properties":{"name":"03+200","description":"Ruas 035 | BTS. KAB. MUBA - MUARA BELITI","styleUrl":"#pointStyle","icon-scale":1.1}},{"type":"Feature","geometry":{"type":"Point","coordinates":[103.324608,-2.847939,0]},"properties":{"name":"03+224","description":"Ruas 035 | BTS. KAB. MUBA - MUARA BELITI","styleUrl":"#pointStyle","icon-scale":1.1}},{"type":"Feature","geometry":{"type":"LineString","coordinates":[[103.32472,-2.847754,0],[103.324608,-2.847939,0]]},"properties":{"name":"Rehab Mayor","description":"Ruas: 035 | BTS. KAB. MUBA - MUARA BELITI | Sta: 03+200 - 03+224 | Tipe: Rehab Mayor | Panjang: 24 m","styleUrl":"#lineStyle66","stroke-opacity":1,"stroke":"#ffff00","stroke-width":4}},{"type":"Feature","geometry":{"type":"Point","coordinates":[103.324608,-2.847939,0]},"properties":{"name":"03+224","description":"Ruas 035 | BTS. KAB. MUBA - MUARA BELITI","styleUrl":"#pointStyle","icon-scale":1.1}},{"type":"Feature","geometry":{"type":"Point","coordinates":[103.324415,-2.848121,0]},"properties":{"name":"03+250","description":"Ruas 035 | BTS. KAB. MUBA - MUARA BELITI","styleUrl":"#pointStyle","icon-scale":1.1}},{"type":"Feature","geometry":{"type":"LineString","coordinates":[[103.324608,-2.847939,0],[103.324415,-2.848121,0]]},"properties":{"name":"Rekonstruksi","description":"Ruas: 035 | BTS. KAB. MUBA - MUARA BELITI | Sta: 03+224 - 03+250 | Tipe: Rekonstruksi | Panjang: 26 m","styleUrl":"#lineStyle67","stroke-opacity":1,"stroke":"#ff0000","stroke-width":4}},{"type":"Feature","geometry":{"type":"Point","coordinates":[103.324415,-2.848121,0]},"properties":{"name":"03+250","description":"Ruas 035 | BTS. KAB. MUBA - MUARA BELITI","styleUrl":"#pointStyle","icon-scale":1.1}},{"type":"Feature","geometry":{"type":"Point","coordinates":[103.323448,-2.849107,0]},"properties":{"name":"03+400","description":"Ruas 035 | BTS. KAB. MUBA - MUARA BELITI","styleUrl":"#pointStyle","icon-scale":1.1}},{"type":"Feature","geometry":{"type":"LineString","coordinates":[[103.3244524,-2.84805078,0],[103.323839,-2.84871104,0],[103.3231738,-2.84931932,0]]},"properties":{"name":"Rehab Mayor","description":"Ruas: 035 | BTS. KAB. MUBA - MUARA BELITI | Sta: 03+250 - 03+400 | Tipe: Rehab Mayor | Panjang: 150 m","styleUrl":"#lineStyle68","stroke-opacity":1,"stroke":"#ffff00","stroke-width":4}},{"type":"Feature","geometry":{"type":"Point","coordinates":[103.321472,-2.850998,0]},"properties":{"name":"03+705","description":"Ruas 035 | BTS. KAB. MUBA - MUARA BELITI","styleUrl":"#pointStyle","icon-scale":1.1}},{"type":"Feature","geometry":{"type":"Point","coordinates":[103.320554,-2.852047,0]},"properties":{"name":"03+860","description":"Ruas 035 | BTS. KAB. MUBA - MUARA BELITI","styleUrl":"#pointStyle","icon-scale":1.1}},{"type":"Feature","geometry":{"type":"LineString","coordinates":[[103.321223,-2.85119271,0],[103.3206309,-2.85187328,0]]},"properties":{"name":"Rehab Mayor","description":"Ruas: 035 | BTS. KAB. MUBA - MUARA BELITI | Sta: 03+705 - 03+860 | Tipe: Rehab Mayor | Panjang: 155 m","styleUrl":"#lineStyle69","stroke-opacity":1,"stroke":"#ffff00","stroke-width":4}},{"type":"Feature","geometry":{"type":"Point","coordinates":[103.318647,-2.853734,0]},"properties":{"name":"04+145","description":"Ruas 035 | BTS. KAB. MUBA - MUARA BELITI","styleUrl":"#pointStyle","icon-scale":1.1}},{"type":"Feature","geometry":{"type":"Point","coordinates":[103.316151,-2.855103,0]},"properties":{"name":"04+465","description":"Ruas 035 | BTS. KAB. MUBA - MUARA BELITI","styleUrl":"#pointStyle","icon-scale":1.1}},{"type":"Feature","geometry":{"type":"LineString","coordinates":[[103.3186438,-2.85370367,0],[103.3179263,-2.85424877,0],[103.317147,-2.85469501,0],[103.3163083,-2.8550216,0]]},"properties":{"name":"Rehab Mayor","description":"Ruas: 035 | BTS. KAB. MUBA - MUARA BELITI | Sta: 04+145 - 04+465 | Tipe: Rehab Mayor | Panjang: 320 m","styleUrl":"#lineStyle70","stroke-opacity":1,"stroke":"#ffff00","stroke-width":4}},{"type":"Feature","geometry":{"type":"Point","coordinates":[103.31348,-2.86099,0]},"properties":{"name":"05+261","description":"Ruas 035 | BTS. KAB. MUBA - MUARA BELITI","styleUrl":"#pointStyle","icon-scale":1.1}},{"type":"Feature","geometry":{"type":"Point","coordinates":[103.313384,-2.861654,0]},"properties":{"name":"05+335","description":"Ruas 035 | BTS. KAB. MUBA - MUARA BELITI","styleUrl":"#pointStyle","icon-scale":1.1}},{"type":"Feature","geometry":{"type":"LineString","coordinates":[[103.3134637,-2.86093407,0],[103.3133465,-2.86182716,0]]},"properties":{"name":"Rehab Mayor","description":"Ruas: 035 | BTS. KAB. MUBA - MUARA BELITI | Sta: 05+261 - 05+335 | Tipe: Rehab Mayor | Panjang: 74 m","styleUrl":"#lineStyle71","stroke-opacity":1,"stroke":"#ffff00","stroke-width":4}},{"type":"Feature","geometry":{"type":"Point","coordinates":[103.313384,-2.861654,0]},"properties":{"name":"05+335","description":"Ruas 035 | BTS. KAB. MUBA - MUARA BELITI","styleUrl":"#pointStyle","icon-scale":1.1}},{"type":"Feature","geometry":{"type":"Point","coordinates":[103.313516,-2.863252,0]},"properties":{"name":"05+514","description":"Ruas 035 | BTS. KAB. MUBA - MUARA BELITI","styleUrl":"#pointStyle","icon-scale":1.1}},{"type":"Feature","geometry":{"type":"LineString","coordinates":[[103.3133465,-2.86182716,0],[103.3133725,-2.86273072,0],[103.3135559,-2.86361335,0]]},"properties":{"name":"Rekonstruksi","description":"Ruas: 035 | BTS. KAB. MUBA - MUARA BELITI | Sta: 05+335 - 05+514 | Tipe: Rekonstruksi | Panjang: 179 m","styleUrl":"#lineStyle72","stroke-opacity":1,"stroke":"#ff0000","stroke-width":4}},{"type":"Feature","geometry":{"type":"Point","coordinates":[103.3044204,-2.8734448,0]},"properties":{"name":"07+421","description":"Ruas 035 | BTS. KAB. MUBA - MUARA BELITI","styleUrl":"#pointStyle","icon-scale":1.1}},{"type":"Feature","geometry":{"type":"Point","coordinates":[103.30373,-2.874069,0]},"properties":{"name":"07+525","description":"Ruas 035 | BTS. KAB. MUBA - MUARA BELITI","styleUrl":"#pointStyle","icon-scale":1.1}},{"type":"Feature","geometry":{"type":"LineString","coordinates":[[103.3047151,-2.87321414,0],[103.3040432,-2.87381532,0]]},"properties":{"name":"Rehab Minor","description":"Ruas: 035 | BTS. KAB. MUBA - MUARA BELITI | Sta: 07+421 - 07+525 | Tipe: Rehab Minor | Panjang: 104 m","styleUrl":"#lineStyle73","stroke-opacity":1,"stroke":"#00ff00","stroke-width":4}},{"type":"Feature","geometry":{"type":"Point","coordinates":[103.312111,-2.900058,0]},"properties":{"name":"10+876","description":"Ruas 035 | BTS. KAB. MUBA - MUARA BELITI","styleUrl":"#pointStyle","icon-scale":1.1}},{"type":"Feature","geometry":{"type":"Point","coordinates":[103.311629,-2.900544,0]},"properties":{"name":"10+947","description":"Ruas 035 | BTS. KAB. MUBA - MUARA BELITI","styleUrl":"#pointStyle","icon-scale":1.1}},{"type":"Feature","geometry":{"type":"LineString","coordinates":[[103.312111,-2.900058,0],[103.311629,-2.900544,0]]},"properties":{"name":"Rekonstruksi","description":"Ruas: 035 | BTS. KAB. MUBA - MUARA BELITI | Sta: 10+876 - 10+947 | Tipe: Rekonstruksi | Panjang: 71 m","styleUrl":"#lineStyle74","stroke-opacity":1,"stroke":"#ff0000","stroke-width":4}},{"type":"Feature","geometry":{"type":"Point","coordinates":[103.311629,-2.900544,0]},"properties":{"name":"10+947","description":"Ruas 035 | BTS. KAB. MUBA - MUARA BELITI","styleUrl":"#pointStyle","icon-scale":1.1}},{"type":"Feature","geometry":{"type":"Point","coordinates":[103.311214,-2.901424,0]},"properties":{"name":"11+058","description":"Ruas 035 | BTS. KAB. MUBA - MUARA BELITI","styleUrl":"#pointStyle","icon-scale":1.1}},{"type":"Feature","geometry":{"type":"LineString","coordinates":[[103.3118948,-2.90023034,0],[103.3113585,-2.90094895,0],[103.3110386,-2.90179406,0]]},"properties":{"name":"Rehab Mayor","description":"Ruas: 035 | BTS. KAB. MUBA - MUARA BELITI | Sta: 10+947 - 11+058 | Tipe: Rehab Mayor | Panjang: 111 m","styleUrl":"#lineStyle75","stroke-opacity":1,"stroke":"#ffff00","stroke-width":4}},{"type":"Feature","geometry":{"type":"Point","coordinates":[103.311214,-2.901424,0]},"properties":{"name":"11+058","description":"Ruas 035 | BTS. KAB. MUBA - MUARA BELITI","styleUrl":"#pointStyle","icon-scale":1.1}},{"type":"Feature","geometry":{"type":"Point","coordinates":[103.311047,-2.901834,0]},"properties":{"name":"11+108","description":"Ruas 035 | BTS. KAB. MUBA - MUARA BELITI","styleUrl":"#pointStyle","icon-scale":1.1}},{"type":"Feature","geometry":{"type":"LineString","coordinates":[[103.311214,-2.901424,0],[103.311047,-2.901834,0]]},"properties":{"name":"Rekonstruksi","description":"Ruas: 035 | BTS. KAB. MUBA - MUARA BELITI | Sta: 11+058 - 11+108 | Tipe: Rekonstruksi | Panjang: 50 m","styleUrl":"#lineStyle76","stroke-opacity":1,"stroke":"#ff0000","stroke-width":4}},{"type":"Feature","geometry":{"type":"Point","coordinates":[103.311047,-2.901834,0]},"properties":{"name":"11+108","description":"Ruas 035 | BTS. KAB. MUBA - MUARA BELITI","styleUrl":"#pointStyle","icon-scale":1.1}},{"type":"Feature","geometry":{"type":"Point","coordinates":[103.310878,-2.902338,0]},"properties":{"name":"11+173","description":"Ruas 035 | BTS. KAB. MUBA - MUARA BELITI","styleUrl":"#pointStyle","icon-scale":1.1}},{"type":"Feature","geometry":{"type":"LineString","coordinates":[[103.3110386,-2.90179406,0],[103.3107457,-2.90264884,0]]},"properties":{"name":"Rehab Mayor","description":"Ruas: 035 | BTS. KAB. MUBA - MUARA BELITI | Sta: 11+108 - 11+173 | Tipe: Rehab Mayor | Panjang: 65 m","styleUrl":"#lineStyle77","stroke-opacity":1,"stroke":"#ffff00","stroke-width":4}},{"type":"Feature","geometry":{"type":"Point","coordinates":[103.314662,-2.917272,0]},"properties":{"name":"14+225","description":"Ruas 035 | BTS. KAB. MUBA - MUARA BELITI","styleUrl":"#pointStyle","icon-scale":1.1}},{"type":"Feature","geometry":{"type":"Point","coordinates":[103.31042,-2.917762,0]},"properties":{"name":"14+704","description":"Ruas 035 | BTS. KAB. MUBA - MUARA BELITI","styleUrl":"#pointStyle","icon-scale":1.1}},{"type":"Feature","geometry":{"type":"LineString","coordinates":[[103.3147688,-2.9172779,0],[103.3138711,-2.91733229,0],[103.3129738,-2.9173928,0],[103.3120834,-2.91752033,0],[103.3111948,-2.91766069,0],[103.3103055,-2.91779574,0]]},"properties":{"name":"Rehab Mayor","description":"Ruas: 035 | BTS. KAB. MUBA - MUARA BELITI | Sta: 14+225 - 14+704 | Tipe: Rehab Mayor | Panjang: 479 m","styleUrl":"#lineStyle78","stroke-opacity":1,"stroke":"#ffff00","stroke-width":4}},{"type":"Feature","geometry":{"type":"Point","coordinates":[103.31042,-2.917762,0]},"properties":{"name":"14+704","description":"Ruas 035 | BTS. KAB. MUBA - MUARA BELITI","styleUrl":"#pointStyle","icon-scale":1.1}},{"type":"Feature","geometry":{"type":"Point","coordinates":[103.309773,-2.917944,0]},"properties":{"name":"14+782","description":"Ruas 035 | BTS. KAB. MUBA - MUARA BELITI","styleUrl":"#pointStyle","icon-scale":1.1}},{"type":"Feature","geometry":{"type":"LineString","coordinates":[[103.3103055,-2.91779574,0],[103.3094756,-2.91812657,0]]},"properties":{"name":"Rekonstruksi","description":"Ruas: 035 | BTS. KAB. MUBA - MUARA BELITI | Sta: 14+704 - 14+782 | Tipe: Rekonstruksi | Panjang: 78 m","styleUrl":"#lineStyle79","stroke-opacity":1,"stroke":"#ff0000","stroke-width":4}},{"type":"Feature","geometry":{"type":"Point","coordinates":[103.309773,-2.917944,0]},"properties":{"name":"14+782","description":"Ruas 035 | BTS. KAB. MUBA - MUARA BELITI","styleUrl":"#pointStyle","icon-scale":1.1}},{"type":"Feature","geometry":{"type":"Point","coordinates":[103.309457,-2.91817,0]},"properties":{"name":"14+822","description":"Ruas 035 | BTS. KAB. MUBA - MUARA BELITI","styleUrl":"#pointStyle","icon-scale":1.1}},{"type":"Feature","geometry":{"type":"LineString","coordinates":[[103.309773,-2.917944,0],[103.309457,-2.91817,0]]},"properties":{"name":"Rehab Mayor","description":"Ruas: 035 | BTS. KAB. MUBA - MUARA BELITI | Sta: 14+782 - 14+822 | Tipe: Rehab Mayor | Panjang: 40 m","styleUrl":"#lineStyle80","stroke-opacity":1,"stroke":"#ffff00","stroke-width":4}},{"type":"Feature","geometry":{"type":"Point","coordinates":[103.304482,-2.940272999999999,0]},"properties":{"name":"17+495","description":"Ruas 035 | BTS. KAB. MUBA - MUARA BELITI","styleUrl":"#pointStyle","icon-scale":1.1}},{"type":"Feature","geometry":{"type":"Point","coordinates":[103.30397,-2.941179,0]},"properties":{"name":"17+613","description":"Ruas 035 | BTS. KAB. MUBA - MUARA BELITI","styleUrl":"#pointStyle","icon-scale":1.1}},{"type":"Feature","geometry":{"type":"LineString","coordinates":[[103.3043607,-2.94054218,0],[103.3038234,-2.94124901,0]]},"properties":{"name":"Rehab Mayor","description":"Ruas: 035 | BTS. KAB. MUBA - MUARA BELITI | Sta: 17+495 - 17+613 | Tipe: Rehab Mayor | Panjang: 118 m","styleUrl":"#lineStyle81","stroke-opacity":1,"stroke":"#ffff00","stroke-width":4}},{"type":"Feature","geometry":{"type":"Point","coordinates":[103.306591,-2.950807,0]},"properties":{"name":"18+889","description":"Ruas 035 | BTS. KAB. MUBA - MUARA BELITI","styleUrl":"#pointStyle","icon-scale":1.1}},{"type":"Feature","geometry":{"type":"Point","coordinates":[103.306983,-2.951835,0]},"properties":{"name":"19+010","description":"Ruas 035 | BTS. KAB. MUBA - MUARA BELITI","styleUrl":"#pointStyle","icon-scale":1.1}},{"type":"Feature","geometry":{"type":"LineString","coordinates":[[103.3063782,-2.95041037,0],[103.3067093,-2.95125111,0],[103.3070365,-2.95209345,0]]},"properties":{"name":"Rekonstruksi","description":"Ruas: 035 | BTS. KAB. MUBA - MUARA BELITI | Sta: 18+889 - 19+010 | Tipe: Rekonstruksi | Panjang: 121 m","styleUrl":"#lineStyle82","stroke-opacity":1,"stroke":"#ff0000","stroke-width":4}},{"type":"Feature","geometry":{"type":"Point","coordinates":[103.306983,-2.951835,0]},"properties":{"name":"19+010","description":"Ruas 035 | BTS. KAB. MUBA - MUARA BELITI","styleUrl":"#pointStyle","icon-scale":1.1}},{"type":"Feature","geometry":{"type":"Point","coordinates":[103.3072265,-2.9525415,0]},"properties":{"name":"19+110","description":"Ruas 035 | BTS. KAB. MUBA - MUARA BELITI","styleUrl":"#pointStyle","icon-scale":1.1}},{"type":"Feature","geometry":{"type":"LineString","coordinates":[[103.3070365,-2.95209345,0],[103.3073687,-2.95293379,0]]},"properties":{"name":"Rehab Mayor","description":"Ruas: 035 | BTS. KAB. MUBA - MUARA BELITI | Sta: 19+010 - 19+110 | Tipe: Rehab Mayor | Panjang: 100 m","styleUrl":"#lineStyle83","stroke-opacity":1,"stroke":"#ffff00","stroke-width":4}},{"type":"Feature","geometry":{"type":"Point","coordinates":[103.307887,-2.954531,0]},"properties":{"name":"19+330","description":"Ruas 035 | BTS. KAB. MUBA - MUARA BELITI","styleUrl":"#pointStyle","icon-scale":1.1}},{"type":"Feature","geometry":{"type":"Point","coordinates":[103.307873,-2.954908999999999,0]},"properties":{"name":"19+370","description":"Ruas 035 | BTS. KAB. MUBA - MUARA BELITI","styleUrl":"#pointStyle","icon-scale":1.1}},{"type":"Feature","geometry":{"type":"LineString","coordinates":[[103.307887,-2.954531,0],[103.307873,-2.954908999999999,0]]},"properties":{"name":"Rekonstruksi","description":"Ruas: 035 | BTS. KAB. MUBA - MUARA BELITI | Sta: 19+330 - 19+370 | Tipe: Rekonstruksi | Panjang: 40 m","styleUrl":"#lineStyle84","stroke-opacity":1,"stroke":"#ff0000","stroke-width":4}},{"type":"Feature","geometry":{"type":"Point","coordinates":[103.30788,-2.955317,0]},"properties":{"name":"19+416","description":"Ruas 035 | BTS. KAB. MUBA - MUARA BELITI","styleUrl":"#pointStyle","icon-scale":1.1}},{"type":"Feature","geometry":{"type":"Point","coordinates":[103.307878,-2.955662,0]},"properties":{"name":"19+456","description":"Ruas 035 | BTS. KAB. MUBA - MUARA BELITI","styleUrl":"#pointStyle","icon-scale":1.1}},{"type":"Feature","geometry":{"type":"LineString","coordinates":[[103.30788,-2.955317,0],[103.307878,-2.955662,0]]},"properties":{"name":"Rekonstruksi","description":"Ruas: 035 | BTS. KAB. MUBA - MUARA BELITI | Sta: 19+416 - 19+456 | Tipe: Rekonstruksi | Panjang: 40 m","styleUrl":"#lineStyle85","stroke-opacity":1,"stroke":"#ff0000","stroke-width":4}},{"type":"Feature","geometry":{"type":"Point","coordinates":[103.307538,-2.96127,0]},"properties":{"name":"20+089","description":"Ruas 035 | BTS. KAB. MUBA - MUARA BELITI","styleUrl":"#pointStyle","icon-scale":1.1}},{"type":"Feature","geometry":{"type":"Point","coordinates":[103.307191,-2.96305,0]},"properties":{"name":"20+293","description":"Ruas 035 | BTS. KAB. MUBA - MUARA BELITI","styleUrl":"#pointStyle","icon-scale":1.1}},{"type":"Feature","geometry":{"type":"LineString","coordinates":[[103.3075512,-2.96097691,0],[103.3074341,-2.96187163,0],[103.3072243,-2.96275063,0]]},"properties":{"name":"Rehab Mayor","description":"Ruas: 035 | BTS. KAB. MUBA - MUARA BELITI | Sta: 20+089 - 20+293 | Tipe: Rehab Mayor | Panjang: 204 m","styleUrl":"#lineStyle86","stroke-opacity":1,"stroke":"#ffff00","stroke-width":4}},{"type":"Feature","geometry":{"type":"Point","coordinates":[103.307191,-2.96305,0]},"properties":{"name":"20+293","description":"Ruas 035 | BTS. KAB. MUBA - MUARA BELITI","styleUrl":"#pointStyle","icon-scale":1.1}},{"type":"Feature","geometry":{"type":"Point","coordinates":[103.307108,-2.963497,0]},"properties":{"name":"20+344","description":"Ruas 035 | BTS. KAB. MUBA - MUARA BELITI","styleUrl":"#pointStyle","icon-scale":1.1}},{"type":"Feature","geometry":{"type":"LineString","coordinates":[[103.3072243,-2.96275063,0],[103.3070327,-2.96363069,0]]},"properties":{"name":"Rekonstruksi","description":"Ruas: 035 | BTS. KAB. MUBA - MUARA BELITI | Sta: 20+293 - 20+344 | Tipe: Rekonstruksi | Panjang: 51 m","styleUrl":"#lineStyle87","stroke-opacity":1,"stroke":"#ff0000","stroke-width":4}},{"type":"Feature","geometry":{"type":"Point","coordinates":[103.307108,-2.963497,0]},"properties":{"name":"20+344","description":"Ruas 035 | BTS. KAB. MUBA - MUARA BELITI","styleUrl":"#pointStyle","icon-scale":1.1}},{"type":"Feature","geometry":{"type":"Point","coordinates":[103.305672,-2.965087,0]},"properties":{"name":"20+585","description":"Ruas 035 | BTS. KAB. MUBA - MUARA BELITI","styleUrl":"#pointStyle","icon-scale":1.1}},{"type":"Feature","geometry":{"type":"LineString","coordinates":[[103.3070327,-2.96363069,0],[103.3064521,-2.96431517,0],[103.3058165,-2.96495503,0]]},"properties":{"name":"Rehab Mayor","description":"Ruas: 035 | BTS. KAB. MUBA - MUARA BELITI | Sta: 20+344 - 20+585 | Tipe: Rehab Mayor | Panjang: 241 m","styleUrl":"#lineStyle88","stroke-opacity":1,"stroke":"#ffff00","stroke-width":4}},{"type":"Feature","geometry":{"type":"Point","coordinates":[103.286469,-2.968634,0]},"properties":{"name":"23+075","description":"Ruas 035 | BTS. KAB. MUBA - MUARA BELITI","styleUrl":"#pointStyle","icon-scale":1.1}},{"type":"Feature","geometry":{"type":"Point","coordinates":[103.284077,-2.969632,0]},"properties":{"name":"23+365","description":"Ruas 035 | BTS. KAB. MUBA - MUARA BELITI","styleUrl":"#pointStyle","icon-scale":1.1}},{"type":"Feature","geometry":{"type":"LineString","coordinates":[[103.2864458,-2.96862696,0],[103.2855839,-2.96888016,0],[103.2847532,-2.9692231,0],[103.2839728,-2.9696725,0]]},"properties":{"name":"Rehab Mayor","description":"Ruas: 035 | BTS. KAB. MUBA - MUARA BELITI | Sta: 23+075 - 23+365 | Tipe: Rehab Mayor | Panjang: 290 m","styleUrl":"#lineStyle89","stroke-opacity":1,"stroke":"#ffff00","stroke-width":4}},{"type":"Feature","geometry":{"type":"Point","coordinates":[103.281402,-2.974006,0]},"properties":{"name":"23+964","description":"Ruas 035 | BTS. KAB. MUBA - MUARA BELITI","styleUrl":"#pointStyle","icon-scale":1.1}},{"type":"Feature","geometry":{"type":"Point","coordinates":[103.281433,-2.974532,0]},"properties":{"name":"24+024","description":"Ruas 035 | BTS. KAB. MUBA - MUARA BELITI","styleUrl":"#pointStyle","icon-scale":1.1}},{"type":"Feature","geometry":{"type":"LineString","coordinates":[[103.281402,-2.974006,0],[103.281433,-2.974532,0]]},"properties":{"name":"Rehab Mayor","description":"Ruas: 035 | BTS. KAB. MUBA - MUARA BELITI | Sta: 23+964 - 24+024 | Tipe: Rehab Mayor | Panjang: 60 m","styleUrl":"#lineStyle90","stroke-opacity":1,"stroke":"#ffff00","stroke-width":4}},{"type":"Feature","geometry":{"type":"Point","coordinates":[103.281433,-2.974532,0]},"properties":{"name":"24+024","description":"Ruas 035 | BTS. KAB. MUBA - MUARA BELITI","styleUrl":"#pointStyle","icon-scale":1.1}},{"type":"Feature","geometry":{"type":"Point","coordinates":[103.281551,-2.974901,0]},"properties":{"name":"24+066","description":"Ruas 035 | BTS. KAB. MUBA - MUARA BELITI","styleUrl":"#pointStyle","icon-scale":1.1}},{"type":"Feature","geometry":{"type":"LineString","coordinates":[[103.2813592,-2.97419935,0],[103.2815429,-2.97508109,0]]},"properties":{"name":"Rekonstruksi","description":"Ruas: 035 | BTS. KAB. MUBA - MUARA BELITI | Sta: 24+024 - 24+066 | Tipe: Rekonstruksi | Panjang: 42 m","styleUrl":"#lineStyle91","stroke-opacity":1,"stroke":"#ff0000","stroke-width":4}},{"type":"Feature","geometry":{"type":"Point","coordinates":[103.281551,-2.974901,0]},"properties":{"name":"24+066","description":"Ruas 035 | BTS. KAB. MUBA - MUARA BELITI","styleUrl":"#pointStyle","icon-scale":1.1}},{"type":"Feature","geometry":{"type":"Point","coordinates":[103.281827,-2.976749,0]},"properties":{"name":"24+272","description":"Ruas 035 | BTS. KAB. MUBA - MUARA BELITI","styleUrl":"#pointStyle","icon-scale":1.1}},{"type":"Feature","geometry":{"type":"LineString","coordinates":[[103.2815429,-2.97508109,0],[103.2816941,-2.97597109,0],[103.2817868,-2.97687049,0]]},"properties":{"name":"Rehab Mayor","description":"Ruas: 035 | BTS. KAB. MUBA - MUARA BELITI | Sta: 24+066 - 24+272 | Tipe: Rehab Mayor | Panjang: 206 m","styleUrl":"#lineStyle92","stroke-opacity":1,"stroke":"#ffff00","stroke-width":4}},{"type":"Feature","geometry":{"type":"Point","coordinates":[103.281827,-2.976749,0]},"properties":{"name":"24+272","description":"Ruas 035 | BTS. KAB. MUBA - MUARA BELITI","styleUrl":"#pointStyle","icon-scale":1.1}},{"type":"Feature","geometry":{"type":"Point","coordinates":[103.281841,-2.977014,0]},"properties":{"name":"24+302","description":"Ruas 035 | BTS. KAB. MUBA - MUARA BELITI","styleUrl":"#pointStyle","icon-scale":1.1}},{"type":"Feature","geometry":{"type":"LineString","coordinates":[[103.281827,-2.976749,0],[103.281841,-2.977014,0]]},"properties":{"name":"Rekonstruksi","description":"Ruas: 035 | BTS. KAB. MUBA - MUARA BELITI | Sta: 24+272 - 24+302 | Tipe: Rekonstruksi | Panjang: 30 m","styleUrl":"#lineStyle93","stroke-opacity":1,"stroke":"#ff0000","stroke-width":4}},{"type":"Feature","geometry":{"type":"Point","coordinates":[103.281841,-2.977014,0]},"properties":{"name":"24+302","description":"Ruas 035 | BTS. KAB. MUBA - MUARA BELITI","styleUrl":"#pointStyle","icon-scale":1.1}},{"type":"Feature","geometry":{"type":"Point","coordinates":[103.281915,-2.978327,0]},"properties":{"name":"24+451","description":"Ruas 035 | BTS. KAB. MUBA - MUARA BELITI","styleUrl":"#pointStyle","icon-scale":1.1}},{"type":"Feature","geometry":{"type":"LineString","coordinates":[[103.2817868,-2.97687049,0],[103.2818745,-2.97777041,0],[103.2818565,-2.97867351,0]]},"properties":{"name":"Rehab Mayor","description":"Ruas: 035 | BTS. KAB. MUBA - MUARA BELITI | Sta: 24+302 - 24+451 | Tipe: Rehab Mayor | Panjang: 149 m","styleUrl":"#lineStyle94","stroke-opacity":1,"stroke":"#ffff00","stroke-width":4}},{"type":"Feature","geometry":{"type":"Point","coordinates":[103.281915,-2.978327,0]},"properties":{"name":"24+451","description":"Ruas 035 | BTS. KAB. MUBA - MUARA BELITI","styleUrl":"#pointStyle","icon-scale":1.1}},{"type":"Feature","geometry":{"type":"Point","coordinates":[103.280588,-2.981033,0]},"properties":{"name":"24+798","description":"Ruas 035 | BTS. KAB. MUBA - MUARA BELITI","styleUrl":"#pointStyle","icon-scale":1.1}},{"type":"Feature","geometry":{"type":"LineString","coordinates":[[103.2818565,-2.97867351,0],[103.2816593,-2.97955347,0],[103.2812696,-2.98036401,0],[103.2806238,-2.98099269,0]]},"properties":{"name":"Rekonstruksi","description":"Ruas: 035 | BTS. KAB. MUBA - MUARA BELITI | Sta: 24+451 - 24+798 | Tipe: Rekonstruksi | Panjang: 347 m","styleUrl":"#lineStyle95","stroke-opacity":1,"stroke":"#ff0000","stroke-width":4}},{"type":"Feature","geometry":{"type":"Point","coordinates":[103.280588,-2.981033,0]},"properties":{"name":"24+798","description":"Ruas 035 | BTS. KAB. MUBA - MUARA BELITI","styleUrl":"#pointStyle","icon-scale":1.1}},{"type":"Feature","geometry":{"type":"Point","coordinates":[103.28019,-2.981455,0]},"properties":{"name":"24+862","description":"Ruas 035 | BTS. KAB. MUBA - MUARA BELITI","styleUrl":"#pointStyle","icon-scale":1.1}},{"type":"Feature","geometry":{"type":"LineString","coordinates":[[103.2806238,-2.98099269,0],[103.2800203,-2.98166216,0]]},"properties":{"name":"Rehab Mayor","description":"Ruas: 035 | BTS. KAB. MUBA - MUARA BELITI | Sta: 24+798 - 24+862 | Tipe: Rehab Mayor | Panjang: 64 m","styleUrl":"#lineStyle96","stroke-opacity":1,"stroke":"#ffff00","stroke-width":4}},{"type":"Feature","geometry":{"type":"Point","coordinates":[103.279489,-2.982961,0]},"properties":{"name":"25+046","description":"Ruas 035 | BTS. KAB. MUBA - MUARA BELITI","styleUrl":"#pointStyle","icon-scale":1.1}},{"type":"Feature","geometry":{"type":"Point","coordinates":[103.279227,-2.983851,0]},"properties":{"name":"25+150","description":"Ruas 035 | BTS. KAB. MUBA - MUARA BELITI","styleUrl":"#pointStyle","icon-scale":1.1}},{"type":"Feature","geometry":{"type":"LineString","coordinates":[[103.2793468,-2.98332923,0],[103.2791838,-2.98421369,0]]},"properties":{"name":"Rehab Mayor","description":"Ruas: 035 | BTS. KAB. MUBA - MUARA BELITI | Sta: 25+046 - 25+150 | Tipe: Rehab Mayor | Panjang: 104 m","styleUrl":"#lineStyle97","stroke-opacity":1,"stroke":"#ffff00","stroke-width":4}},{"type":"Feature","geometry":{"type":"Point","coordinates":[103.279196,-2.984198,0]},"properties":{"name":"25+184","description":"Ruas 035 | BTS. KAB. MUBA - MUARA BELITI","styleUrl":"#pointStyle","icon-scale":1.1}},{"type":"Feature","geometry":{"type":"Point","coordinates":[103.279132,-2.984746,0]},"properties":{"name":"25+251","description":"Ruas 035 | BTS. KAB. MUBA - MUARA BELITI","styleUrl":"#pointStyle","icon-scale":1.1}},{"type":"Feature","geometry":{"type":"LineString","coordinates":[[103.2791838,-2.98421369,0],[103.2789541,-2.98507248,0]]},"properties":{"name":"Rehab Mayor","description":"Ruas: 035 | BTS. KAB. MUBA - MUARA BELITI | Sta: 25+184 - 25+251 | Tipe: Rehab Mayor | Panjang: 67 m","styleUrl":"#lineStyle98","stroke-opacity":1,"stroke":"#ffff00","stroke-width":4}},{"type":"Feature","geometry":{"type":"Point","coordinates":[103.279132,-2.984746,0]},"properties":{"name":"25+251","description":"Ruas 035 | BTS. KAB. MUBA - MUARA BELITI","styleUrl":"#pointStyle","icon-scale":1.1}},{"type":"Feature","geometry":{"type":"Point","coordinates":[103.279022,-2.985002,0]},"properties":{"name":"25+280","description":"Ruas 035 | BTS. KAB. MUBA - MUARA BELITI","styleUrl":"#pointStyle","icon-scale":1.1}},{"type":"Feature","geometry":{"type":"LineString","coordinates":[[103.279132,-2.984746,0],[103.279022,-2.985002,0]]},"properties":{"name":"Rekonstruksi","description":"Ruas: 035 | BTS. KAB. MUBA - MUARA BELITI | Sta: 25+251 - 25+280 | Tipe: Rekonstruksi | Panjang: 29 m","styleUrl":"#lineStyle99","stroke-opacity":1,"stroke":"#ff0000","stroke-width":4}},{"type":"Feature","geometry":{"type":"Point","coordinates":[103.279022,-2.985002,0]},"properties":{"name":"25+280","description":"Ruas 035 | BTS. KAB. MUBA - MUARA BELITI","styleUrl":"#pointStyle","icon-scale":1.1}},{"type":"Feature","geometry":{"type":"Point","coordinates":[103.278853,-2.985284,0]},"properties":{"name":"25+317","description":"Ruas 035 | BTS. KAB. MUBA - MUARA BELITI","styleUrl":"#pointStyle","icon-scale":1.1}},{"type":"Feature","geometry":{"type":"LineString","coordinates":[[103.279022,-2.985002,0],[103.278853,-2.985284,0]]},"properties":{"name":"Rehab Minor","description":"Ruas: 035 | BTS. KAB. MUBA - MUARA BELITI | Sta: 25+280 - 25+317 | Tipe: Rehab Minor | Panjang: 37 m","styleUrl":"#lineStyle100","stroke-opacity":1,"stroke":"#00ff00","stroke-width":4}},{"type":"Feature","geometry":{"type":"Point","coordinates":[103.270692,-2.994159,0]},"properties":{"name":"26+759","description":"Ruas 035 | BTS. KAB. MUBA - MUARA BELITI","styleUrl":"#pointStyle","icon-scale":1.1}},{"type":"Feature","geometry":{"type":"Point","coordinates":[103.270065,-2.994668,0]},"properties":{"name":"26+850","description":"Ruas 035 | BTS. KAB. MUBA - MUARA BELITI","styleUrl":"#pointStyle","icon-scale":1.1}},{"type":"Feature","geometry":{"type":"LineString","coordinates":[[103.270692,-2.994159,0],[103.270065,-2.994668,0]]},"properties":{"name":"Rehab Mayor","description":"Ruas: 035 | BTS. KAB. MUBA - MUARA BELITI | Sta: 26+759 - 26+850 | Tipe: Rehab Mayor | Panjang: 91 m","styleUrl":"#lineStyle101","stroke-opacity":1,"stroke":"#ffff00","stroke-width":4}},{"type":"Feature","geometry":{"type":"Point","coordinates":[103.269267,-2.995233,0]},"properties":{"name":"26+959","description":"Ruas 035 | BTS. KAB. MUBA - MUARA BELITI","styleUrl":"#pointStyle","icon-scale":1.1}},{"type":"Feature","geometry":{"type":"Point","coordinates":[103.26876,-2.995513,0]},"properties":{"name":"27+025","description":"Ruas 035 | BTS. KAB. MUBA - MUARA BELITI","styleUrl":"#pointStyle","icon-scale":1.1}},{"type":"Feature","geometry":{"type":"LineString","coordinates":[[103.269267,-2.995233,0],[103.26876,-2.995513,0]]},"properties":{"name":"Rehab Mayor","description":"Ruas: 035 | BTS. KAB. MUBA - MUARA BELITI | Sta: 26+959 - 27+025 | Tipe: Rehab Mayor | Panjang: 66 m","styleUrl":"#lineStyle102","stroke-opacity":1,"stroke":"#ffff00","stroke-width":4}},{"type":"Feature","geometry":{"type":"Point","coordinates":[103.267852,-2.996648,0]},"properties":{"name":"27+189","description":"Ruas 035 | BTS. KAB. MUBA - MUARA BELITI","styleUrl":"#pointStyle","icon-scale":1.1}},{"type":"Feature","geometry":{"type":"Point","coordinates":[103.267653,-2.997015000000001,0]},"properties":{"name":"27+241","description":"Ruas 035 | BTS. KAB. MUBA - MUARA BELITI","styleUrl":"#pointStyle","icon-scale":1.1}},{"type":"Feature","geometry":{"type":"LineString","coordinates":[[103.267852,-2.996648,0],[103.267653,-2.997015000000001,0]]},"properties":{"name":"Rehab Mayor","description":"Ruas: 035 | BTS. KAB. MUBA - MUARA BELITI | Sta: 27+189 - 27+241 | Tipe: Rehab Mayor | Panjang: 52 m","styleUrl":"#lineStyle103","stroke-opacity":1,"stroke":"#ffff00","stroke-width":4}},{"type":"Feature","geometry":{"type":"Point","coordinates":[103.270855,-3.00194,0]},"properties":{"name":"28+158","description":"Ruas 035 | BTS. KAB. MUBA - MUARA BELITI","styleUrl":"#pointStyle","icon-scale":1.1}},{"type":"Feature","geometry":{"type":"Point","coordinates":[103.271802,-3.002555,0]},"properties":{"name":"28+282","description":"Ruas 035 | BTS. KAB. MUBA - MUARA BELITI","styleUrl":"#pointStyle","icon-scale":1.1}},{"type":"Feature","geometry":{"type":"LineString","coordinates":[[103.2712374,-3.00220755,0],[103.271964,-3.00273887,0]]},"properties":{"name":"Rekonstruksi","description":"Ruas: 035 | BTS. KAB. MUBA - MUARA BELITI | Sta: 28+158 - 28+282 | Tipe: Rekonstruksi | Panjang: 124 m","styleUrl":"#lineStyle104","stroke-opacity":1,"stroke":"#ff0000","stroke-width":4}},{"type":"Feature","geometry":{"type":"Point","coordinates":[103.271802,-3.002555,0]},"properties":{"name":"28+282","description":"Ruas 035 | BTS. KAB. MUBA - MUARA BELITI","styleUrl":"#pointStyle","icon-scale":1.1}},{"type":"Feature","geometry":{"type":"Point","coordinates":[103.27246,-3.003938,0]},"properties":{"name":"28+442","description":"Ruas 035 | BTS. KAB. MUBA - MUARA BELITI","styleUrl":"#pointStyle","icon-scale":1.1}},{"type":"Feature","geometry":{"type":"LineString","coordinates":[[103.271964,-3.00273887,0],[103.2723262,-3.00355341,0]]},"properties":{"name":"Rehab Mayor","description":"Ruas: 035 | BTS. KAB. MUBA - MUARA BELITI | Sta: 28+282 - 28+442 | Tipe: Rehab Mayor | Panjang: 160 m","styleUrl":"#lineStyle105","stroke-opacity":1,"stroke":"#ffff00","stroke-width":4}},{"type":"Feature","geometry":{"type":"Point","coordinates":[103.259852,-3.018996,0]},"properties":{"name":"31+500","description":"Ruas 035 | BTS. KAB. MUBA - MUARA BELITI","styleUrl":"#pointStyle","icon-scale":1.1}},{"type":"Feature","geometry":{"type":"Point","coordinates":[103.258765,-3.018933,0]},"properties":{"name":"31+630","description":"Ruas 035 | BTS. KAB. MUBA - MUARA BELITI","styleUrl":"#pointStyle","icon-scale":1.1}},{"type":"Feature","geometry":{"type":"LineString","coordinates":[[103.2595152,-3.01897235,0],[103.2586178,-3.01890998,0]]},"properties":{"name":"Rehab Mayor","description":"Ruas: 035 | BTS. KAB. MUBA - MUARA BELITI | Sta: 31+500 - 31+630 | Tipe: Rehab Mayor | Panjang: 130 m","styleUrl":"#lineStyle106","stroke-opacity":1,"stroke":"#ffff00","stroke-width":4}},{"type":"Feature","geometry":{"type":"Point","coordinates":[103.253207,-3.0218,0]},"properties":{"name":"32+418","description":"Ruas 035 | BTS. KAB. MUBA - MUARA BELITI","styleUrl":"#pointStyle","icon-scale":1.1}},{"type":"Feature","geometry":{"type":"Point","coordinates":[103.252892,-3.022289,0]},"properties":{"name":"32+483","description":"Ruas 035 | BTS. KAB. MUBA - MUARA BELITI","styleUrl":"#pointStyle","icon-scale":1.1}},{"type":"Feature","geometry":{"type":"LineString","coordinates":[[103.253207,-3.0218,0],[103.252892,-3.022289,0]]},"properties":{"name":"Rekonstruksi","description":"Ruas: 035 | BTS. KAB. MUBA - MUARA BELITI | Sta: 32+418 - 32+483 | Tipe: Rekonstruksi | Panjang: 65 m","styleUrl":"#lineStyle107","stroke-opacity":1,"stroke":"#ff0000","stroke-width":4}},{"type":"Feature","geometry":{"type":"Point","coordinates":[103.257714,-3.032582,0]},"properties":{"name":"33+876","description":"Ruas 035 | BTS. KAB. MUBA - MUARA BELITI","styleUrl":"#pointStyle","icon-scale":1.1}},{"type":"Feature","geometry":{"type":"Point","coordinates":[103.257147,-3.033812,0]},"properties":{"name":"34+026","description":"Ruas 035 | BTS. KAB. MUBA - MUARA BELITI","styleUrl":"#pointStyle","icon-scale":1.1}},{"type":"Feature","geometry":{"type":"LineString","coordinates":[[103.2577469,-3.0324132,0],[103.2574341,-3.03326036,0],[103.2569674,-3.03403165,0]]},"properties":{"name":"Rehab Mayor","description":"Ruas: 035 | BTS. KAB. MUBA - MUARA BELITI | Sta: 33+876 - 34+026 | Tipe: Rehab Mayor | Panjang: 150 m","styleUrl":"#lineStyle108","stroke-opacity":1,"stroke":"#ffff00","stroke-width":4}},{"type":"Feature","geometry":{"type":"Point","coordinates":[103.221321,-3.059539,0]},"properties":{"name":"40+620","description":"Ruas 035 | BTS. KAB. MUBA - MUARA BELITI","styleUrl":"#pointStyle","icon-scale":1.1}},{"type":"Feature","geometry":{"type":"Point","coordinates":[103.223099,-3.062479,0]},"properties":{"name":"41+005","description":"Ruas 035 | BTS. KAB. MUBA - MUARA BELITI","styleUrl":"#pointStyle","icon-scale":1.1}},{"type":"Feature","geometry":{"type":"LineString","coordinates":[[103.2212024,-3.05949971,0],[103.2217369,-3.06022639,0],[103.2222525,-3.06096739,0],[103.2227494,-3.06172096,0],[103.2230616,-3.06255896,0]]},"properties":{"name":"Rehab Mayor","description":"Ruas: 035 | BTS. KAB. MUBA - MUARA BELITI | Sta: 40+620 - 41+005 | Tipe: Rehab Mayor | Panjang: 385 m","styleUrl":"#lineStyle109","stroke-opacity":1,"stroke":"#ffff00","stroke-width":4}},{"type":"Feature","geometry":{"type":"Point","coordinates":[103.223275,-3.066733999999999,0]},"properties":{"name":"41+475","description":"Ruas 035 | BTS. KAB. MUBA - MUARA BELITI","styleUrl":"#pointStyle","icon-scale":1.1}},{"type":"Feature","geometry":{"type":"Point","coordinates":[103.223364,-3.069874,0]},"properties":{"name":"41+825","description":"Ruas 035 | BTS. KAB. MUBA - MUARA BELITI","styleUrl":"#pointStyle","icon-scale":1.1}},{"type":"Feature","geometry":{"type":"LineString","coordinates":[[103.2232526,-3.06707567,0],[103.2232737,-3.06797969,0],[103.223293,-3.06888375,0],[103.2233248,-3.06978736,0]]},"properties":{"name":"Rehab Minor","description":"Ruas: 035 | BTS. KAB. MUBA - MUARA BELITI | Sta: 41+475 - 41+825 | Tipe: Rehab Minor | Panjang: 350 m","styleUrl":"#lineStyle110","stroke-opacity":1,"stroke":"#00ff00","stroke-width":4}},{"type":"Feature","geometry":{"type":"Point","coordinates":[103.202506,-3.095403,0]},"properties":{"name":"46+985","description":"Ruas 035 | BTS. KAB. MUBA - MUARA BELITI","styleUrl":"#pointStyle","icon-scale":1.1}},{"type":"Feature","geometry":{"type":"Point","coordinates":[103.201876,-3.095471,0]},"properties":{"name":"47+045","description":"Ruas 035 | BTS. KAB. MUBA - MUARA BELITI","styleUrl":"#pointStyle","icon-scale":1.1}},{"type":"Feature","geometry":{"type":"LineString","coordinates":[[103.2028234,-3.09533898,0],[103.2019283,-3.09542792,0]]},"properties":{"name":"Rekonstruksi","description":"Ruas: 035 | BTS. KAB. MUBA - MUARA BELITI | Sta: 46+985 - 47+045 | Tipe: Rekonstruksi | Panjang: 60 m","styleUrl":"#lineStyle111","stroke-opacity":1,"stroke":"#ff0000","stroke-width":4}},{"type":"Feature","geometry":{"type":"Point","coordinates":[103.197682,-3.095673000000001,0]},"properties":{"name":"47+465","description":"Ruas 035 | BTS. KAB. MUBA - MUARA BELITI","styleUrl":"#pointStyle","icon-scale":1.1}},{"type":"Feature","geometry":{"type":"Point","coordinates":[103.197262,-3.09559,0]},"properties":{"name":"47+515","description":"Ruas 035 | BTS. KAB. MUBA - MUARA BELITI","styleUrl":"#pointStyle","icon-scale":1.1}},{"type":"Feature","geometry":{"type":"LineString","coordinates":[[103.197682,-3.095673000000001,0],[103.197262,-3.09559,0]]},"properties":{"name":"Rekonstruksi","description":"Ruas: 035 | BTS. KAB. MUBA - MUARA BELITI | Sta: 47+465 - 47+515 | Tipe: Rekonstruksi | Panjang: 50 m","styleUrl":"#lineStyle112","stroke-opacity":1,"stroke":"#ff0000","stroke-width":4}},{"type":"Feature","geometry":{"type":"Point","coordinates":[103.188291,-3.10514,0]},"properties":{"name":"49+292","description":"Ruas 035 | BTS. KAB. MUBA - MUARA BELITI","styleUrl":"#pointStyle","icon-scale":1.1}},{"type":"Feature","geometry":{"type":"Point","coordinates":[103.18793,-3.105261,0]},"properties":{"name":"49+335","description":"Ruas 035 | BTS. KAB. MUBA - MUARA BELITI","styleUrl":"#pointStyle","icon-scale":1.1}},{"type":"Feature","geometry":{"type":"LineString","coordinates":[[103.1885416,-3.10499715,0],[103.187688,-3.10526571,0]]},"properties":{"name":"Rehab Mayor","description":"Ruas: 035 | BTS. KAB. MUBA - MUARA BELITI | Sta: 49+292 - 49+335 | Tipe: Rehab Mayor | Panjang: 43 m","styleUrl":"#lineStyle113","stroke-opacity":1,"stroke":"#ffff00","stroke-width":4}},{"type":"Feature","geometry":{"type":"Point","coordinates":[103.18793,-3.105261,0]},"properties":{"name":"49+335","description":"Ruas 035 | BTS. KAB. MUBA - MUARA BELITI","styleUrl":"#pointStyle","icon-scale":1.1}},{"type":"Feature","geometry":{"type":"Point","coordinates":[103.186399,-3.105266,0]},"properties":{"name":"49+510","description":"Ruas 035 | BTS. KAB. MUBA - MUARA BELITI","styleUrl":"#pointStyle","icon-scale":1.1}},{"type":"Feature","geometry":{"type":"LineString","coordinates":[[103.187688,-3.10526571,0],[103.1867978,-3.10537461,0]]},"properties":{"name":"Rekonstruksi","description":"Ruas: 035 | BTS. KAB. MUBA - MUARA BELITI | Sta: 49+335 - 49+510 | Tipe: Rekonstruksi | Panjang: 175 m","styleUrl":"#lineStyle114","stroke-opacity":1,"stroke":"#ff0000","stroke-width":4}},{"type":"Feature","geometry":{"type":"Point","coordinates":[103.186399,-3.105266,0]},"properties":{"name":"49+510","description":"Ruas 035 | BTS. KAB. MUBA - MUARA BELITI","styleUrl":"#pointStyle","icon-scale":1.1}},{"type":"Feature","geometry":{"type":"Point","coordinates":[103.181188,-3.104433,0]},"properties":{"name":"50+115","description":"Ruas 035 | BTS. KAB. MUBA - MUARA BELITI","styleUrl":"#pointStyle","icon-scale":1.1}},{"type":"Feature","geometry":{"type":"LineString","coordinates":[[103.1867978,-3.10537461,0],[103.1859253,-3.10516117,0],[103.1850622,-3.1049064,0],[103.1842209,-3.10458837,0],[103.183376,-3.10428297,0],[103.1824819,-3.10419036,0],[103.1815954,-3.10431227,0]]},"properties":{"name":"Rehab Mayor","description":"Ruas: 035 | BTS. KAB. MUBA - MUARA BELITI | Sta: 49+510 - 50+115 | Tipe: Rehab Mayor | Panjang: 605 m","styleUrl":"#lineStyle115","stroke-opacity":1,"stroke":"#ffff00","stroke-width":4}},{"type":"Feature","geometry":{"type":"Point","coordinates":[103.167412,-3.109051,0]},"properties":{"name":"51+800","description":"Ruas 035 | BTS. KAB. MUBA - MUARA BELITI","styleUrl":"#pointStyle","icon-scale":1.1}},{"type":"Feature","geometry":{"type":"Point","coordinates":[103.16586,-3.110838999999999,0]},"properties":{"name":"52+081","description":"Ruas 035 | BTS. KAB. MUBA - MUARA BELITI","styleUrl":"#pointStyle","icon-scale":1.1}},{"type":"Feature","geometry":{"type":"LineString","coordinates":[[103.1675604,-3.10900957,0],[103.1667648,-3.10937724,0],[103.1662125,-3.11007208,0],[103.1658088,-3.11088002,0]]},"properties":{"name":"Rehab Minor","description":"Ruas: 035 | BTS. KAB. MUBA - MUARA BELITI | Sta: 51+800 - 52+081 | Tipe: Rehab Minor | Panjang: 281 m","styleUrl":"#lineStyle116","stroke-opacity":1,"stroke":"#00ff00","stroke-width":4}},{"type":"Feature","geometry":{"type":"Point","coordinates":[103.165659,-3.11118,0]},"properties":{"name":"52+119","description":"Ruas 035 | BTS. KAB. MUBA - MUARA BELITI","styleUrl":"#pointStyle","icon-scale":1.1}},{"type":"Feature","geometry":{"type":"Point","coordinates":[103.161504,-3.116512,0]},"properties":{"name":"52+893","description":"Ruas 035 | BTS. KAB. MUBA - MUARA BELITI","styleUrl":"#pointStyle","icon-scale":1.1}},{"type":"Feature","geometry":{"type":"LineString","coordinates":[[103.1658088,-3.11088002,0],[103.1652799,-3.11160725,0],[103.1646204,-3.1122221,0],[103.1639917,-3.11286847,0],[103.1633138,-3.11346227,0],[103.162734,-3.11415245,0],[103.1623094,-3.11494163,0],[103.1621515,-3.11583128,0],[103.1615896,-3.11645395,0]]},"properties":{"name":"Rekonstruksi","description":"Ruas: 035 | BTS. KAB. MUBA - MUARA BELITI | Sta: 52+119 - 52+893 | Tipe: Rekonstruksi | Panjang: 774 m","styleUrl":"#lineStyle117","stroke-opacity":1,"stroke":"#ff0000","stroke-width":4}},{"type":"Feature","geometry":{"type":"Point","coordinates":[103.161504,-3.116512,0]},"properties":{"name":"52+893","description":"Ruas 035 | BTS. KAB. MUBA - MUARA BELITI","styleUrl":"#pointStyle","icon-scale":1.1}},{"type":"Feature","geometry":{"type":"Point","coordinates":[103.161016,-3.116568,0]},"properties":{"name":"52+945","description":"Ruas 035 | BTS. KAB. MUBA - MUARA BELITI","styleUrl":"#pointStyle","icon-scale":1.1}},{"type":"Feature","geometry":{"type":"LineString","coordinates":[[103.1615896,-3.11645395,0],[103.1607075,-3.11654662,0]]},"properties":{"name":"Rehab Minor","description":"Ruas: 035 | BTS. KAB. MUBA - MUARA BELITI | Sta: 52+893 - 52+945 | Tipe: Rehab Minor | Panjang: 52 m","styleUrl":"#lineStyle118","stroke-opacity":1,"stroke":"#00ff00","stroke-width":4}},{"type":"Feature","geometry":{"type":"Point","coordinates":[103.153669,-3.120069,0]},"properties":{"name":"54+020","description":"Ruas 035 | BTS. KAB. MUBA - MUARA BELITI","styleUrl":"#pointStyle","icon-scale":1.1}},{"type":"Feature","geometry":{"type":"Point","coordinates":[103.153641,-3.120478,0]},"properties":{"name":"54+065","description":"Ruas 035 | BTS. KAB. MUBA - MUARA BELITI","styleUrl":"#pointStyle","icon-scale":1.1}},{"type":"Feature","geometry":{"type":"LineString","coordinates":[[103.1536458,-3.119881,0],[103.1535413,-3.12077646,0]]},"properties":{"name":"Rekonstruksi","description":"Ruas: 035 | BTS. KAB. MUBA - MUARA BELITI | Sta: 54+020 - 54+065 | Tipe: Rekonstruksi | Panjang: 45 m","styleUrl":"#lineStyle119","stroke-opacity":1,"stroke":"#ff0000","stroke-width":4}},{"type":"Feature","geometry":{"type":"Point","coordinates":[103.153696,-3.123561,0]},"properties":{"name":"54+420","description":"Ruas 035 | BTS. KAB. MUBA - MUARA BELITI","styleUrl":"#pointStyle","icon-scale":1.1}},{"type":"Feature","geometry":{"type":"Point","coordinates":[103.153597,-3.124231,0]},"properties":{"name":"54+495","description":"Ruas 035 | BTS. KAB. MUBA - MUARA BELITI","styleUrl":"#pointStyle","icon-scale":1.1}},{"type":"Feature","geometry":{"type":"LineString","coordinates":[[103.1536927,-3.12341915,0],[103.1535444,-3.12431097,0]]},"properties":{"name":"Rekonstruksi","description":"Ruas: 035 | BTS. KAB. MUBA - MUARA BELITI | Sta: 54+420 - 54+495 | Tipe: Rekonstruksi | Panjang: 75 m","styleUrl":"#lineStyle120","stroke-opacity":1,"stroke":"#ff0000","stroke-width":4}},{"type":"Feature","geometry":{"type":"Point","coordinates":[103.143797,-3.128415,0]},"properties":{"name":"55+900","description":"Ruas 035 | BTS. KAB. MUBA - MUARA BELITI","styleUrl":"#pointStyle","icon-scale":1.1}},{"type":"Feature","geometry":{"type":"Point","coordinates":[103.142387,-3.127846,0]},"properties":{"name":"56+080","description":"Ruas 035 | BTS. KAB. MUBA - MUARA BELITI","styleUrl":"#pointStyle","icon-scale":1.1}},{"type":"Feature","geometry":{"type":"LineString","coordinates":[[103.1436496,-3.12832536,0],[103.1428721,-3.1278748,0],[103.1420076,-3.12800516,0]]},"properties":{"name":"Rehab Mayor","description":"Ruas: 035 | BTS. KAB. MUBA - MUARA BELITI | Sta: 55+900 - 56+080 | Tipe: Rehab Mayor | Panjang: 180 m","styleUrl":"#lineStyle121","stroke-opacity":1,"stroke":"#ffff00","stroke-width":4}},{"type":"Feature","geometry":{"type":"Point","coordinates":[103.142387,-3.127846,0]},"properties":{"name":"56+080","description":"Ruas 035 | BTS. KAB. MUBA - MUARA BELITI","styleUrl":"#pointStyle","icon-scale":1.1}},{"type":"Feature","geometry":{"type":"Point","coordinates":[103.141653,-3.128239999999999,0]},"properties":{"name":"56+175","description":"Ruas 035 | BTS. KAB. MUBA - MUARA BELITI","styleUrl":"#pointStyle","icon-scale":1.1}},{"type":"Feature","geometry":{"type":"LineString","coordinates":[[103.142387,-3.127846,0],[103.141653,-3.128239999999999,0]]},"properties":{"name":"Rekonstruksi","description":"Ruas: 035 | BTS. KAB. MUBA - MUARA BELITI | Sta: 56+080 - 56+175 | Tipe: Rekonstruksi | Panjang: 95 m","styleUrl":"#lineStyle122","stroke-opacity":1,"stroke":"#ff0000","stroke-width":4}},{"type":"Feature","geometry":{"type":"Point","coordinates":[103.141537,-3.128323,0]},"properties":{"name":"56+190","description":"Ruas 035 | BTS. KAB. MUBA - MUARA BELITI","styleUrl":"#pointStyle","icon-scale":1.1}},{"type":"Feature","geometry":{"type":"Point","coordinates":[103.14112,-3.128865999999999,0]},"properties":{"name":"56+265","description":"Ruas 035 | BTS. KAB. MUBA - MUARA BELITI","styleUrl":"#pointStyle","icon-scale":1.1}},{"type":"Feature","geometry":{"type":"LineString","coordinates":[[103.141537,-3.128323,0],[103.14112,-3.128865999999999,0]]},"properties":{"name":"Rehab Mayor","description":"Ruas: 035 | BTS. KAB. MUBA - MUARA BELITI | Sta: 56+190 - 56+265 | Tipe: Rehab Mayor | Panjang: 75 m","styleUrl":"#lineStyle123","stroke-opacity":1,"stroke":"#ffff00","stroke-width":4}},{"type":"Feature","geometry":{"type":"Point","coordinates":[103.104765,-3.144512000000001,0]},"properties":{"name":"61+475","description":"Ruas 035 | BTS. KAB. MUBA - MUARA BELITI","styleUrl":"#pointStyle","icon-scale":1.1}},{"type":"Feature","geometry":{"type":"Point","coordinates":[103.104749,-3.150143,0]},"properties":{"name":"62+115","description":"Ruas 035 | BTS. KAB. MUBA - MUARA BELITI","styleUrl":"#pointStyle","icon-scale":1.1}},{"type":"Feature","geometry":{"type":"LineString","coordinates":[[103.1047406,-3.14439488,0],[103.1047001,-3.1452971,0],[103.1047741,-3.14619819,0],[103.1048291,-3.14710058,0],[103.1047963,-3.14800371,0],[103.1048352,-3.14890655,0],[103.1047658,-3.14980603,0]]},"properties":{"name":"Rehab Minor","description":"Ruas: 035 | BTS. KAB. MUBA - MUARA BELITI | Sta: 61+475 - 62+115 | Tipe: Rehab Minor | Panjang: 640 m","styleUrl":"#lineStyle124","stroke-opacity":1,"stroke":"#00ff00","stroke-width":4}},{"type":"Feature","geometry":{"type":"Point","coordinates":[103.107416,-3.159506,0]},"properties":{"name":"63+225","description":"Ruas 035 | BTS. KAB. MUBA - MUARA BELITI","styleUrl":"#pointStyle","icon-scale":1.1}},{"type":"Feature","geometry":{"type":"Point","coordinates":[103.107752,-3.160347,0]},"properties":{"name":"63+325","description":"Ruas 035 | BTS. KAB. MUBA - MUARA BELITI","styleUrl":"#pointStyle","icon-scale":1.1}},{"type":"Feature","geometry":{"type":"LineString","coordinates":[[103.1075018,-3.15993888,0],[103.1079885,-3.16068288,0]]},"properties":{"name":"Rehab Minor","description":"Ruas: 035 | BTS. KAB. MUBA - MUARA BELITI | Sta: 63+225 - 63+325 | Tipe: Rehab Minor | Panjang: 100 m","styleUrl":"#lineStyle125","stroke-opacity":1,"stroke":"#00ff00","stroke-width":4}},{"type":"Feature","geometry":{"type":"Point","coordinates":[103.107752,-3.160347,0]},"properties":{"name":"63+325","description":"Ruas 035 | BTS. KAB. MUBA - MUARA BELITI","styleUrl":"#pointStyle","icon-scale":1.1}},{"type":"Feature","geometry":{"type":"Point","coordinates":[103.1079,-3.160664,0]},"properties":{"name":"63+375","description":"Ruas 035 | BTS. KAB. MUBA - MUARA BELITI","styleUrl":"#pointStyle","icon-scale":1.1}},{"type":"Feature","geometry":{"type":"LineString","coordinates":[[103.107752,-3.160347,0],[103.1079,-3.160664,0]]},"properties":{"name":"Rehab Mayor","description":"Ruas: 035 | BTS. KAB. MUBA - MUARA BELITI | Sta: 63+325 - 63+375 | Tipe: Rehab Mayor | Panjang: 50 m","styleUrl":"#lineStyle126","stroke-opacity":1,"stroke":"#ffff00","stroke-width":4}},{"type":"Feature","geometry":{"type":"Point","coordinates":[103.109297,-3.161063,0]},"properties":{"name":"63+525","description":"Ruas 035 | BTS. KAB. MUBA - MUARA BELITI","styleUrl":"#pointStyle","icon-scale":1.1}},{"type":"Feature","geometry":{"type":"Point","coordinates":[103.109989,-3.162153,0]},"properties":{"name":"63+676","description":"Ruas 035 | BTS. KAB. MUBA - MUARA BELITI","styleUrl":"#pointStyle","icon-scale":1.1}},{"type":"Feature","geometry":{"type":"LineString","coordinates":[[103.1096369,-3.16134852,0],[103.1099389,-3.16217496,0]]},"properties":{"name":"Rehab Minor","description":"Ruas: 035 | BTS. KAB. MUBA - MUARA BELITI | Sta: 63+525 - 63+676 | Tipe: Rehab Minor | Panjang: 151 m","styleUrl":"#lineStyle127","stroke-opacity":1,"stroke":"#00ff00","stroke-width":4}},{"type":"Feature","geometry":{"type":"Point","coordinates":[103.108484,-3.168693,0]},"properties":{"name":"64+500","description":"Ruas 035 | BTS. KAB. MUBA - MUARA BELITI","styleUrl":"#pointStyle","icon-scale":1.1}},{"type":"Feature","geometry":{"type":"Point","coordinates":[103.107127,-3.169439,0]},"properties":{"name":"64+675","description":"Ruas 035 | BTS. KAB. MUBA - MUARA BELITI","styleUrl":"#pointStyle","icon-scale":1.1}},{"type":"Feature","geometry":{"type":"LineString","coordinates":[[103.1085137,-3.168635,0],[103.1077708,-3.16914284,0],[103.1069289,-3.1694578,0]]},"properties":{"name":"Rehab Mayor","description":"Ruas: 035 | BTS. KAB. MUBA - MUARA BELITI | Sta: 64+500 - 64+675 | Tipe: Rehab Mayor | Panjang: 175 m","styleUrl":"#lineStyle128","stroke-opacity":1,"stroke":"#ffff00","stroke-width":4}},{"type":"Feature","geometry":{"type":"Point","coordinates":[103.104825,-3.170017000000001,0]},"properties":{"name":"64+945","description":"Ruas 035 | BTS. KAB. MUBA - MUARA BELITI","styleUrl":"#pointStyle","icon-scale":1.1}},{"type":"Feature","geometry":{"type":"Point","coordinates":[103.104248,-3.170341000000001,0]},"properties":{"name":"65+020","description":"Ruas 035 | BTS. KAB. MUBA - MUARA BELITI","styleUrl":"#pointStyle","icon-scale":1.1}},{"type":"Feature","geometry":{"type":"LineString","coordinates":[[103.10518,-3.16986558,0],[103.1043786,-3.17027223,0]]},"properties":{"name":"Rekonstruksi","description":"Ruas: 035 | BTS. KAB. MUBA - MUARA BELITI | Sta: 64+945 - 65+020 | Tipe: Rekonstruksi | Panjang: 75 m","styleUrl":"#lineStyle129","stroke-opacity":1,"stroke":"#ff0000","stroke-width":4}},{"type":"Feature","geometry":{"type":"Point","coordinates":[103.087926,-3.171904,0]},"properties":{"name":"66+910","description":"Ruas 035 | BTS. KAB. MUBA - MUARA BELITI","styleUrl":"#pointStyle","icon-scale":1.1}},{"type":"Feature","geometry":{"type":"Point","coordinates":[103.085505,-3.172739,0]},"properties":{"name":"67+200","description":"Ruas 035 | BTS. KAB. MUBA - MUARA BELITI","styleUrl":"#pointStyle","icon-scale":1.1}},{"type":"Feature","geometry":{"type":"LineString","coordinates":[[103.0878744,-3.1718833,0],[103.0869905,-3.17202467,0],[103.0861461,-3.17233322,0],[103.0853983,-3.17282284,0]]},"properties":{"name":"Rehab Minor","description":"Ruas: 035 | BTS. KAB. MUBA - MUARA BELITI | Sta: 66+910 - 67+200 | Tipe: Rehab Minor | Panjang: 290 m","styleUrl":"#lineStyle130","stroke-opacity":1,"stroke":"#00ff00","stroke-width":4}},{"type":"Feature","geometry":{"type":"Point","coordinates":[103.08534,-3.172955,0]},"properties":{"name":"67+232","description":"Ruas 035 | BTS. KAB. MUBA - MUARA BELITI","styleUrl":"#pointStyle","icon-scale":1.1}},{"type":"Feature","geometry":{"type":"Point","coordinates":[103.081705,-3.176494,0]},"properties":{"name":"67+800","description":"Ruas 035 | BTS. KAB. MUBA - MUARA BELITI","styleUrl":"#pointStyle","icon-scale":1.1}},{"type":"Feature","geometry":{"type":"LineString","coordinates":[[103.0853983,-3.17282284,0],[103.0848376,-3.17352631,0],[103.0841767,-3.17413965,0],[103.0835118,-3.17474819,0],[103.0828155,-3.17532054,0],[103.0821426,-3.17592036,0],[103.0816109,-3.17664096,0]]},"properties":{"name":"Rehab Minor","description":"Ruas: 035 | BTS. KAB. MUBA - MUARA BELITI | Sta: 67+232 - 67+800 | Tipe: Rehab Minor | Panjang: 568 m","styleUrl":"#lineStyle131","stroke-opacity":1,"stroke":"#00ff00","stroke-width":4}},{"type":"Feature","geometry":{"type":"Point","coordinates":[103.082359,-3.180152999999999,0]},"properties":{"name":"68+225","description":"Ruas 035 | BTS. KAB. MUBA - MUARA BELITI","styleUrl":"#pointStyle","icon-scale":1.1}},{"type":"Feature","geometry":{"type":"Point","coordinates":[103.082299,-3.181019,0]},"properties":{"name":"68+325","description":"Ruas 035 | BTS. KAB. MUBA - MUARA BELITI","styleUrl":"#pointStyle","icon-scale":1.1}},{"type":"Feature","geometry":{"type":"LineString","coordinates":[[103.0823141,-3.18013367,0],[103.0822775,-3.18101707,0]]},"properties":{"name":"Rehab Minor","description":"Ruas: 035 | BTS. KAB. MUBA - MUARA BELITI | Sta: 68+225 - 68+325 | Tipe: Rehab Minor | Panjang: 100 m","styleUrl":"#lineStyle132","stroke-opacity":1,"stroke":"#00ff00","stroke-width":4}},{"type":"Feature","geometry":{"type":"Point","coordinates":[103.081781,-3.182553,0]},"properties":{"name":"68+500","description":"Ruas 035 | BTS. KAB. MUBA - MUARA BELITI","styleUrl":"#pointStyle","icon-scale":1.1}},{"type":"Feature","geometry":{"type":"Point","coordinates":[103.081011,-3.183319,0]},"properties":{"name":"68+625","description":"Ruas 035 | BTS. KAB. MUBA - MUARA BELITI","styleUrl":"#pointStyle","icon-scale":1.1}},{"type":"Feature","geometry":{"type":"LineString","coordinates":[[103.0816663,-3.18270907,0],[103.0809931,-3.18329673,0]]},"properties":{"name":"Rehab Minor","description":"Ruas: 035 | BTS. KAB. MUBA - MUARA BELITI | Sta: 68+500 - 68+625 | Tipe: Rehab Minor | Panjang: 125 m","styleUrl":"#lineStyle133","stroke-opacity":1,"stroke":"#00ff00","stroke-width":4}},{"type":"Feature","geometry":{"type":"Point","coordinates":[103.081011,-3.183319,0]},"properties":{"name":"68+625","description":"Ruas 035 | BTS. KAB. MUBA - MUARA BELITI","styleUrl":"#pointStyle","icon-scale":1.1}},{"type":"Feature","geometry":{"type":"Point","coordinates":[103.080314,-3.183819,0]},"properties":{"name":"68+725","description":"Ruas 035 | BTS. KAB. MUBA - MUARA BELITI","styleUrl":"#pointStyle","icon-scale":1.1}},{"type":"Feature","geometry":{"type":"LineString","coordinates":[[103.0809931,-3.18329673,0],[103.0802921,-3.18384962,0]]},"properties":{"name":"Rehab Mayor","description":"Ruas: 035 | BTS. KAB. MUBA - MUARA BELITI | Sta: 68+625 - 68+725 | Tipe: Rehab Mayor | Panjang: 100 m","styleUrl":"#lineStyle134","stroke-opacity":1,"stroke":"#ffff00","stroke-width":4}},{"type":"Feature","geometry":{"type":"Point","coordinates":[103.080314,-3.183819,0]},"properties":{"name":"68+725","description":"Ruas 035 | BTS. KAB. MUBA - MUARA BELITI","styleUrl":"#pointStyle","icon-scale":1.1}},{"type":"Feature","geometry":{"type":"Point","coordinates":[103.08006,-3.184438,0]},"properties":{"name":"68+795","description":"Ruas 035 | BTS. KAB. MUBA - MUARA BELITI","styleUrl":"#pointStyle","icon-scale":1.1}},{"type":"Feature","geometry":{"type":"LineString","coordinates":[[103.0802921,-3.18384962,0],[103.0799755,-3.18468771,0]]},"properties":{"name":"Rehab Minor","description":"Ruas: 035 | BTS. KAB. MUBA - MUARA BELITI | Sta: 68+725 - 68+795 | Tipe: Rehab Minor | Panjang: 70 m","styleUrl":"#lineStyle135","stroke-opacity":1,"stroke":"#00ff00","stroke-width":4}},{"type":"Feature","geometry":{"type":"Point","coordinates":[103.08006,-3.184438,0]},"properties":{"name":"68+795","description":"Ruas 035 | BTS. KAB. MUBA - MUARA BELITI","styleUrl":"#pointStyle","icon-scale":1.1}},{"type":"Feature","geometry":{"type":"Point","coordinates":[103.080006,-3.18461,0]},"properties":{"name":"68+815","description":"Ruas 035 | BTS. KAB. MUBA - MUARA BELITI","styleUrl":"#pointStyle","icon-scale":1.1}},{"type":"Feature","geometry":{"type":"LineString","coordinates":[[103.08006,-3.184438,0],[103.080006,-3.18461,0]]},"properties":{"name":"Rekonstruksi","description":"Ruas: 035 | BTS. KAB. MUBA - MUARA BELITI | Sta: 68+795 - 68+815 | Tipe: Rekonstruksi | Panjang: 20 m","styleUrl":"#lineStyle136","stroke-opacity":1,"stroke":"#ff0000","stroke-width":4}},{"type":"Feature","geometry":{"type":"Point","coordinates":[103.080048,-3.189738,0]},"properties":{"name":"69+445","description":"Ruas 035 | BTS. KAB. MUBA - MUARA BELITI","styleUrl":"#pointStyle","icon-scale":1.1}},{"type":"Feature","geometry":{"type":"Point","coordinates":[103.07887,-3.190641,0]},"properties":{"name":"69+613","description":"Ruas 035 | BTS. KAB. MUBA - MUARA BELITI","styleUrl":"#pointStyle","icon-scale":1.1}},{"type":"Feature","geometry":{"type":"LineString","coordinates":[[103.0801266,-3.18963153,0],[103.0793964,-3.19015942,0],[103.0787204,-3.19075461,0]]},"properties":{"name":"Rekonstruksi","description":"Ruas: 035 | BTS. KAB. MUBA - MUARA BELITI | Sta: 69+445 - 69+613 | Tipe: Rekonstruksi | Panjang: 168 m","styleUrl":"#lineStyle137","stroke-opacity":1,"stroke":"#ff0000","stroke-width":4}},{"type":"Feature","geometry":{"type":"Point","coordinates":[103.07887,-3.190641,0]},"properties":{"name":"69+613","description":"Ruas 035 | BTS. KAB. MUBA - MUARA BELITI","styleUrl":"#pointStyle","icon-scale":1.1}},{"type":"Feature","geometry":{"type":"Point","coordinates":[103.078587,-3.190937,0]},"properties":{"name":"69+663","description":"Ruas 035 | BTS. KAB. MUBA - MUARA BELITI","styleUrl":"#pointStyle","icon-scale":1.1}},{"type":"Feature","geometry":{"type":"LineString","coordinates":[[103.07887,-3.190641,0],[103.078587,-3.190937,0]]},"properties":{"name":"Rehab Mayor","description":"Ruas: 035 | BTS. KAB. MUBA - MUARA BELITI | Sta: 69+613 - 69+663 | Tipe: Rehab Mayor | Panjang: 50 m","styleUrl":"#lineStyle138","stroke-opacity":1,"stroke":"#ffff00","stroke-width":4}},{"type":"Feature","geometry":{"type":"Point","coordinates":[103.078587,-3.190937,0]},"properties":{"name":"69+663","description":"Ruas 035 | BTS. KAB. MUBA - MUARA BELITI","styleUrl":"#pointStyle","icon-scale":1.1}},{"type":"Feature","geometry":{"type":"Point","coordinates":[103.078065,-3.191611,0]},"properties":{"name":"69+762","description":"Ruas 035 | BTS. KAB. MUBA - MUARA BELITI","styleUrl":"#pointStyle","icon-scale":1.1}},{"type":"Feature","geometry":{"type":"LineString","coordinates":[[103.0787204,-3.19075461,0],[103.0781751,-3.19147147,0]]},"properties":{"name":"Rehab Minor","description":"Ruas: 035 | BTS. KAB. MUBA - MUARA BELITI | Sta: 69+663 - 69+762 | Tipe: Rehab Minor | Panjang: 99 m","styleUrl":"#lineStyle139","stroke-opacity":1,"stroke":"#00ff00","stroke-width":4}},{"type":"Feature","geometry":{"type":"Point","coordinates":[103.078065,-3.191611,0]},"properties":{"name":"69+762","description":"Ruas 035 | BTS. KAB. MUBA - MUARA BELITI","styleUrl":"#pointStyle","icon-scale":1.1}},{"type":"Feature","geometry":{"type":"Point","coordinates":[103.077792,-3.192055,0]},"properties":{"name":"69+812","description":"Ruas 035 | BTS. KAB. MUBA - MUARA BELITI","styleUrl":"#pointStyle","icon-scale":1.1}},{"type":"Feature","geometry":{"type":"LineString","coordinates":[[103.0781751,-3.19147147,0],[103.0776414,-3.19219882,0]]},"properties":{"name":"Rehab Mayor","description":"Ruas: 035 | BTS. KAB. MUBA - MUARA BELITI | Sta: 69+762 - 69+812 | Tipe: Rehab Mayor | Panjang: 50 m","styleUrl":"#lineStyle140","stroke-opacity":1,"stroke":"#ffff00","stroke-width":4}},{"type":"Feature","geometry":{"type":"Point","coordinates":[103.077613,-3.192231,0]},"properties":{"name":"69+836","description":"Ruas 035 | BTS. KAB. MUBA - MUARA BELITI","styleUrl":"#pointStyle","icon-scale":1.1}},{"type":"Feature","geometry":{"type":"Point","coordinates":[103.077424,-3.192405,0]},"properties":{"name":"70+000","description":"Ruas 035 | BTS. KAB. MUBA - MUARA BELITI","styleUrl":"#pointStyle","icon-scale":1.1}},{"type":"Feature","geometry":{"type":"LineString","coordinates":[[103.077613,-3.192231,0],[103.077424,-3.192405,0]]},"properties":{"name":"Rehab Mayor","description":"Ruas: 035 | BTS. KAB. MUBA - MUARA BELITI | Sta: 69+836 - 70+000 | Tipe: Rehab Mayor | Panjang: 164 m","styleUrl":"#lineStyle141","stroke-opacity":1,"stroke":"#ffff00","stroke-width":4}},{"type":"Feature","geometry":{"type":"Point","coordinates":[103.077424,-3.192405,0]},"properties":{"name":"70+000","description":"Ruas 035 | BTS. KAB. MUBA - MUARA BELITI","styleUrl":"#pointStyle","icon-scale":1.1}},{"type":"Feature","geometry":{"type":"Point","coordinates":[103.076002,-3.194116,0]},"properties":{"name":"70+125","description":"Ruas 035 | BTS. KAB. MUBA - MUARA BELITI","styleUrl":"#pointStyle","icon-scale":1.1}},{"type":"Feature","geometry":{"type":"LineString","coordinates":[[103.0776414,-3.19219882,0],[103.0770477,-3.19287743,0],[103.0764882,-3.1935854,0],[103.0759319,-3.1942958,0]]},"properties":{"name":"Rehab Minor","description":"Ruas: 035 | BTS. KAB. MUBA - MUARA BELITI | Sta: 70+000 - 70+125 | Tipe: Rehab Minor | Panjang: 125 m","styleUrl":"#lineStyle142","stroke-opacity":1,"stroke":"#00ff00","stroke-width":4}},{"type":"Feature","geometry":{"type":"Point","coordinates":[103.076002,-3.194116,0]},"properties":{"name":"70+125","description":"Ruas 035 | BTS. KAB. MUBA - MUARA BELITI","styleUrl":"#pointStyle","icon-scale":1.1}},{"type":"Feature","geometry":{"type":"Point","coordinates":[103.073937,-3.197152,0]},"properties":{"name":"70+537","description":"Ruas 035 | BTS. KAB. MUBA - MUARA BELITI","styleUrl":"#pointStyle","icon-scale":1.1}},{"type":"Feature","geometry":{"type":"LineString","coordinates":[[103.0759319,-3.1942958,0],[103.0755507,-3.19511013,0],[103.0752381,-3.19595702,0],[103.0746739,-3.19665213,0],[103.0739181,-3.19713912,0]]},"properties":{"name":"Rehab Mayor","description":"Ruas: 035 | BTS. KAB. MUBA - MUARA BELITI | Sta: 70+125 - 70+537 | Tipe: Rehab Mayor | Panjang: 412 m","styleUrl":"#lineStyle143","stroke-opacity":1,"stroke":"#ffff00","stroke-width":4}},{"type":"Feature","geometry":{"type":"Point","coordinates":[103.073937,-3.197152,0]},"properties":{"name":"70+537","description":"Ruas 035 | BTS. KAB. MUBA - MUARA BELITI","styleUrl":"#pointStyle","icon-scale":1.1}},{"type":"Feature","geometry":{"type":"Point","coordinates":[103.073071,-3.197665000000001,0]},"properties":{"name":"70+650","description":"Ruas 035 | BTS. KAB. MUBA - MUARA BELITI","styleUrl":"#pointStyle","icon-scale":1.1}},{"type":"Feature","geometry":{"type":"LineString","coordinates":[[103.0739181,-3.19713912,0],[103.0731409,-3.19759132,0]]},"properties":{"name":"Rekonstruksi","description":"Ruas: 035 | BTS. KAB. MUBA - MUARA BELITI | Sta: 70+537 - 70+650 | Tipe: Rekonstruksi | Panjang: 113 m","styleUrl":"#lineStyle144","stroke-opacity":1,"stroke":"#ff0000","stroke-width":4}},{"type":"Feature","geometry":{"type":"Point","coordinates":[103.073071,-3.197665000000001,0]},"properties":{"name":"70+650","description":"Ruas 035 | BTS. KAB. MUBA - MUARA BELITI","styleUrl":"#pointStyle","icon-scale":1.1}},{"type":"Feature","geometry":{"type":"Point","coordinates":[103.072404,-3.19871,0]},"properties":{"name":"70+790","description":"Ruas 035 | BTS. KAB. MUBA - MUARA BELITI","styleUrl":"#pointStyle","icon-scale":1.1}},{"type":"Feature","geometry":{"type":"LineString","coordinates":[[103.0731409,-3.19759132,0],[103.0725803,-3.19827959,0],[103.0722261,-3.19911045,0]]},"properties":{"name":"Rehab Mayor","description":"Ruas: 035 | BTS. KAB. MUBA - MUARA BELITI | Sta: 70+650 - 70+790 | Tipe: Rehab Mayor | Panjang: 140 m","styleUrl":"#lineStyle145","stroke-opacity":1,"stroke":"#ffff00","stroke-width":4}},{"type":"Feature","geometry":{"type":"Point","coordinates":[103.072404,-3.19871,0]},"properties":{"name":"70+790","description":"Ruas 035 | BTS. KAB. MUBA - MUARA BELITI","styleUrl":"#pointStyle","icon-scale":1.1}},{"type":"Feature","geometry":{"type":"Point","coordinates":[103.072223,-3.199143,0]},"properties":{"name":"70+850","description":"Ruas 035 | BTS. KAB. MUBA - MUARA BELITI","styleUrl":"#pointStyle","icon-scale":1.1}},{"type":"Feature","geometry":{"type":"LineString","coordinates":[[103.072404,-3.19871,0],[103.072223,-3.199143,0]]},"properties":{"name":"Rekonstruksi","description":"Ruas: 035 | BTS. KAB. MUBA - MUARA BELITI | Sta: 70+790 - 70+850 | Tipe: Rekonstruksi | Panjang: 60 m","styleUrl":"#lineStyle146","stroke-opacity":1,"stroke":"#ff0000","stroke-width":4}},{"type":"Feature","geometry":{"type":"Point","coordinates":[103.072223,-3.199143,0]},"properties":{"name":"70+850","description":"Ruas 035 | BTS. KAB. MUBA - MUARA BELITI","styleUrl":"#pointStyle","icon-scale":1.1}},{"type":"Feature","geometry":{"type":"Point","coordinates":[103.072676,-3.201692,0]},"properties":{"name":"71+150","description":"Ruas 035 | BTS. KAB. MUBA - MUARA BELITI","styleUrl":"#pointStyle","icon-scale":1.1}},{"type":"Feature","geometry":{"type":"LineString","coordinates":[[103.0722261,-3.19911045,0],[103.071951,-3.19996837,0],[103.0721047,-3.20084788,0],[103.0725376,-3.20163811,0]]},"properties":{"name":"Rehab Mayor","description":"Ruas: 035 | BTS. KAB. MUBA - MUARA BELITI | Sta: 70+850 - 71+150 | Tipe: Rehab Mayor | Panjang: 300 m","styleUrl":"#lineStyle147","stroke-opacity":1,"stroke":"#ffff00","stroke-width":4}},{"type":"Feature","geometry":{"type":"Point","coordinates":[103.072676,-3.201692,0]},"properties":{"name":"71+150","description":"Ruas 035 | BTS. KAB. MUBA - MUARA BELITI","styleUrl":"#pointStyle","icon-scale":1.1}},{"type":"Feature","geometry":{"type":"Point","coordinates":[103.072999,-3.202014999999999,0]},"properties":{"name":"71+200","description":"Ruas 035 | BTS. KAB. MUBA - MUARA BELITI","styleUrl":"#pointStyle","icon-scale":1.1}},{"type":"Feature","geometry":{"type":"LineString","coordinates":[[103.0725376,-3.20163811,0],[103.0731831,-3.20226609,0]]},"properties":{"name":"Rekonstruksi","description":"Ruas: 035 | BTS. KAB. MUBA - MUARA BELITI | Sta: 71+150 - 71+200 | Tipe: Rekonstruksi | Panjang: 50 m","styleUrl":"#lineStyle148","stroke-opacity":1,"stroke":"#ff0000","stroke-width":4}},{"type":"Feature","geometry":{"type":"Point","coordinates":[103.072999,-3.202014999999999,0]},"properties":{"name":"71+200","description":"Ruas 035 | BTS. KAB. MUBA - MUARA BELITI","styleUrl":"#pointStyle","icon-scale":1.1}},{"type":"Feature","geometry":{"type":"Point","coordinates":[103.073342,-3.20232,0]},"properties":{"name":"71+250","description":"Ruas 035 | BTS. KAB. MUBA - MUARA BELITI","styleUrl":"#pointStyle","icon-scale":1.1}},{"type":"Feature","geometry":{"type":"LineString","coordinates":[[103.072999,-3.202014999999999,0],[103.073342,-3.20232,0]]},"properties":{"name":"Rehab Mayor","description":"Ruas: 035 | BTS. KAB. MUBA - MUARA BELITI | Sta: 71+200 - 71+250 | Tipe: Rehab Mayor | Panjang: 50 m","styleUrl":"#lineStyle149","stroke-opacity":1,"stroke":"#ffff00","stroke-width":4}},{"type":"Feature","geometry":{"type":"Point","coordinates":[103.073342,-3.20232,0]},"properties":{"name":"71+250","description":"Ruas 035 | BTS. KAB. MUBA - MUARA BELITI","styleUrl":"#pointStyle","icon-scale":1.1}},{"type":"Feature","geometry":{"type":"Point","coordinates":[103.07381,-3.202874,0]},"properties":{"name":"71+350","description":"Ruas 035 | BTS. KAB. MUBA - MUARA BELITI","styleUrl":"#pointStyle","icon-scale":1.1}},{"type":"Feature","geometry":{"type":"LineString","coordinates":[[103.0731831,-3.20226609,0],[103.0737856,-3.20293527,0]]},"properties":{"name":"Rehab Minor","description":"Ruas: 035 | BTS. KAB. MUBA - MUARA BELITI | Sta: 71+250 - 71+350 | Tipe: Rehab Minor | Panjang: 100 m","styleUrl":"#lineStyle150","stroke-opacity":1,"stroke":"#00ff00","stroke-width":4}},{"type":"Feature","geometry":{"type":"Point","coordinates":[103.07381,-3.202874,0]},"properties":{"name":"71+350","description":"Ruas 035 | BTS. KAB. MUBA - MUARA BELITI","styleUrl":"#pointStyle","icon-scale":1.1}},{"type":"Feature","geometry":{"type":"Point","coordinates":[103.073318,-3.206558,0]},"properties":{"name":"72+011","description":"Ruas 035 | BTS. KAB. MUBA - MUARA BELITI","styleUrl":"#pointStyle","icon-scale":1.1}},{"type":"Feature","geometry":{"type":"LineString","coordinates":[[103.0737856,-3.20293527,0],[103.0742763,-3.20368694,0],[103.0745546,-3.20454329,0],[103.074299,-3.20540233,0],[103.0737474,-3.2061111,0],[103.0731547,-3.20678546,0]]},"properties":{"name":"Rehab Mayor","description":"Ruas: 035 | BTS. KAB. MUBA - MUARA BELITI | Sta: 71+350 - 72+011 | Tipe: Rehab Mayor | Panjang: 661 m","styleUrl":"#lineStyle151","stroke-opacity":1,"stroke":"#ffff00","stroke-width":4}},{"type":"Feature","geometry":{"type":"Point","coordinates":[103.072387,-3.208141,0]},"properties":{"name":"72+038","description":"Ruas 035 | BTS. KAB. MUBA - MUARA BELITI","styleUrl":"#pointStyle","icon-scale":1.1}},{"type":"Feature","geometry":{"type":"Point","coordinates":[103.071552,-3.208899999999999,0]},"properties":{"name":"72+166","description":"Ruas 035 | BTS. KAB. MUBA - MUARA BELITI","styleUrl":"#pointStyle","icon-scale":1.1}},{"type":"Feature","geometry":{"type":"LineString","coordinates":[[103.0722407,-3.20830261,0],[103.0715669,-3.20889949,0]]},"properties":{"name":"Rehab Mayor","description":"Ruas: 035 | BTS. KAB. MUBA - MUARA BELITI | Sta: 72+038 - 72+166 | Tipe: Rehab Mayor | Panjang: 128 m","styleUrl":"#lineStyle152","stroke-opacity":1,"stroke":"#ffff00","stroke-width":4}},{"type":"Feature","geometry":{"type":"Point","coordinates":[103.060521,-3.218526000000001,0]},"properties":{"name":"74+053","description":"Ruas 035 | BTS. KAB. MUBA - MUARA BELITI","styleUrl":"#pointStyle","icon-scale":1.1}},{"type":"Feature","geometry":{"type":"Point","coordinates":[103.060298,-3.218915,0]},"properties":{"name":"74+103","description":"Ruas 035 | BTS. KAB. MUBA - MUARA BELITI","styleUrl":"#pointStyle","icon-scale":1.1}},{"type":"Feature","geometry":{"type":"LineString","coordinates":[[103.060521,-3.218526000000001,0],[103.060298,-3.218915,0]]},"properties":{"name":"Rehab Mayor","description":"Ruas: 035 | BTS. KAB. MUBA - MUARA BELITI | Sta: 74+053 - 74+103 | Tipe: Rehab Mayor | Panjang: 50 m","styleUrl":"#lineStyle153","stroke-opacity":1,"stroke":"#ffff00","stroke-width":4}},{"type":"Feature","geometry":{"type":"Point","coordinates":[103.057024,-3.227278000000001,0]},"properties":{"name":"75+146","description":"Ruas 035 | BTS. KAB. MUBA - MUARA BELITI","styleUrl":"#pointStyle","icon-scale":1.1}},{"type":"Feature","geometry":{"type":"Point","coordinates":[103.055901,-3.228727,0]},"properties":{"name":"75+360","description":"Ruas 035 | BTS. KAB. MUBA - MUARA BELITI","styleUrl":"#pointStyle","icon-scale":1.1}},{"type":"Feature","geometry":{"type":"LineString","coordinates":[[103.0569309,-3.22767328,0],[103.0563481,-3.22835003,0],[103.0556216,-3.22888184,0]]},"properties":{"name":"Rehab Minor","description":"Ruas: 035 | BTS. KAB. MUBA - MUARA BELITI | Sta: 75+146 - 75+360 | Tipe: Rehab Minor | Panjang: 214 m","styleUrl":"#lineStyle154","stroke-opacity":1,"stroke":"#00ff00","stroke-width":4}},{"type":"Feature","geometry":{"type":"Point","coordinates":[103.054742,-3.229199,0]},"properties":{"name":"75+500","description":"Ruas 035 | BTS. KAB. MUBA - MUARA BELITI","styleUrl":"#pointStyle","icon-scale":1.1}},{"type":"Feature","geometry":{"type":"Point","coordinates":[103.053306,-3.230068,0]},"properties":{"name":"75+700","description":"Ruas 035 | BTS. KAB. MUBA - MUARA BELITI","styleUrl":"#pointStyle","icon-scale":1.1}},{"type":"Feature","geometry":{"type":"LineString","coordinates":[[103.0547844,-3.22920137,0],[103.0539111,-3.22939653,0],[103.0532921,-3.23002617,0]]},"properties":{"name":"Rehab Minor","description":"Ruas: 035 | BTS. KAB. MUBA - MUARA BELITI | Sta: 75+500 - 75+700 | Tipe: Rehab Minor | Panjang: 200 m","styleUrl":"#lineStyle155","stroke-opacity":1,"stroke":"#00ff00","stroke-width":4}},{"type":"Feature","geometry":{"type":"Point","coordinates":[103.052485,-3.232120000000001,0]},"properties":{"name":"75+949","description":"Ruas 035 | BTS. KAB. MUBA - MUARA BELITI","styleUrl":"#pointStyle","icon-scale":1.1}},{"type":"Feature","geometry":{"type":"Point","coordinates":[103.050383,-3.23437,0]},"properties":{"name":"76+294","description":"Ruas 035 | BTS. KAB. MUBA - MUARA BELITI","styleUrl":"#pointStyle","icon-scale":1.1}},{"type":"Feature","geometry":{"type":"LineString","coordinates":[[103.0521811,-3.23244464,0],[103.051572,-3.2331099,0],[103.0509902,-3.23379905,0],[103.0503391,-3.23441675,0]]},"properties":{"name":"Rehab Minor","description":"Ruas: 035 | BTS. KAB. MUBA - MUARA BELITI | Sta: 75+949 - 76+294 | Tipe: Rehab Minor | Panjang: 345 m","styleUrl":"#lineStyle156","stroke-opacity":1,"stroke":"#00ff00","stroke-width":4}},{"type":"Feature","geometry":{"type":"Point","coordinates":[103.05008,-3.234563,0]},"properties":{"name":"76+335","description":"Ruas 035 | BTS. KAB. MUBA - MUARA BELITI","styleUrl":"#pointStyle","icon-scale":1.1}},{"type":"Feature","geometry":{"type":"Point","coordinates":[103.049655,-3.234685,0]},"properties":{"name":"76+385","description":"Ruas 035 | BTS. KAB. MUBA - MUARA BELITI","styleUrl":"#pointStyle","icon-scale":1.1}},{"type":"Feature","geometry":{"type":"LineString","coordinates":[[103.0503391,-3.23441675,0],[103.0495019,-3.23472547,0]]},"properties":{"name":"Rehab Minor","description":"Ruas: 035 | BTS. KAB. MUBA - MUARA BELITI | Sta: 76+335 - 76+385 | Tipe: Rehab Minor | Panjang: 50 m","styleUrl":"#lineStyle157","stroke-opacity":1,"stroke":"#00ff00","stroke-width":4}},{"type":"Feature","geometry":{"type":"Point","coordinates":[103.043768,-3.239813,0]},"properties":{"name":"77+318","description":"Ruas 035 | BTS. KAB. MUBA - MUARA BELITI","styleUrl":"#pointStyle","icon-scale":1.1}},{"type":"Feature","geometry":{"type":"Point","coordinates":[103.041966,-3.239605,0]},"properties":{"name":"77+518","description":"Ruas 035 | BTS. KAB. MUBA - MUARA BELITI","styleUrl":"#pointStyle","icon-scale":1.1}},{"type":"Feature","geometry":{"type":"LineString","coordinates":[[103.043921,-3.2398036,0],[103.0430289,-3.23969645,0],[103.0421392,-3.23956874,0]]},"properties":{"name":"Rehab Mayor","description":"Ruas: 035 | BTS. KAB. MUBA - MUARA BELITI | Sta: 77+318 - 77+518 | Tipe: Rehab Mayor | Panjang: 200 m","styleUrl":"#lineStyle158","stroke-opacity":1,"stroke":"#ffff00","stroke-width":4}}]}