{
  "type": "FeatureCollection",
  "features": [
    {
      "type": "Feature",
      "geometry": {
        "type": "Point",
        "coordinates": [
          103.57733298,
          -2.75722001,
          0
        ]
      },
      "properties": {
        "name": "00+000",
        "description": "Ruas 034 | MANGUN JAYA - BTS. KAB. MURA",
        "styleUrl": "#pointStyle",
        "icon-scale": 1.1
      }
    },
    {
      "type": "Feature",
      "geometry": {
        "type": "Point",
        "coordinates": [
          103.57563003,
          -2.75668901,
          0
        ]
      },
      "properties": {
        "name": "00+200",
        "description": "Ruas 034 | MANGUN JAYA - BTS. KAB. MURA",
        "styleUrl": "#pointStyle",
        "icon-scale": 1.1
      }
    },
    {
      "type": "Feature",
      "geometry": {
        "type": "LineString",
        "coordinates": [
          [
            103.57733298,
            -2.75722001,
            0
          ],
          [
            103.57563003,
            -2.75668901,
            0
          ]
        ]
      },
      "properties": {
        "name": "Rehab Mayor",
        "description": "Ruas: 034 | MANGUN JAYA - BTS. KAB. MURA | Sta: 00+000 - 00+200 | Tipe: Rehab Mayor | Panjang: 200 m",
        "styleUrl": "#lineStyle1",
        "stroke-opacity": 1,
        "stroke": "#ffff00",
        "stroke-width": 4
      }
    },
    {
      "type": "Feature",
      "geometry": {
        "type": "Point",
        "coordinates": [
          103.57563003,
          -2.75668901,
          0
        ]
      },
      "properties": {
        "name": "00+200",
        "description": "Ruas 034 | MANGUN JAYA - BTS. KAB. MURA",
        "styleUrl": "#pointStyle",
        "icon-scale": 1.1
      }
    },
    {
      "type": "Feature",
      "geometry": {
        "type": "Point",
        "coordinates": [
          103.57342802,
          -2.75656303,
          0
        ]
      },
      "properties": {
        "name": "00+448",
        "description": "Ruas 034 | MANGUN JAYA - BTS. KAB. MURA",
        "styleUrl": "#pointStyle",
        "icon-scale": 1.1
      }
    },
    {
      "type": "Feature",
      "geometry": {
        "type": "LineString",
        "coordinates": [
          [
            103.57563003,
            -2.75668901,
            0
          ],
          [
            103.57342802,
            -2.75656303,
            0
          ]
        ]
      },
      "properties": {
        "name": "Rehab Minor",
        "description": "Ruas: 034 | MANGUN JAYA - BTS. KAB. MURA | Sta: 00+200 - 00+448 | Tipe: Rehab Minor | Panjang: 248 m",
        "styleUrl": "#lineStyle2",
        "stroke-opacity": 1,
        "stroke": "#00ff00",
        "stroke-width": 4
      }
    },
    {
      "type": "Feature",
      "geometry": {
        "type": "Point",
        "coordinates": [
          103.57342802,
          -2.75656303,
          0
        ]
      },
      "properties": {
        "name": "00+448",
        "description": "Ruas 034 | MANGUN JAYA - BTS. KAB. MURA",
        "styleUrl": "#pointStyle",
        "icon-scale": 1.1
      }
    },
    {
      "type": "Feature",
      "geometry": {
        "type": "Point",
        "coordinates": [
          103.57034398,
          -2.75644502,
          0
        ]
      },
      "properties": {
        "name": "00+795",
        "description": "Ruas 034 | MANGUN JAYA - BTS. KAB. MURA",
        "styleUrl": "#pointStyle",
        "icon-scale": 1.1
      }
    },
    {
      "type": "Feature",
      "geometry": {
        "type": "LineString",
        "coordinates": [
          [
            103.57342802,
            -2.75656303,
            0
          ],
          [
            103.57034398,
            -2.75644502,
            0
          ]
        ]
      },
      "properties": {
        "name": "Rehab Mayor",
        "description": "Ruas: 034 | MANGUN JAYA - BTS. KAB. MURA | Sta: 00+448 - 00+795 | Tipe: Rehab Mayor | Panjang: 347 m",
        "styleUrl": "#lineStyle3",
        "stroke-opacity": 1,
        "stroke": "#ffff00",
        "stroke-width": 4
      }
    },
    {
      "type": "Feature",
      "geometry": {
        "type": "Point",
        "coordinates": [
          103.55980801,
          -2.75272002,
          0
        ]
      },
      "properties": {
        "name": "02+112",
        "description": "Ruas 034 | MANGUN JAYA - BTS. KAB. MURA",
        "styleUrl": "#pointStyle",
        "icon-scale": 1.1
      }
    },
    {
      "type": "Feature",
      "geometry": {
        "type": "Point",
        "coordinates": [
          103.55899799,
          -2.75289704,
          0
        ]
      },
      "properties": {
        "name": "02+206",
        "description": "Ruas 034 | MANGUN JAYA - BTS. KAB. MURA",
        "styleUrl": "#pointStyle",
        "icon-scale": 1.1
      }
    },
    {
      "type": "Feature",
      "geometry": {
        "type": "LineString",
        "coordinates": [
          [
            103.55980801,
            -2.75272002,
            0
          ],
          [
            103.55899799,
            -2.75289704,
            0
          ]
        ]
      },
      "properties": {
        "name": "Rekonstruksi",
        "description": "Ruas: 034 | MANGUN JAYA - BTS. KAB. MURA | Sta: 02+112 - 02+206 | Tipe: Rekonstruksi | Panjang: 94 m",
        "styleUrl": "#lineStyle4",
        "stroke-opacity": 1,
        "stroke": "#ff0000",
        "stroke-width": 4
      }
    },
    {
      "type": "Feature",
      "geometry": {
        "type": "Point",
        "coordinates": [
          103.55551296,
          -2.75413999,
          0
        ]
      },
      "properties": {
        "name": "02+716",
        "description": "Ruas 034 | MANGUN JAYA - BTS. KAB. MURA",
        "styleUrl": "#pointStyle",
        "icon-scale": 1.1
      }
    },
    {
      "type": "Feature",
      "geometry": {
        "type": "Point",
        "coordinates": [
          103.55421896,
          -2.75428399,
          0
        ]
      },
      "properties": {
        "name": "02+861",
        "description": "Ruas 034 | MANGUN JAYA - BTS. KAB. MURA",
        "styleUrl": "#pointStyle",
        "icon-scale": 1.1
      }
    },
    {
      "type": "Feature",
      "geometry": {
        "type": "LineString",
        "coordinates": [
          [
            103.55551296,
            -2.75413999,
            0
          ],
          [
            103.55421896,
            -2.75428399,
            0
          ]
        ]
      },
      "properties": {
        "name": "Rekonstruksi",
        "description": "Ruas: 034 | MANGUN JAYA - BTS. KAB. MURA | Sta: 02+716 - 02+861 | Tipe: Rekonstruksi | Panjang: 145 m",
        "styleUrl": "#lineStyle5",
        "stroke-opacity": 1,
        "stroke": "#ff0000",
        "stroke-width": 4
      }
    },
    {
      "type": "Feature",
      "geometry": {
        "type": "Point",
        "coordinates": [
          103.55421896,
          -2.75428399,
          0
        ]
      },
      "properties": {
        "name": "02+861",
        "description": "Ruas 034 | MANGUN JAYA - BTS. KAB. MURA",
        "styleUrl": "#pointStyle",
        "icon-scale": 1.1
      }
    },
    {
      "type": "Feature",
      "geometry": {
        "type": "Point",
        "coordinates": [
          103.55036496,
          -2.75350397,
          0
        ]
      },
      "properties": {
        "name": "03+317",
        "description": "Ruas 034 | MANGUN JAYA - BTS. KAB. MURA",
        "styleUrl": "#pointStyle",
        "icon-scale": 1.1
      }
    },
    {
      "type": "Feature",
      "geometry": {
        "type": "LineString",
        "coordinates": [
          [
            103.55421896,
            -2.75428399,
            0
          ],
          [
            103.55036496,
            -2.75350397,
            0
          ]
        ]
      },
      "properties": {
        "name": "Rehab Minor",
        "description": "Ruas: 034 | MANGUN JAYA - BTS. KAB. MURA | Sta: 02+861 - 03+317 | Tipe: Rehab Minor | Panjang: 456 m",
        "styleUrl": "#lineStyle6",
        "stroke-opacity": 1,
        "stroke": "#00ff00",
        "stroke-width": 4
      }
    },
    {
      "type": "Feature",
      "geometry": {
        "type": "Point",
        "coordinates": [
          103.54911899,
          -2.75246403,
          0
        ]
      },
      "properties": {
        "name": "03+496",
        "description": "Ruas 034 | MANGUN JAYA - BTS. KAB. MURA",
        "styleUrl": "#pointStyle",
        "icon-scale": 1.1
      }
    },
    {
      "type": "Feature",
      "geometry": {
        "type": "Point",
        "coordinates": [
          103.54647903,
          -2.74901404,
          0
        ]
      },
      "properties": {
        "name": "03+979",
        "description": "Ruas 034 | MANGUN JAYA - BTS. KAB. MURA",
        "styleUrl": "#pointStyle",
        "icon-scale": 1.1
      }
    },
    {
      "type": "Feature",
      "geometry": {
        "type": "LineString",
        "coordinates": [
          [
            103.54911899,
            -2.75246403,
            0
          ],
          [
            103.54647903,
            -2.74901404,
            0
          ]
        ]
      },
      "properties": {
        "name": "Rehab Minor",
        "description": "Ruas: 034 | MANGUN JAYA - BTS. KAB. MURA | Sta: 03+496 - 03+979 | Tipe: Rehab Minor | Panjang: 483 m",
        "styleUrl": "#lineStyle7",
        "stroke-opacity": 1,
        "stroke": "#00ff00",
        "stroke-width": 4
      }
    },
    {
      "type": "Feature",
      "geometry": {
        "type": "Point",
        "coordinates": [
          103.545431,
          -2.747651,
          0
        ]
      },
      "properties": {
        "name": "04+172",
        "description": "Ruas 034 | MANGUN JAYA - BTS. KAB. MURA",
        "styleUrl": "#pointStyle",
        "icon-scale": 1.1
      }
    },
    {
      "type": "Feature",
      "geometry": {
        "type": "Point",
        "coordinates": [
          103.54495,
          -2.747071,
          0
        ]
      },
      "properties": {
        "name": "04+255",
        "description": "Ruas 034 | MANGUN JAYA - BTS. KAB. MURA",
        "styleUrl": "#pointStyle",
        "icon-scale": 1.1
      }
    },
    {
      "type": "Feature",
      "geometry": {
        "type": "LineString",
        "coordinates": [
          [
            103.545431,
            -2.747651,
            0
          ],
          [
            103.54495,
            -2.747071,
            0
          ]
        ]
      },
      "properties": {
        "name": "Rekonstruksi",
        "description": "Ruas: 034 | MANGUN JAYA - BTS. KAB. MURA | Sta: 04+172 - 04+255 | Tipe: Rekonstruksi | Panjang: 83 m",
        "styleUrl": "#lineStyle8",
        "stroke-opacity": 1,
        "stroke": "#ff0000",
        "stroke-width": 4
      }
    },
    {
      "type": "Feature",
      "geometry": {
        "type": "Point",
        "coordinates": [
          103.544348,
          -2.74638,
          0
        ]
      },
      "properties": {
        "name": "04+330",
        "description": "Ruas 034 | MANGUN JAYA - BTS. KAB. MURA",
        "styleUrl": "#pointStyle",
        "icon-scale": 1.1
      }
    },
    {
      "type": "Feature",
      "geometry": {
        "type": "Point",
        "coordinates": [
          103.543813,
          -2.745785,
          0
        ]
      },
      "properties": {
        "name": "04+420",
        "description": "Ruas 034 | MANGUN JAYA - BTS. KAB. MURA",
        "styleUrl": "#pointStyle",
        "icon-scale": 1.1
      }
    },
    {
      "type": "Feature",
      "geometry": {
        "type": "LineString",
        "coordinates": [
          [
            103.544348,
            -2.74638,
            0
          ],
          [
            103.543813,
            -2.745785,
            0
          ]
        ]
      },
      "properties": {
        "name": "Rekonstruksi",
        "description": "Ruas: 034 | MANGUN JAYA - BTS. KAB. MURA | Sta: 04+330 - 04+420 | Tipe: Rekonstruksi | Panjang: 90 m",
        "styleUrl": "#lineStyle9",
        "stroke-opacity": 1,
        "stroke": "#ff0000",
        "stroke-width": 4
      }
    },
    {
      "type": "Feature",
      "geometry": {
        "type": "Point",
        "coordinates": [
          103.543813,
          -2.745785,
          0
        ]
      },
      "properties": {
        "name": "04+420",
        "description": "Ruas 034 | MANGUN JAYA - BTS. KAB. MURA",
        "styleUrl": "#pointStyle",
        "icon-scale": 1.1
      }
    },
    {
      "type": "Feature",
      "geometry": {
        "type": "Point",
        "coordinates": [
          103.543192,
          -2.745115,
          0
        ]
      },
      "properties": {
        "name": "04+534",
        "description": "Ruas 034 | MANGUN JAYA - BTS. KAB. MURA",
        "styleUrl": "#pointStyle",
        "icon-scale": 1.1
      }
    },
    {
      "type": "Feature",
      "geometry": {
        "type": "LineString",
        "coordinates": [
          [
            103.543813,
            -2.745785,
            0
          ],
          [
            103.543192,
            -2.745115,
            0
          ]
        ]
      },
      "properties": {
        "name": "Rehab Minor",
        "description": "Ruas: 034 | MANGUN JAYA - BTS. KAB. MURA | Sta: 04+420 - 04+534 | Tipe: Rehab Minor | Panjang: 114 m",
        "styleUrl": "#lineStyle10",
        "stroke-opacity": 1,
        "stroke": "#00ff00",
        "stroke-width": 4
      }
    },
    {
      "type": "Feature",
      "geometry": {
        "type": "Point",
        "coordinates": [
          103.541006,
          -2.743421,
          0
        ]
      },
      "properties": {
        "name": "04+837",
        "description": "Ruas 034 | MANGUN JAYA - BTS. KAB. MURA",
        "styleUrl": "#pointStyle",
        "icon-scale": 1.1
      }
    },
    {
      "type": "Feature",
      "geometry": {
        "type": "Point",
        "coordinates": [
          103.540803,
          -2.743361,
          0
        ]
      },
      "properties": {
        "name": "04+881",
        "description": "Ruas 034 | MANGUN JAYA - BTS. KAB. MURA",
        "styleUrl": "#pointStyle",
        "icon-scale": 1.1
      }
    },
    {
      "type": "Feature",
      "geometry": {
        "type": "LineString",
        "coordinates": [
          [
            103.541006,
            -2.743421,
            0
          ],
          [
            103.540803,
            -2.743361,
            0
          ]
        ]
      },
      "properties": {
        "name": "Rekonstruksi",
        "description": "Ruas: 034 | MANGUN JAYA - BTS. KAB. MURA | Sta: 04+837 - 04+881 | Tipe: Rekonstruksi | Panjang: 44 m",
        "styleUrl": "#lineStyle11",
        "stroke-opacity": 1,
        "stroke": "#ff0000",
        "stroke-width": 4
      }
    },
    {
      "type": "Feature",
      "geometry": {
        "type": "Point",
        "coordinates": [
          103.530643,
          -2.740104,
          0
        ]
      },
      "properties": {
        "name": "06+075",
        "description": "Ruas 034 | MANGUN JAYA - BTS. KAB. MURA",
        "styleUrl": "#pointStyle",
        "icon-scale": 1.1
      }
    },
    {
      "type": "Feature",
      "geometry": {
        "type": "Point",
        "coordinates": [
          103.525572,
          -2.736108,
          0
        ]
      },
      "properties": {
        "name": "06+780",
        "description": "Ruas 034 | MANGUN JAYA - BTS. KAB. MURA",
        "styleUrl": "#pointStyle",
        "icon-scale": 1.1
      }
    },
    {
      "type": "Feature",
      "geometry": {
        "type": "LineString",
        "coordinates": [
          [
            103.530643,
            -2.740104,
            0
          ],
          [
            103.525572,
            -2.736108,
            0
          ]
        ]
      },
      "properties": {
        "name": "Rehab Minor",
        "description": "Ruas: 034 | MANGUN JAYA - BTS. KAB. MURA | Sta: 06+075 - 06+780 | Tipe: Rehab Minor | Panjang: 705 m",
        "styleUrl": "#lineStyle12",
        "stroke-opacity": 1,
        "stroke": "#00ff00",
        "stroke-width": 4
      }
    },
    {
      "type": "Feature",
      "geometry": {
        "type": "Point",
        "coordinates": [
          103.49464903,
          -2.72149198,
          0
        ]
      },
      "properties": {
        "name": "10+920",
        "description": "Ruas 034 | MANGUN JAYA - BTS. KAB. MURA",
        "styleUrl": "#pointStyle",
        "icon-scale": 1.1
      }
    },
    {
      "type": "Feature",
      "geometry": {
        "type": "Point",
        "coordinates": [
          103.49414804,
          -2.721251,
          0
        ]
      },
      "properties": {
        "name": "10+980",
        "description": "Ruas 034 | MANGUN JAYA - BTS. KAB. MURA",
        "styleUrl": "#pointStyle",
        "icon-scale": 1.1
      }
    },
    {
      "type": "Feature",
      "geometry": {
        "type": "LineString",
        "coordinates": [
          [
            103.49464903,
            -2.72149198,
            0
          ],
          [
            103.49414804,
            -2.721251,
            0
          ]
        ]
      },
      "properties": {
        "name": "Rehab Mayor",
        "description": "Ruas: 034 | MANGUN JAYA - BTS. KAB. MURA | Sta: 10+920 - 10+980 | Tipe: Rehab Mayor | Panjang: 60 m",
        "styleUrl": "#lineStyle13",
        "stroke-opacity": 1,
        "stroke": "#ffff00",
        "stroke-width": 4
      }
    },
    {
      "type": "Feature",
      "geometry": {
        "type": "Point",
        "coordinates": [
          103.49414804,
          -2.721251,
          0
        ]
      },
      "properties": {
        "name": "10+980",
        "description": "Ruas 034 | MANGUN JAYA - BTS. KAB. MURA",
        "styleUrl": "#pointStyle",
        "icon-scale": 1.1
      }
    },
    {
      "type": "Feature",
      "geometry": {
        "type": "Point",
        "coordinates": [
          103.49384503,
          -2.72120297,
          0
        ]
      },
      "properties": {
        "name": "11+017",
        "description": "Ruas 034 | MANGUN JAYA - BTS. KAB. MURA",
        "styleUrl": "#pointStyle",
        "icon-scale": 1.1
      }
    },
    {
      "type": "Feature",
      "geometry": {
        "type": "LineString",
        "coordinates": [
          [
            103.49414804,
            -2.721251,
            0
          ],
          [
            103.49384503,
            -2.72120297,
            0
          ]
        ]
      },
      "properties": {
        "name": "Rekonstruksi",
        "description": "Ruas: 034 | MANGUN JAYA - BTS. KAB. MURA | Sta: 10+980 - 11+017 | Tipe: Rekonstruksi | Panjang: 37 m",
        "styleUrl": "#lineStyle14",
        "stroke-opacity": 1,
        "stroke": "#ff0000",
        "stroke-width": 4
      }
    },
    {
      "type": "Feature",
      "geometry": {
        "type": "Point",
        "coordinates": [
          103.49384503,
          -2.72120297,
          0
        ]
      },
      "properties": {
        "name": "11+017",
        "description": "Ruas 034 | MANGUN JAYA - BTS. KAB. MURA",
        "styleUrl": "#pointStyle",
        "icon-scale": 1.1
      }
    },
    {
      "type": "Feature",
      "geometry": {
        "type": "Point",
        "coordinates": [
          103.49288899,
          -2.72088001,
          0
        ]
      },
      "properties": {
        "name": "11+125",
        "description": "Ruas 034 | MANGUN JAYA - BTS. KAB. MURA",
        "styleUrl": "#pointStyle",
        "icon-scale": 1.1
      }
    },
    {
      "type": "Feature",
      "geometry": {
        "type": "LineString",
        "coordinates": [
          [
            103.49384503,
            -2.72120297,
            0
          ],
          [
            103.49288899,
            -2.72088001,
            0
          ]
        ]
      },
      "properties": {
        "name": "Rehab Mayor",
        "description": "Ruas: 034 | MANGUN JAYA - BTS. KAB. MURA | Sta: 11+017 - 11+125 | Tipe: Rehab Mayor | Panjang: 108 m",
        "styleUrl": "#lineStyle15",
        "stroke-opacity": 1,
        "stroke": "#ffff00",
        "stroke-width": 4
      }
    },
    {
      "type": "Feature",
      "geometry": {
        "type": "Point",
        "coordinates": [
          103.48620401,
          -2.72384704,
          0
        ]
      },
      "properties": {
        "name": "12+000",
        "description": "Ruas 034 | MANGUN JAYA - BTS. KAB. MURA",
        "styleUrl": "#pointStyle",
        "icon-scale": 1.1
      }
    },
    {
      "type": "Feature",
      "geometry": {
        "type": "Point",
        "coordinates": [
          103.48574703,
          -2.72464198,
          0
        ]
      },
      "properties": {
        "name": "12+100",
        "description": "Ruas 034 | MANGUN JAYA - BTS. KAB. MURA",
        "styleUrl": "#pointStyle",
        "icon-scale": 1.1
      }
    },
    {
      "type": "Feature",
      "geometry": {
        "type": "LineString",
        "coordinates": [
          [
            103.48620401,
            -2.72384704,
            0
          ],
          [
            103.48574703,
            -2.72464198,
            0
          ]
        ]
      },
      "properties": {
        "name": "Rehab Minor",
        "description": "Ruas: 034 | MANGUN JAYA - BTS. KAB. MURA | Sta: 12+000 - 12+100 | Tipe: Rehab Minor | Panjang: 100 m",
        "styleUrl": "#lineStyle16",
        "stroke-opacity": 1,
        "stroke": "#00ff00",
        "stroke-width": 4
      }
    },
    {
      "type": "Feature",
      "geometry": {
        "type": "Point",
        "coordinates": [
          103.482578,
          -2.733135,
          0
        ]
      },
      "properties": {
        "name": "13+114",
        "description": "Ruas 034 | MANGUN JAYA - BTS. KAB. MURA",
        "styleUrl": "#pointStyle",
        "icon-scale": 1.1
      }
    },
    {
      "type": "Feature",
      "geometry": {
        "type": "Point",
        "coordinates": [
          103.48161,
          -2.733768,
          0
        ]
      },
      "properties": {
        "name": "13+243",
        "description": "Ruas 034 | MANGUN JAYA - BTS. KAB. MURA",
        "styleUrl": "#pointStyle",
        "icon-scale": 1.1
      }
    },
    {
      "type": "Feature",
      "geometry": {
        "type": "LineString",
        "coordinates": [
          [
            103.482578,
            -2.733135,
            0
          ],
          [
            103.48161,
            -2.733768,
            0
          ]
        ]
      },
      "properties": {
        "name": "Rehab Minor",
        "description": "Ruas: 034 | MANGUN JAYA - BTS. KAB. MURA | Sta: 13+114 - 13+243 | Tipe: Rehab Minor | Panjang: 129 m",
        "styleUrl": "#lineStyle17",
        "stroke-opacity": 1,
        "stroke": "#00ff00",
        "stroke-width": 4
      }
    },
    {
      "type": "Feature",
      "geometry": {
        "type": "Point",
        "coordinates": [
          103.46971798,
          -2.732699,
          0
        ]
      },
      "properties": {
        "name": "14+625",
        "description": "Ruas 034 | MANGUN JAYA - BTS. KAB. MURA",
        "styleUrl": "#pointStyle",
        "icon-scale": 1.1
      }
    },
    {
      "type": "Feature",
      "geometry": {
        "type": "Point",
        "coordinates": [
          103.46785996,
          -2.73073998,
          0
        ]
      },
      "properties": {
        "name": "14+925",
        "description": "Ruas 034 | MANGUN JAYA - BTS. KAB. MURA",
        "styleUrl": "#pointStyle",
        "icon-scale": 1.1
      }
    },
    {
      "type": "Feature",
      "geometry": {
        "type": "LineString",
        "coordinates": [
          [
            103.46971798,
            -2.732699,
            0
          ],
          [
            103.46785996,
            -2.73073998,
            0
          ]
        ]
      },
      "properties": {
        "name": "Rehab Mayor",
        "description": "Ruas: 034 | MANGUN JAYA - BTS. KAB. MURA | Sta: 14+625 - 14+925 | Tipe: Rehab Mayor | Panjang: 300 m",
        "styleUrl": "#lineStyle18",
        "stroke-opacity": 1,
        "stroke": "#ffff00",
        "stroke-width": 4
      }
    },
    {
      "type": "Feature",
      "geometry": {
        "type": "Point",
        "coordinates": [
          103.45950999,
          -2.72597797,
          0
        ]
      },
      "properties": {
        "name": "16+270",
        "description": "Ruas 034 | MANGUN JAYA - BTS. KAB. MURA",
        "styleUrl": "#pointStyle",
        "icon-scale": 1.1
      }
    },
    {
      "type": "Feature",
      "geometry": {
        "type": "Point",
        "coordinates": [
          103.45912602,
          -2.72653202,
          0
        ]
      },
      "properties": {
        "name": "16+345",
        "description": "Ruas 034 | MANGUN JAYA - BTS. KAB. MURA",
        "styleUrl": "#pointStyle",
        "icon-scale": 1.1
      }
    },
    {
      "type": "Feature",
      "geometry": {
        "type": "LineString",
        "coordinates": [
          [
            103.45950999,
            -2.72597797,
            0
          ],
          [
            103.45912602,
            -2.72653202,
            0
          ]
        ]
      },
      "properties": {
        "name": "Rehab Mayor",
        "description": "Ruas: 034 | MANGUN JAYA - BTS. KAB. MURA | Sta: 16+270 - 16+345 | Tipe: Rehab Mayor | Panjang: 75 m",
        "styleUrl": "#lineStyle19",
        "stroke-opacity": 1,
        "stroke": "#ffff00",
        "stroke-width": 4
      }
    },
    {
      "type": "Feature",
      "geometry": {
        "type": "Point",
        "coordinates": [
          103.45912602,
          -2.72653202,
          0
        ]
      },
      "properties": {
        "name": "16+345",
        "description": "Ruas 034 | MANGUN JAYA - BTS. KAB. MURA",
        "styleUrl": "#pointStyle",
        "icon-scale": 1.1
      }
    },
    {
      "type": "Feature",
      "geometry": {
        "type": "Point",
        "coordinates": [
          103.45881304,
          -2.72692597,
          0
        ]
      },
      "properties": {
        "name": "16+400",
        "description": "Ruas 034 | MANGUN JAYA - BTS. KAB. MURA",
        "styleUrl": "#pointStyle",
        "icon-scale": 1.1
      }
    },
    {
      "type": "Feature",
      "geometry": {
        "type": "LineString",
        "coordinates": [
          [
            103.45912602,
            -2.72653202,
            0
          ],
          [
            103.45881304,
            -2.72692597,
            0
          ]
        ]
      },
      "properties": {
        "name": "Rekonstruksi",
        "description": "Ruas: 034 | MANGUN JAYA - BTS. KAB. MURA | Sta: 16+345 - 16+400 | Tipe: Rekonstruksi | Panjang: 55 m",
        "styleUrl": "#lineStyle20",
        "stroke-opacity": 1,
        "stroke": "#ff0000",
        "stroke-width": 4
      }
    },
    {
      "type": "Feature",
      "geometry": {
        "type": "Point",
        "coordinates": [
          103.45881304,
          -2.72692597,
          0
        ]
      },
      "properties": {
        "name": "16+400",
        "description": "Ruas 034 | MANGUN JAYA - BTS. KAB. MURA",
        "styleUrl": "#pointStyle",
        "icon-scale": 1.1
      }
    },
    {
      "type": "Feature",
      "geometry": {
        "type": "Point",
        "coordinates": [
          103.45829998,
          -2.72751999,
          0
        ]
      },
      "properties": {
        "name": "16+489",
        "description": "Ruas 034 | MANGUN JAYA - BTS. KAB. MURA",
        "styleUrl": "#pointStyle",
        "icon-scale": 1.1
      }
    },
    {
      "type": "Feature",
      "geometry": {
        "type": "LineString",
        "coordinates": [
          [
            103.45881304,
            -2.72692597,
            0
          ],
          [
            103.45829998,
            -2.72751999,
            0
          ]
        ]
      },
      "properties": {
        "name": "Rehab Minor",
        "description": "Ruas: 034 | MANGUN JAYA - BTS. KAB. MURA | Sta: 16+400 - 16+489 | Tipe: Rehab Minor | Panjang: 89 m",
        "styleUrl": "#lineStyle21",
        "stroke-opacity": 1,
        "stroke": "#00ff00",
        "stroke-width": 4
      }
    },
    {
      "type": "Feature",
      "geometry": {
        "type": "Point",
        "coordinates": [
          103.45715904,
          -2.72836497,
          0
        ]
      },
      "properties": {
        "name": "16+650",
        "description": "Ruas 034 | MANGUN JAYA - BTS. KAB. MURA",
        "styleUrl": "#pointStyle",
        "icon-scale": 1.1
      }
    },
    {
      "type": "Feature",
      "geometry": {
        "type": "Point",
        "coordinates": [
          103.45658,
          -2.72873,
          0
        ]
      },
      "properties": {
        "name": "16+720",
        "description": "Ruas 034 | MANGUN JAYA - BTS. KAB. MURA",
        "styleUrl": "#pointStyle",
        "icon-scale": 1.1
      }
    },
    {
      "type": "Feature",
      "geometry": {
        "type": "LineString",
        "coordinates": [
          [
            103.45715904,
            -2.72836497,
            0
          ],
          [
            103.45658,
            -2.72873,
            0
          ]
        ]
      },
      "properties": {
        "name": "Rehab Mayor",
        "description": "Ruas: 034 | MANGUN JAYA - BTS. KAB. MURA | Sta: 16+650 - 16+720 | Tipe: Rehab Mayor | Panjang: 70 m",
        "styleUrl": "#lineStyle22",
        "stroke-opacity": 1,
        "stroke": "#ffff00",
        "stroke-width": 4
      }
    },
    {
      "type": "Feature",
      "geometry": {
        "type": "Point",
        "coordinates": [
          103.45658,
          -2.72873,
          0
        ]
      },
      "properties": {
        "name": "16+720",
        "description": "Ruas 034 | MANGUN JAYA - BTS. KAB. MURA",
        "styleUrl": "#pointStyle",
        "icon-scale": 1.1
      }
    },
    {
      "type": "Feature",
      "geometry": {
        "type": "Point",
        "coordinates": [
          103.455886,
          -2.729086,
          0
        ]
      },
      "properties": {
        "name": "16+812",
        "description": "Ruas 034 | MANGUN JAYA - BTS. KAB. MURA",
        "styleUrl": "#pointStyle",
        "icon-scale": 1.1
      }
    },
    {
      "type": "Feature",
      "geometry": {
        "type": "LineString",
        "coordinates": [
          [
            103.45658,
            -2.72873,
            0
          ],
          [
            103.455886,
            -2.729086,
            0
          ]
        ]
      },
      "properties": {
        "name": "Rehab Minor",
        "description": "Ruas: 034 | MANGUN JAYA - BTS. KAB. MURA | Sta: 16+720 - 16+812 | Tipe: Rehab Minor | Panjang: 92 m",
        "styleUrl": "#lineStyle23",
        "stroke-opacity": 1,
        "stroke": "#00ff00",
        "stroke-width": 4
      }
    },
    {
      "type": "Feature",
      "geometry": {
        "type": "Point",
        "coordinates": [
          103.455886,
          -2.729086,
          0
        ]
      },
      "properties": {
        "name": "16+812",
        "description": "Ruas 034 | MANGUN JAYA - BTS. KAB. MURA",
        "styleUrl": "#pointStyle",
        "icon-scale": 1.1
      }
    },
    {
      "type": "Feature",
      "geometry": {
        "type": "Point",
        "coordinates": [
          103.45415404,
          -2.72973298,
          0
        ]
      },
      "properties": {
        "name": "17+042",
        "description": "Ruas 034 | MANGUN JAYA - BTS. KAB. MURA",
        "styleUrl": "#pointStyle",
        "icon-scale": 1.1
      }
    },
    {
      "type": "Feature",
      "geometry": {
        "type": "LineString",
        "coordinates": [
          [
            103.455886,
            -2.729086,
            0
          ],
          [
            103.45415404,
            -2.72973298,
            0
          ]
        ]
      },
      "properties": {
        "name": "Rehab Mayor",
        "description": "Ruas: 034 | MANGUN JAYA - BTS. KAB. MURA | Sta: 16+812 - 17+042 | Tipe: Rehab Mayor | Panjang: 230 m",
        "styleUrl": "#lineStyle24",
        "stroke-opacity": 1,
        "stroke": "#ffff00",
        "stroke-width": 4
      }
    },
    {
      "type": "Feature",
      "geometry": {
        "type": "Point",
        "coordinates": [
          103.43633202,
          -2.72409196,
          0
        ]
      },
      "properties": {
        "name": "19+275",
        "description": "Ruas 034 | MANGUN JAYA - BTS. KAB. MURA",
        "styleUrl": "#pointStyle",
        "icon-scale": 1.1
      }
    },
    {
      "type": "Feature",
      "geometry": {
        "type": "Point",
        "coordinates": [
          103.43535402,
          -2.72408299,
          0
        ]
      },
      "properties": {
        "name": "19+382",
        "description": "Ruas 034 | MANGUN JAYA - BTS. KAB. MURA",
        "styleUrl": "#pointStyle",
        "icon-scale": 1.1
      }
    },
    {
      "type": "Feature",
      "geometry": {
        "type": "LineString",
        "coordinates": [
          [
            103.43633202,
            -2.72409196,
            0
          ],
          [
            103.43535402,
            -2.72408299,
            0
          ]
        ]
      },
      "properties": {
        "name": "Rekonstruksi",
        "description": "Ruas: 034 | MANGUN JAYA - BTS. KAB. MURA | Sta: 19+275 - 19+382 | Tipe: Rekonstruksi | Panjang: 107 m",
        "styleUrl": "#lineStyle25",
        "stroke-opacity": 1,
        "stroke": "#ff0000",
        "stroke-width": 4
      }
    },
    {
      "type": "Feature",
      "geometry": {
        "type": "Point",
        "coordinates": [
          103.43535402,
          -2.72408299,
          0
        ]
      },
      "properties": {
        "name": "19+382",
        "description": "Ruas 034 | MANGUN JAYA - BTS. KAB. MURA",
        "styleUrl": "#pointStyle",
        "icon-scale": 1.1
      }
    },
    {
      "type": "Feature",
      "geometry": {
        "type": "Point",
        "coordinates": [
          103.43367001,
          -2.72352098,
          0
        ]
      },
      "properties": {
        "name": "19+581",
        "description": "Ruas 034 | MANGUN JAYA - BTS. KAB. MURA",
        "styleUrl": "#pointStyle",
        "icon-scale": 1.1
      }
    },
    {
      "type": "Feature",
      "geometry": {
        "type": "LineString",
        "coordinates": [
          [
            103.43535402,
            -2.72408299,
            0
          ],
          [
            103.43367001,
            -2.72352098,
            0
          ]
        ]
      },
      "properties": {
        "name": "Rehab Minor",
        "description": "Ruas: 034 | MANGUN JAYA - BTS. KAB. MURA | Sta: 19+382 - 19+581 | Tipe: Rehab Minor | Panjang: 199 m",
        "styleUrl": "#lineStyle26",
        "stroke-opacity": 1,
        "stroke": "#00ff00",
        "stroke-width": 4
      }
    },
    {
      "type": "Feature",
      "geometry": {
        "type": "Point",
        "coordinates": [
          103.433093,
          -2.723377,
          0
        ]
      },
      "properties": {
        "name": "19+650",
        "description": "Ruas 034 | MANGUN JAYA - BTS. KAB. MURA",
        "styleUrl": "#pointStyle",
        "icon-scale": 1.1
      }
    },
    {
      "type": "Feature",
      "geometry": {
        "type": "Point",
        "coordinates": [
          103.431528,
          -2.72307,
          0
        ]
      },
      "properties": {
        "name": "19+825",
        "description": "Ruas 034 | MANGUN JAYA - BTS. KAB. MURA",
        "styleUrl": "#pointStyle",
        "icon-scale": 1.1
      }
    },
    {
      "type": "Feature",
      "geometry": {
        "type": "LineString",
        "coordinates": [
          [
            103.433093,
            -2.723377,
            0
          ],
          [
            103.431528,
            -2.72307,
            0
          ]
        ]
      },
      "properties": {
        "name": "Rehab Minor",
        "description": "Ruas: 034 | MANGUN JAYA - BTS. KAB. MURA | Sta: 19+650 - 19+825 | Tipe: Rehab Minor | Panjang: 175 m",
        "styleUrl": "#lineStyle27",
        "stroke-opacity": 1,
        "stroke": "#00ff00",
        "stroke-width": 4
      }
    },
    {
      "type": "Feature",
      "geometry": {
        "type": "Point",
        "coordinates": [
          103.426142,
          -2.721624,
          0
        ]
      },
      "properties": {
        "name": "20+457",
        "description": "Ruas 034 | MANGUN JAYA - BTS. KAB. MURA",
        "styleUrl": "#pointStyle",
        "icon-scale": 1.1
      }
    },
    {
      "type": "Feature",
      "geometry": {
        "type": "Point",
        "coordinates": [
          103.425215,
          -2.72117,
          0
        ]
      },
      "properties": {
        "name": "20+564",
        "description": "Ruas 034 | MANGUN JAYA - BTS. KAB. MURA",
        "styleUrl": "#pointStyle",
        "icon-scale": 1.1
      }
    },
    {
      "type": "Feature",
      "geometry": {
        "type": "LineString",
        "coordinates": [
          [
            103.426142,
            -2.721624,
            0
          ],
          [
            103.425215,
            -2.72117,
            0
          ]
        ]
      },
      "properties": {
        "name": "Rehab Mayor",
        "description": "Ruas: 034 | MANGUN JAYA - BTS. KAB. MURA | Sta: 20+457 - 20+564 | Tipe: Rehab Mayor | Panjang: 107 m",
        "styleUrl": "#lineStyle28",
        "stroke-opacity": 1,
        "stroke": "#ffff00",
        "stroke-width": 4
      }
    },
    {
      "type": "Feature",
      "geometry": {
        "type": "Point",
        "coordinates": [
          103.418094,
          -2.724529,
          0
        ]
      },
      "properties": {
        "name": "21+540",
        "description": "Ruas 034 | MANGUN JAYA - BTS. KAB. MURA",
        "styleUrl": "#pointStyle",
        "icon-scale": 1.1
      }
    },
    {
      "type": "Feature",
      "geometry": {
        "type": "Point",
        "coordinates": [
          103.417912,
          -2.725367,
          0
        ]
      },
      "properties": {
        "name": "21+635",
        "description": "Ruas 034 | MANGUN JAYA - BTS. KAB. MURA",
        "styleUrl": "#pointStyle",
        "icon-scale": 1.1
      }
    },
    {
      "type": "Feature",
      "geometry": {
        "type": "LineString",
        "coordinates": [
          [
            103.418094,
            -2.724529,
            0
          ],
          [
            103.417912,
            -2.725367,
            0
          ]
        ]
      },
      "properties": {
        "name": "Rehab Mayor",
        "description": "Ruas: 034 | MANGUN JAYA - BTS. KAB. MURA | Sta: 21+540 - 21+635 | Tipe: Rehab Mayor | Panjang: 95 m",
        "styleUrl": "#lineStyle29",
        "stroke-opacity": 1,
        "stroke": "#ffff00",
        "stroke-width": 4
      }
    },
    {
      "type": "Feature",
      "geometry": {
        "type": "Point",
        "coordinates": [
          103.41564104,
          -2.73233003,
          0
        ]
      },
      "properties": {
        "name": "22+462",
        "description": "Ruas 034 | MANGUN JAYA - BTS. KAB. MURA",
        "styleUrl": "#pointStyle",
        "icon-scale": 1.1
      }
    },
    {
      "type": "Feature",
      "geometry": {
        "type": "Point",
        "coordinates": [
          103.41545496,
          -2.73313704,
          0
        ]
      },
      "properties": {
        "name": "22+562",
        "description": "Ruas 034 | MANGUN JAYA - BTS. KAB. MURA",
        "styleUrl": "#pointStyle",
        "icon-scale": 1.1
      }
    },
    {
      "type": "Feature",
      "geometry": {
        "type": "LineString",
        "coordinates": [
          [
            103.41564104,
            -2.73233003,
            0
          ],
          [
            103.41545496,
            -2.73313704,
            0
          ]
        ]
      },
      "properties": {
        "name": "Rehab Minor",
        "description": "Ruas: 034 | MANGUN JAYA - BTS. KAB. MURA | Sta: 22+462 - 22+562 | Tipe: Rehab Minor | Panjang: 100 m",
        "styleUrl": "#lineStyle30",
        "stroke-opacity": 1,
        "stroke": "#00ff00",
        "stroke-width": 4
      }
    },
    {
      "type": "Feature",
      "geometry": {
        "type": "Point",
        "coordinates": [
          103.41764499,
          -2.73578396,
          0
        ]
      },
      "properties": {
        "name": "22+980",
        "description": "Ruas 034 | MANGUN JAYA - BTS. KAB. MURA",
        "styleUrl": "#pointStyle",
        "icon-scale": 1.1
      }
    },
    {
      "type": "Feature",
      "geometry": {
        "type": "Point",
        "coordinates": [
          103.41839701,
          -2.73621202,
          0
        ]
      },
      "properties": {
        "name": "23+077",
        "description": "Ruas 034 | MANGUN JAYA - BTS. KAB. MURA",
        "styleUrl": "#pointStyle",
        "icon-scale": 1.1
      }
    },
    {
      "type": "Feature",
      "geometry": {
        "type": "LineString",
        "coordinates": [
          [
            103.41764499,
            -2.73578396,
            0
          ],
          [
            103.41839701,
            -2.73621202,
            0
          ]
        ]
      },
      "properties": {
        "name": "Rehab Mayor",
        "description": "Ruas: 034 | MANGUN JAYA - BTS. KAB. MURA | Sta: 22+980 - 23+077 | Tipe: Rehab Mayor | Panjang: 97 m",
        "styleUrl": "#lineStyle31",
        "stroke-opacity": 1,
        "stroke": "#ffff00",
        "stroke-width": 4
      }
    },
    {
      "type": "Feature",
      "geometry": {
        "type": "Point",
        "coordinates": [
          103.41839701,
          -2.73621202,
          0
        ]
      },
      "properties": {
        "name": "23+077",
        "description": "Ruas 034 | MANGUN JAYA - BTS. KAB. MURA",
        "styleUrl": "#pointStyle",
        "icon-scale": 1.1
      }
    },
    {
      "type": "Feature",
      "geometry": {
        "type": "Point",
        "coordinates": [
          103.41929404,
          -2.73663598,
          0
        ]
      },
      "properties": {
        "name": "23+185",
        "description": "Ruas 034 | MANGUN JAYA - BTS. KAB. MURA",
        "styleUrl": "#pointStyle",
        "icon-scale": 1.1
      }
    },
    {
      "type": "Feature",
      "geometry": {
        "type": "LineString",
        "coordinates": [
          [
            103.41839701,
            -2.73621202,
            0
          ],
          [
            103.41929404,
            -2.73663598,
            0
          ]
        ]
      },
      "properties": {
        "name": "Rehab Minor",
        "description": "Ruas: 034 | MANGUN JAYA - BTS. KAB. MURA | Sta: 23+077 - 23+185 | Tipe: Rehab Minor | Panjang: 108 m",
        "styleUrl": "#lineStyle32",
        "stroke-opacity": 1,
        "stroke": "#00ff00",
        "stroke-width": 4
      }
    },
    {
      "type": "Feature",
      "geometry": {
        "type": "Point",
        "coordinates": [
          103.41929404,
          -2.73663598,
          0
        ]
      },
      "properties": {
        "name": "23+185",
        "description": "Ruas 034 | MANGUN JAYA - BTS. KAB. MURA",
        "styleUrl": "#pointStyle",
        "icon-scale": 1.1
      }
    },
    {
      "type": "Feature",
      "geometry": {
        "type": "Point",
        "coordinates": [
          103.42068703,
          -2.73750803,
          0
        ]
      },
      "properties": {
        "name": "23+368",
        "description": "Ruas 034 | MANGUN JAYA - BTS. KAB. MURA",
        "styleUrl": "#pointStyle",
        "icon-scale": 1.1
      }
    },
    {
      "type": "Feature",
      "geometry": {
        "type": "LineString",
        "coordinates": [
          [
            103.41929404,
            -2.73663598,
            0
          ],
          [
            103.42068703,
            -2.73750803,
            0
          ]
        ]
      },
      "properties": {
        "name": "Rekonstruksi",
        "description": "Ruas: 034 | MANGUN JAYA - BTS. KAB. MURA | Sta: 23+185 - 23+368 | Tipe: Rekonstruksi | Panjang: 183 m",
        "styleUrl": "#lineStyle33",
        "stroke-opacity": 1,
        "stroke": "#ff0000",
        "stroke-width": 4
      }
    },
    {
      "type": "Feature",
      "geometry": {
        "type": "Point",
        "coordinates": [
          103.42167299,
          -2.73829199,
          0
        ]
      },
      "properties": {
        "name": "23+508",
        "description": "Ruas 034 | MANGUN JAYA - BTS. KAB. MURA",
        "styleUrl": "#pointStyle",
        "icon-scale": 1.1
      }
    },
    {
      "type": "Feature",
      "geometry": {
        "type": "Point",
        "coordinates": [
          103.42238504,
          -2.73949899,
          0
        ]
      },
      "properties": {
        "name": "23+662",
        "description": "Ruas 034 | MANGUN JAYA - BTS. KAB. MURA",
        "styleUrl": "#pointStyle",
        "icon-scale": 1.1
      }
    },
    {
      "type": "Feature",
      "geometry": {
        "type": "LineString",
        "coordinates": [
          [
            103.42167299,
            -2.73829199,
            0
          ],
          [
            103.42238504,
            -2.73949899,
            0
          ]
        ]
      },
      "properties": {
        "name": "Rekonstruksi",
        "description": "Ruas: 034 | MANGUN JAYA - BTS. KAB. MURA | Sta: 23+508 - 23+662 | Tipe: Rekonstruksi | Panjang: 154 m",
        "styleUrl": "#lineStyle34",
        "stroke-opacity": 1,
        "stroke": "#ff0000",
        "stroke-width": 4
      }
    },
    {
      "type": "Feature",
      "geometry": {
        "type": "Point",
        "coordinates": [
          103.42238504,
          -2.73949899,
          0
        ]
      },
      "properties": {
        "name": "23+662",
        "description": "Ruas 034 | MANGUN JAYA - BTS. KAB. MURA",
        "styleUrl": "#pointStyle",
        "icon-scale": 1.1
      }
    },
    {
      "type": "Feature",
      "geometry": {
        "type": "Point",
        "coordinates": [
          103.42327,
          -2.74095,
          0
        ]
      },
      "properties": {
        "name": "23+850",
        "description": "Ruas 034 | MANGUN JAYA - BTS. KAB. MURA",
        "styleUrl": "#pointStyle",
        "icon-scale": 1.1
      }
    },
    {
      "type": "Feature",
      "geometry": {
        "type": "LineString",
        "coordinates": [
          [
            103.42238504,
            -2.73949899,
            0
          ],
          [
            103.42327,
            -2.74095,
            0
          ]
        ]
      },
      "properties": {
        "name": "Rehab Minor",
        "description": "Ruas: 034 | MANGUN JAYA - BTS. KAB. MURA | Sta: 23+662 - 23+850 | Tipe: Rehab Minor | Panjang: 188 m",
        "styleUrl": "#lineStyle35",
        "stroke-opacity": 1,
        "stroke": "#00ff00",
        "stroke-width": 4
      }
    },
    {
      "type": "Feature",
      "geometry": {
        "type": "Point",
        "coordinates": [
          103.42327,
          -2.74095,
          0
        ]
      },
      "properties": {
        "name": "23+850",
        "description": "Ruas 034 | MANGUN JAYA - BTS. KAB. MURA",
        "styleUrl": "#pointStyle",
        "icon-scale": 1.1
      }
    },
    {
      "type": "Feature",
      "geometry": {
        "type": "Point",
        "coordinates": [
          103.42339899,
          -2.74136396,
          0
        ]
      },
      "properties": {
        "name": "23+896",
        "description": "Ruas 034 | MANGUN JAYA - BTS. KAB. MURA",
        "styleUrl": "#pointStyle",
        "icon-scale": 1.1
      }
    },
    {
      "type": "Feature",
      "geometry": {
        "type": "LineString",
        "coordinates": [
          [
            103.42327,
            -2.74095,
            0
          ],
          [
            103.42339899,
            -2.74136396,
            0
          ]
        ]
      },
      "properties": {
        "name": "Rehab Mayor",
        "description": "Ruas: 034 | MANGUN JAYA - BTS. KAB. MURA | Sta: 23+850 - 23+896 | Tipe: Rehab Mayor | Panjang: 46 m",
        "styleUrl": "#lineStyle36",
        "stroke-opacity": 1,
        "stroke": "#ffff00",
        "stroke-width": 4
      }
    },
    {
      "type": "Feature",
      "geometry": {
        "type": "Point",
        "coordinates": [
          103.423526,
          -2.7472,
          0
        ]
      },
      "properties": {
        "name": "24+541",
        "description": "Ruas 034 | MANGUN JAYA - BTS. KAB. MURA",
        "styleUrl": "#pointStyle",
        "icon-scale": 1.1
      }
    },
    {
      "type": "Feature",
      "geometry": {
        "type": "Point",
        "coordinates": [
          103.423423,
          -2.748188,
          0
        ]
      },
      "properties": {
        "name": "24+652",
        "description": "Ruas 034 | MANGUN JAYA - BTS. KAB. MURA",
        "styleUrl": "#pointStyle",
        "icon-scale": 1.1
      }
    },
    {
      "type": "Feature",
      "geometry": {
        "type": "LineString",
        "coordinates": [
          [
            103.423526,
            -2.7472,
            0
          ],
          [
            103.423423,
            -2.748188,
            0
          ]
        ]
      },
      "properties": {
        "name": "Rehab Minor",
        "description": "Ruas: 034 | MANGUN JAYA - BTS. KAB. MURA | Sta: 24+541 - 24+652 | Tipe: Rehab Minor | Panjang: 111 m",
        "styleUrl": "#lineStyle37",
        "stroke-opacity": 1,
        "stroke": "#00ff00",
        "stroke-width": 4
      }
    },
    {
      "type": "Feature",
      "geometry": {
        "type": "Point",
        "coordinates": [
          103.42333,
          -2.75131,
          0
        ]
      },
      "properties": {
        "name": "25+000",
        "description": "Ruas 034 | MANGUN JAYA - BTS. KAB. MURA",
        "styleUrl": "#pointStyle",
        "icon-scale": 1.1
      }
    },
    {
      "type": "Feature",
      "geometry": {
        "type": "Point",
        "coordinates": [
          103.42312,
          -2.75198,
          0
        ]
      },
      "properties": {
        "name": "25+076",
        "description": "Ruas 034 | MANGUN JAYA - BTS. KAB. MURA",
        "styleUrl": "#pointStyle",
        "icon-scale": 1.1
      }
    },
    {
      "type": "Feature",
      "geometry": {
        "type": "LineString",
        "coordinates": [
          [
            103.42333,
            -2.75131,
            0
          ],
          [
            103.42312,
            -2.75198,
            0
          ]
        ]
      },
      "properties": {
        "name": "Rehab Minor",
        "description": "Ruas: 034 | MANGUN JAYA - BTS. KAB. MURA | Sta: 25+000 - 25+076 | Tipe: Rehab Minor | Panjang: 76 m",
        "styleUrl": "#lineStyle38",
        "stroke-opacity": 1,
        "stroke": "#00ff00",
        "stroke-width": 4
      }
    },
    {
      "type": "Feature",
      "geometry": {
        "type": "Point",
        "coordinates": [
          103.41940183,
          -2.76020204,
          0
        ]
      },
      "properties": {
        "name": "26+081",
        "description": "Ruas 034 | MANGUN JAYA - BTS. KAB. MURA",
        "styleUrl": "#pointStyle",
        "icon-scale": 1.1
      }
    },
    {
      "type": "Feature",
      "geometry": {
        "type": "Point",
        "coordinates": [
          103.41741599,
          -2.76295097,
          0
        ]
      },
      "properties": {
        "name": "26+459",
        "description": "Ruas 034 | MANGUN JAYA - BTS. KAB. MURA",
        "styleUrl": "#pointStyle",
        "icon-scale": 1.1
      }
    },
    {
      "type": "Feature",
      "geometry": {
        "type": "LineString",
        "coordinates": [
          [
            103.41940183,
            -2.76020204,
            0
          ],
          [
            103.41741599,
            -2.76295097,
            0
          ]
        ]
      },
      "properties": {
        "name": "Rekonstruksi",
        "description": "Ruas: 034 | MANGUN JAYA - BTS. KAB. MURA | Sta: 26+081 - 26+459 | Tipe: Rekonstruksi | Panjang: 378 m",
        "styleUrl": "#lineStyle39",
        "stroke-opacity": 1,
        "stroke": "#ff0000",
        "stroke-width": 4
      }
    },
    {
      "type": "Feature",
      "geometry": {
        "type": "Point",
        "coordinates": [
          103.41741599,
          -2.76295097,
          0
        ]
      },
      "properties": {
        "name": "26+459",
        "description": "Ruas 034 | MANGUN JAYA - BTS. KAB. MURA",
        "styleUrl": "#pointStyle",
        "icon-scale": 1.1
      }
    },
    {
      "type": "Feature",
      "geometry": {
        "type": "Point",
        "coordinates": [
          103.415775,
          -2.763995,
          0
        ]
      },
      "properties": {
        "name": "26+675",
        "description": "Ruas 034 | MANGUN JAYA - BTS. KAB. MURA",
        "styleUrl": "#pointStyle",
        "icon-scale": 1.1
      }
    },
    {
      "type": "Feature",
      "geometry": {
        "type": "LineString",
        "coordinates": [
          [
            103.41741599,
            -2.76295097,
            0
          ],
          [
            103.415775,
            -2.763995,
            0
          ]
        ]
      },
      "properties": {
        "name": "Rehab Mayor",
        "description": "Ruas: 034 | MANGUN JAYA - BTS. KAB. MURA | Sta: 26+459 - 26+675 | Tipe: Rehab Mayor | Panjang: 216 m",
        "styleUrl": "#lineStyle40",
        "stroke-opacity": 1,
        "stroke": "#ffff00",
        "stroke-width": 4
      }
    },
    {
      "type": "Feature",
      "geometry": {
        "type": "Point",
        "coordinates": [
          103.413018,
          -2.764837,
          0
        ]
      },
      "properties": {
        "name": "26+995",
        "description": "Ruas 034 | MANGUN JAYA - BTS. KAB. MURA",
        "styleUrl": "#pointStyle",
        "icon-scale": 1.1
      }
    },
    {
      "type": "Feature",
      "geometry": {
        "type": "Point",
        "coordinates": [
          103.411842,
          -2.765081,
          0
        ]
      },
      "properties": {
        "name": "27+130",
        "description": "Ruas 034 | MANGUN JAYA - BTS. KAB. MURA",
        "styleUrl": "#pointStyle",
        "icon-scale": 1.1
      }
    },
    {
      "type": "Feature",
      "geometry": {
        "type": "LineString",
        "coordinates": [
          [
            103.413018,
            -2.764837,
            0
          ],
          [
            103.411842,
            -2.765081,
            0
          ]
        ]
      },
      "properties": {
        "name": "Rehab Minor",
        "description": "Ruas: 034 | MANGUN JAYA - BTS. KAB. MURA | Sta: 26+995 - 27+130 | Tipe: Rehab Minor | Panjang: 135 m",
        "styleUrl": "#lineStyle41",
        "stroke-opacity": 1,
        "stroke": "#00ff00",
        "stroke-width": 4
      }
    },
    {
      "type": "Feature",
      "geometry": {
        "type": "Point",
        "coordinates": [
          103.41022901,
          -2.76526202,
          0
        ]
      },
      "properties": {
        "name": "27+308",
        "description": "Ruas 034 | MANGUN JAYA - BTS. KAB. MURA",
        "styleUrl": "#pointStyle",
        "icon-scale": 1.1
      }
    },
    {
      "type": "Feature",
      "geometry": {
        "type": "Point",
        "coordinates": [
          103.40804804,
          -2.764352,
          0
        ]
      },
      "properties": {
        "name": "27+577",
        "description": "Ruas 034 | MANGUN JAYA - BTS. KAB. MURA",
        "styleUrl": "#pointStyle",
        "icon-scale": 1.1
      }
    },
    {
      "type": "Feature",
      "geometry": {
        "type": "LineString",
        "coordinates": [
          [
            103.41022901,
            -2.76526202,
            0
          ],
          [
            103.40804804,
            -2.764352,
            0
          ]
        ]
      },
      "properties": {
        "name": "Rehab Mayor",
        "description": "Ruas: 034 | MANGUN JAYA - BTS. KAB. MURA | Sta: 27+308 - 27+577 | Tipe: Rehab Mayor | Panjang: 269 m",
        "styleUrl": "#lineStyle42",
        "stroke-opacity": 1,
        "stroke": "#ffff00",
        "stroke-width": 4
      }
    },
    {
      "type": "Feature",
      "geometry": {
        "type": "Point",
        "coordinates": [
          103.401094,
          -2.757449,
          0
        ]
      },
      "properties": {
        "name": "28+700",
        "description": "Ruas 034 | MANGUN JAYA - BTS. KAB. MURA",
        "styleUrl": "#pointStyle",
        "icon-scale": 1.1
      }
    },
    {
      "type": "Feature",
      "geometry": {
        "type": "Point",
        "coordinates": [
          103.39895602,
          -2.75600304,
          0
        ]
      },
      "properties": {
        "name": "28+991",
        "description": "Ruas 034 | MANGUN JAYA - BTS. KAB. MURA",
        "styleUrl": "#pointStyle",
        "icon-scale": 1.1
      }
    },
    {
      "type": "Feature",
      "geometry": {
        "type": "LineString",
        "coordinates": [
          [
            103.401094,
            -2.757449,
            0
          ],
          [
            103.39895602,
            -2.75600304,
            0
          ]
        ]
      },
      "properties": {
        "name": "Rehab Mayor",
        "description": "Ruas: 034 | MANGUN JAYA - BTS. KAB. MURA | Sta: 28+700 - 28+991 | Tipe: Rehab Mayor | Panjang: 291 m",
        "styleUrl": "#lineStyle43",
        "stroke-opacity": 1,
        "stroke": "#ffff00",
        "stroke-width": 4
      }
    },
    {
      "type": "Feature",
      "geometry": {
        "type": "Point",
        "coordinates": [
          103.39140099,
          -2.75715102,
          0
        ]
      },
      "properties": {
        "name": "29+820",
        "description": "Ruas 034 | MANGUN JAYA - BTS. KAB. MURA",
        "styleUrl": "#pointStyle",
        "icon-scale": 1.1
      }
    },
    {
      "type": "Feature",
      "geometry": {
        "type": "Point",
        "coordinates": [
          103.39088199,
          -2.75795602,
          0
        ]
      },
      "properties": {
        "name": "29+955",
        "description": "Ruas 034 | MANGUN JAYA - BTS. KAB. MURA",
        "styleUrl": "#pointStyle",
        "icon-scale": 1.1
      }
    },
    {
      "type": "Feature",
      "geometry": {
        "type": "LineString",
        "coordinates": [
          [
            103.39140099,
            -2.75715102,
            0
          ],
          [
            103.39088199,
            -2.75795602,
            0
          ]
        ]
      },
      "properties": {
        "name": "Rehab Minor",
        "description": "Ruas: 034 | MANGUN JAYA - BTS. KAB. MURA | Sta: 29+820 - 29+955 | Tipe: Rehab Minor | Panjang: 135 m",
        "styleUrl": "#lineStyle44",
        "stroke-opacity": 1,
        "stroke": "#00ff00",
        "stroke-width": 4
      }
    },
    {
      "type": "Feature",
      "geometry": {
        "type": "Point",
        "coordinates": [
          103.394214,
          -2.765778,
          0
        ]
      },
      "properties": {
        "name": "30+938",
        "description": "Ruas 034 | MANGUN JAYA - BTS. KAB. MURA",
        "styleUrl": "#pointStyle",
        "icon-scale": 1.1
      }
    },
    {
      "type": "Feature",
      "geometry": {
        "type": "Point",
        "coordinates": [
          103.394964,
          -2.767567,
          0
        ]
      },
      "properties": {
        "name": "31+134",
        "description": "Ruas 034 | MANGUN JAYA - BTS. KAB. MURA",
        "styleUrl": "#pointStyle",
        "icon-scale": 1.1
      }
    },
    {
      "type": "Feature",
      "geometry": {
        "type": "LineString",
        "coordinates": [
          [
            103.394214,
            -2.765778,
            0
          ],
          [
            103.394964,
            -2.767567,
            0
          ]
        ]
      },
      "properties": {
        "name": "Rehab Minor",
        "description": "Ruas: 034 | MANGUN JAYA - BTS. KAB. MURA | Sta: 30+938 - 31+134 | Tipe: Rehab Minor | Panjang: 196 m",
        "styleUrl": "#lineStyle45",
        "stroke-opacity": 1,
        "stroke": "#00ff00",
        "stroke-width": 4
      }
    },
    {
      "type": "Feature",
      "geometry": {
        "type": "Point",
        "coordinates": [
          103.39533898,
          -2.768393,
          0
        ]
      },
      "properties": {
        "name": "31+235",
        "description": "Ruas 034 | MANGUN JAYA - BTS. KAB. MURA",
        "styleUrl": "#pointStyle",
        "icon-scale": 1.1
      }
    },
    {
      "type": "Feature",
      "geometry": {
        "type": "Point",
        "coordinates": [
          103.39547896,
          -2.76877899,
          0
        ]
      },
      "properties": {
        "name": "31+285",
        "description": "Ruas 034 | MANGUN JAYA - BTS. KAB. MURA",
        "styleUrl": "#pointStyle",
        "icon-scale": 1.1
      }
    },
    {
      "type": "Feature",
      "geometry": {
        "type": "LineString",
        "coordinates": [
          [
            103.39533898,
            -2.768393,
            0
          ],
          [
            103.39547896,
            -2.76877899,
            0
          ]
        ]
      },
      "properties": {
        "name": "Rekonstruksi",
        "description": "Ruas: 034 | MANGUN JAYA - BTS. KAB. MURA | Sta: 31+235 - 31+285 | Tipe: Rekonstruksi | Panjang: 50 m",
        "styleUrl": "#lineStyle46",
        "stroke-opacity": 1,
        "stroke": "#ff0000",
        "stroke-width": 4
      }
    },
    {
      "type": "Feature",
      "geometry": {
        "type": "Point",
        "coordinates": [
          103.39999898,
          -2.77865597,
          0
        ]
      },
      "properties": {
        "name": "32+555",
        "description": "Ruas 034 | MANGUN JAYA - BTS. KAB. MURA",
        "styleUrl": "#pointStyle",
        "icon-scale": 1.1
      }
    },
    {
      "type": "Feature",
      "geometry": {
        "type": "Point",
        "coordinates": [
          103.39972397,
          -2.77886502,
          0
        ]
      },
      "properties": {
        "name": "32+595",
        "description": "Ruas 034 | MANGUN JAYA - BTS. KAB. MURA",
        "styleUrl": "#pointStyle",
        "icon-scale": 1.1
      }
    },
    {
      "type": "Feature",
      "geometry": {
        "type": "LineString",
        "coordinates": [
          [
            103.39999898,
            -2.77865597,
            0
          ],
          [
            103.39972397,
            -2.77886502,
            0
          ]
        ]
      },
      "properties": {
        "name": "Rekonstruksi",
        "description": "Ruas: 034 | MANGUN JAYA - BTS. KAB. MURA | Sta: 32+555 - 32+595 | Tipe: Rekonstruksi | Panjang: 40 m",
        "styleUrl": "#lineStyle47",
        "stroke-opacity": 1,
        "stroke": "#ff0000",
        "stroke-width": 4
      }
    },
    {
      "type": "Feature",
      "geometry": {
        "type": "Point",
        "coordinates": [
          103.39972397,
          -2.77886502,
          0
        ]
      },
      "properties": {
        "name": "32+595",
        "description": "Ruas 034 | MANGUN JAYA - BTS. KAB. MURA",
        "styleUrl": "#pointStyle",
        "icon-scale": 1.1
      }
    },
    {
      "type": "Feature",
      "geometry": {
        "type": "Point",
        "coordinates": [
          103.399019,
          -2.779837,
          0
        ]
      },
      "properties": {
        "name": "32+733",
        "description": "Ruas 034 | MANGUN JAYA - BTS. KAB. MURA",
        "styleUrl": "#pointStyle",
        "icon-scale": 1.1
      }
    },
    {
      "type": "Feature",
      "geometry": {
        "type": "LineString",
        "coordinates": [
          [
            103.39972397,
            -2.77886502,
            0
          ],
          [
            103.399019,
            -2.779837,
            0
          ]
        ]
      },
      "properties": {
        "name": "Rehab Minor",
        "description": "Ruas: 034 | MANGUN JAYA - BTS. KAB. MURA | Sta: 32+595 - 32+733 | Tipe: Rehab Minor | Panjang: 138 m",
        "styleUrl": "#lineStyle48",
        "stroke-opacity": 1,
        "stroke": "#00ff00",
        "stroke-width": 4
      }
    },
    {
      "type": "Feature",
      "geometry": {
        "type": "Point",
        "coordinates": [
          103.39557803,
          -2.78288799,
          0
        ]
      },
      "properties": {
        "name": "33+258",
        "description": "Ruas 034 | MANGUN JAYA - BTS. KAB. MURA",
        "styleUrl": "#pointStyle",
        "icon-scale": 1.1
      }
    },
    {
      "type": "Feature",
      "geometry": {
        "type": "Point",
        "coordinates": [
          103.39409502,
          -2.78408904,
          0
        ]
      },
      "properties": {
        "name": "33+375",
        "description": "Ruas 034 | MANGUN JAYA - BTS. KAB. MURA",
        "styleUrl": "#pointStyle",
        "icon-scale": 1.1
      }
    },
    {
      "type": "Feature",
      "geometry": {
        "type": "LineString",
        "coordinates": [
          [
            103.39557803,
            -2.78288799,
            0
          ],
          [
            103.39409502,
            -2.78408904,
            0
          ]
        ]
      },
      "properties": {
        "name": "Rekonstruksi",
        "description": "Ruas: 034 | MANGUN JAYA - BTS. KAB. MURA | Sta: 33+258 - 33+375 | Tipe: Rekonstruksi | Panjang: 117 m",
        "styleUrl": "#lineStyle49",
        "stroke-opacity": 1,
        "stroke": "#ff0000",
        "stroke-width": 4
      }
    },
    {
      "type": "Feature",
      "geometry": {
        "type": "Point",
        "coordinates": [
          103.383003,
          -2.79085197,
          0
        ]
      },
      "properties": {
        "name": "34+914",
        "description": "Ruas 034 | MANGUN JAYA - BTS. KAB. MURA",
        "styleUrl": "#pointStyle",
        "icon-scale": 1.1
      }
    },
    {
      "type": "Feature",
      "geometry": {
        "type": "Point",
        "coordinates": [
          103.38192701,
          -2.79122002,
          0
        ]
      },
      "properties": {
        "name": "35+040",
        "description": "Ruas 034 | MANGUN JAYA - BTS. KAB. MURA",
        "styleUrl": "#pointStyle",
        "icon-scale": 1.1
      }
    },
    {
      "type": "Feature",
      "geometry": {
        "type": "LineString",
        "coordinates": [
          [
            103.383003,
            -2.79085197,
            0
          ],
          [
            103.38192701,
            -2.79122002,
            0
          ]
        ]
      },
      "properties": {
        "name": "Rekonstruksi",
        "description": "Ruas: 034 | MANGUN JAYA - BTS. KAB. MURA | Sta: 34+914 - 35+040 | Tipe: Rekonstruksi | Panjang: 126 m",
        "styleUrl": "#lineStyle50",
        "stroke-opacity": 1,
        "stroke": "#ff0000",
        "stroke-width": 4
      }
    },
    {
      "type": "Feature",
      "geometry": {
        "type": "Point",
        "coordinates": [
          103.37422002,
          -2.79303303,
          0
        ]
      },
      "properties": {
        "name": "35+921",
        "description": "Ruas 034 | MANGUN JAYA - BTS. KAB. MURA",
        "styleUrl": "#pointStyle",
        "icon-scale": 1.1
      }
    },
    {
      "type": "Feature",
      "geometry": {
        "type": "Point",
        "coordinates": [
          103.37383999,
          -2.79313101,
          0
        ]
      },
      "properties": {
        "name": "35+966",
        "description": "Ruas 034 | MANGUN JAYA - BTS. KAB. MURA",
        "styleUrl": "#pointStyle",
        "icon-scale": 1.1
      }
    },
    {
      "type": "Feature",
      "geometry": {
        "type": "LineString",
        "coordinates": [
          [
            103.37422002,
            -2.79303303,
            0
          ],
          [
            103.37383999,
            -2.79313101,
            0
          ]
        ]
      },
      "properties": {
        "name": "Rehab Mayor",
        "description": "Ruas: 034 | MANGUN JAYA - BTS. KAB. MURA | Sta: 35+921 - 35+966 | Tipe: Rehab Mayor | Panjang: 45 m",
        "styleUrl": "#lineStyle51",
        "stroke-opacity": 1,
        "stroke": "#ffff00",
        "stroke-width": 4
      }
    },
    {
      "type": "Feature",
      "geometry": {
        "type": "Point",
        "coordinates": [
          103.35200999,
          -2.81195903,
          0
        ]
      },
      "properties": {
        "name": "39+308",
        "description": "Ruas 034 | MANGUN JAYA - BTS. KAB. MURA",
        "styleUrl": "#pointStyle",
        "icon-scale": 1.1
      }
    },
    {
      "type": "Feature",
      "geometry": {
        "type": "Point",
        "coordinates": [
          103.35126702,
          -2.81238802,
          0
        ]
      },
      "properties": {
        "name": "39+403",
        "description": "Ruas 034 | MANGUN JAYA - BTS. KAB. MURA",
        "styleUrl": "#pointStyle",
        "icon-scale": 1.1
      }
    },
    {
      "type": "Feature",
      "geometry": {
        "type": "LineString",
        "coordinates": [
          [
            103.35200999,
            -2.81195903,
            0
          ],
          [
            103.35126702,
            -2.81238802,
            0
          ]
        ]
      },
      "properties": {
        "name": "Rehab Mayor",
        "description": "Ruas: 034 | MANGUN JAYA - BTS. KAB. MURA | Sta: 39+308 - 39+403 | Tipe: Rehab Mayor | Panjang: 95 m",
        "styleUrl": "#lineStyle52",
        "stroke-opacity": 1,
        "stroke": "#ffff00",
        "stroke-width": 4
      }
    },
    {
      "type": "Feature",
      "geometry": {
        "type": "Point",
        "coordinates": [
          103.35126702,
          -2.81238802,
          0
        ]
      },
      "properties": {
        "name": "39+403",
        "description": "Ruas 034 | MANGUN JAYA - BTS. KAB. MURA",
        "styleUrl": "#pointStyle",
        "icon-scale": 1.1
      }
    },
    {
      "type": "Feature",
      "geometry": {
        "type": "Point",
        "coordinates": [
          103.35098304,
          -2.81252598,
          0
        ]
      },
      "properties": {
        "name": "39+437",
        "description": "Ruas 034 | MANGUN JAYA - BTS. KAB. MURA",
        "styleUrl": "#pointStyle",
        "icon-scale": 1.1
      }
    },
    {
      "type": "Feature",
      "geometry": {
        "type": "LineString",
        "coordinates": [
          [
            103.35126702,
            -2.81238802,
            0
          ],
          [
            103.35098304,
            -2.81252598,
            0
          ]
        ]
      },
      "properties": {
        "name": "Rekonstruksi",
        "description": "Ruas: 034 | MANGUN JAYA - BTS. KAB. MURA | Sta: 39+403 - 39+437 | Tipe: Rekonstruksi | Panjang: 34 m",
        "styleUrl": "#lineStyle53",
        "stroke-opacity": 1,
        "stroke": "#ff0000",
        "stroke-width": 4
      }
    },
    {
      "type": "Feature",
      "geometry": {
        "type": "Point",
        "coordinates": [
          103.33881101,
          -2.818928,
          0
        ]
      },
      "properties": {
        "name": "41+315",
        "description": "Ruas 034 | MANGUN JAYA - BTS. KAB. MURA",
        "styleUrl": "#pointStyle",
        "icon-scale": 1.1
      }
    },
    {
      "type": "Feature",
      "geometry": {
        "type": "Point",
        "coordinates": [
          103.33889399,
          -2.81922899,
          0
        ]
      },
      "properties": {
        "name": "41+351",
        "description": "Ruas 034 | MANGUN JAYA - BTS. KAB. MURA",
        "styleUrl": "#pointStyle",
        "icon-scale": 1.1
      }
    },
    {
      "type": "Feature",
      "geometry": {
        "type": "LineString",
        "coordinates": [
          [
            103.33881101,
            -2.818928,
            0
          ],
          [
            103.33889399,
            -2.81922899,
            0
          ]
        ]
      },
      "properties": {
        "name": "Rekonstruksi",
        "description": "Ruas: 034 | MANGUN JAYA - BTS. KAB. MURA | Sta: 41+315 - 41+351 | Tipe: Rekonstruksi | Panjang: 36 m",
        "styleUrl": "#lineStyle54",
        "stroke-opacity": 1,
        "stroke": "#ff0000",
        "stroke-width": 4
      }
    },
    {
      "type": "Feature",
      "geometry": {
        "type": "Point",
        "coordinates": [
          103.33889399,
          -2.81922899,
          0
        ]
      },
      "properties": {
        "name": "41+351",
        "description": "Ruas 034 | MANGUN JAYA - BTS. KAB. MURA",
        "styleUrl": "#pointStyle",
        "icon-scale": 1.1
      }
    },
    {
      "type": "Feature",
      "geometry": {
        "type": "Point",
        "coordinates": [
          103.339397,
          -2.82099,
          0
        ]
      },
      "properties": {
        "name": "41+550",
        "description": "Ruas 034 | MANGUN JAYA - BTS. KAB. MURA",
        "styleUrl": "#pointStyle",
        "icon-scale": 1.1
      }
    },
    {
      "type": "Feature",
      "geometry": {
        "type": "LineString",
        "coordinates": [
          [
            103.33889399,
            -2.81922899,
            0
          ],
          [
            103.339397,
            -2.82099,
            0
          ]
        ]
      },
      "properties": {
        "name": "Rehab Mayor",
        "description": "Ruas: 034 | MANGUN JAYA - BTS. KAB. MURA | Sta: 41+351 - 41+550 | Tipe: Rehab Mayor | Panjang: 199 m",
        "styleUrl": "#lineStyle55",
        "stroke-opacity": 1,
        "stroke": "#ffff00",
        "stroke-width": 4
      }
    },
    {
      "type": "Feature",
      "geometry": {
        "type": "Point",
        "coordinates": [
          103.339397,
          -2.82099,
          0
        ]
      },
      "properties": {
        "name": "41+550",
        "description": "Ruas 034 | MANGUN JAYA - BTS. KAB. MURA",
        "styleUrl": "#pointStyle",
        "icon-scale": 1.1
      }
    },
    {
      "type": "Feature",
      "geometry": {
        "type": "Point",
        "coordinates": [
          103.339587,
          -2.82155,
          0
        ]
      },
      "properties": {
        "name": "41+616",
        "description": "Ruas 034 | MANGUN JAYA - BTS. KAB. MURA",
        "styleUrl": "#pointStyle",
        "icon-scale": 1.1
      }
    },
    {
      "type": "Feature",
      "geometry": {
        "type": "LineString",
        "coordinates": [
          [
            103.339397,
            -2.82099,
            0
          ],
          [
            103.339587,
            -2.82155,
            0
          ]
        ]
      },
      "properties": {
        "name": "Rekonstruksi",
        "description": "Ruas: 034 | MANGUN JAYA - BTS. KAB. MURA | Sta: 41+550 - 41+616 | Tipe: Rekonstruksi | Panjang: 66 m",
        "styleUrl": "#lineStyle56",
        "stroke-opacity": 1,
        "stroke": "#ff0000",
        "stroke-width": 4
      }
    },
    {
      "type": "Feature",
      "geometry": {
        "type": "Point",
        "coordinates": [
          103.339587,
          -2.82155,
          0
        ]
      },
      "properties": {
        "name": "41+616",
        "description": "Ruas 034 | MANGUN JAYA - BTS. KAB. MURA",
        "styleUrl": "#pointStyle",
        "icon-scale": 1.1
      }
    },
    {
      "type": "Feature",
      "geometry": {
        "type": "Point",
        "coordinates": [
          103.340048,
          -2.82384,
          0
        ]
      },
      "properties": {
        "name": "41+877",
        "description": "Ruas 034 | MANGUN JAYA - BTS. KAB. MURA",
        "styleUrl": "#pointStyle",
        "icon-scale": 1.1
      }
    },
    {
      "type": "Feature",
      "geometry": {
        "type": "LineString",
        "coordinates": [
          [
            103.339587,
            -2.82155,
            0
          ],
          [
            103.340048,
            -2.82384,
            0
          ]
        ]
      },
      "properties": {
        "name": "Rehab Mayor",
        "description": "Ruas: 034 | MANGUN JAYA - BTS. KAB. MURA | Sta: 41+616 - 41+877 | Tipe: Rehab Mayor | Panjang: 261 m",
        "styleUrl": "#lineStyle57",
        "stroke-opacity": 1,
        "stroke": "#ffff00",
        "stroke-width": 4
      }
    },
    {
      "type": "Feature",
      "geometry": {
        "type": "Point",
        "coordinates": [
          103.340048,
          -2.82384,
          0
        ]
      },
      "properties": {
        "name": "41+877",
        "description": "Ruas 034 | MANGUN JAYA - BTS. KAB. MURA",
        "styleUrl": "#pointStyle",
        "icon-scale": 1.1
      }
    },
    {
      "type": "Feature",
      "geometry": {
        "type": "Point",
        "coordinates": [
          103.34007299,
          -2.82419804,
          0
        ]
      },
      "properties": {
        "name": "41+925",
        "description": "Ruas 034 | MANGUN JAYA - BTS. KAB. MURA",
        "styleUrl": "#pointStyle",
        "icon-scale": 1.1
      }
    },
    {
      "type": "Feature",
      "geometry": {
        "type": "LineString",
        "coordinates": [
          [
            103.340048,
            -2.82384,
            0
          ],
          [
            103.34007299,
            -2.82419804,
            0
          ]
        ]
      },
      "properties": {
        "name": "Rekonstruksi",
        "description": "Ruas: 034 | MANGUN JAYA - BTS. KAB. MURA | Sta: 41+877 - 41+925 | Tipe: Rekonstruksi | Panjang: 48 m",
        "styleUrl": "#lineStyle58",
        "stroke-opacity": 1,
        "stroke": "#ff0000",
        "stroke-width": 4
      }
    },
    {
      "type": "Feature",
      "geometry": {
        "type": "Point",
        "coordinates": [
          103.34007299,
          -2.82419804,
          0
        ]
      },
      "properties": {
        "name": "41+925",
        "description": "Ruas 034 | MANGUN JAYA - BTS. KAB. MURA",
        "styleUrl": "#pointStyle",
        "icon-scale": 1.1
      }
    },
    {
      "type": "Feature",
      "geometry": {
        "type": "Point",
        "coordinates": [
          103.34054497,
          -2.82669199,
          0
        ]
      },
      "properties": {
        "name": "42+205",
        "description": "Ruas 034 | MANGUN JAYA - BTS. KAB. MURA",
        "styleUrl": "#pointStyle",
        "icon-scale": 1.1
      }
    },
    {
      "type": "Feature",
      "geometry": {
        "type": "LineString",
        "coordinates": [
          [
            103.34007299,
            -2.82419804,
            0
          ],
          [
            103.34054497,
            -2.82669199,
            0
          ]
        ]
      },
      "properties": {
        "name": "Rehab Minor",
        "description": "Ruas: 034 | MANGUN JAYA - BTS. KAB. MURA | Sta: 41+925 - 42+205 | Tipe: Rehab Minor | Panjang: 280 m",
        "styleUrl": "#lineStyle59",
        "stroke-opacity": 1,
        "stroke": "#00ff00",
        "stroke-width": 4
      }
    },
    {
      "type": "Feature",
      "geometry": {
        "type": "Point",
        "coordinates": [
          103.340568,
          -2.826777,
          0
        ]
      },
      "properties": {
        "name": "00+000",
        "description": "Ruas 035 | BTS. KAB. MUBA - MUARA BELITI",
        "styleUrl": "#pointStyle",
        "icon-scale": 1.1
      }
    },
    {
      "type": "Feature",
      "geometry": {
        "type": "Point",
        "coordinates": [
          103.340603,
          -2.826739,
          0
        ]
      },
      "properties": {
        "name": "00+163",
        "description": "Ruas 035 | BTS. KAB. MUBA - MUARA BELITI",
        "styleUrl": "#pointStyle",
        "icon-scale": 1.1
      }
    },
    {
      "type": "Feature",
      "geometry": {
        "type": "LineString",
        "coordinates": [
          [
            103.340568,
            -2.826777,
            0
          ],
          [
            103.340603,
            -2.826739,
            0
          ]
        ]
      },
      "properties": {
        "name": "Rehab Minor",
        "description": "Ruas: 035 | BTS. KAB. MUBA - MUARA BELITI | Sta: 00+000 - 00+163 | Tipe: Rehab Minor | Panjang: 163 m",
        "styleUrl": "#lineStyle60",
        "stroke-opacity": 1,
        "stroke": "#00ff00",
        "stroke-width": 4
      }
    },
    {
      "type": "Feature",
      "geometry": {
        "type": "Point",
        "coordinates": [
          103.3382,
          -2.835617,
          0
        ]
      },
      "properties": {
        "name": "01+108",
        "description": "Ruas 035 | BTS. KAB. MUBA - MUARA BELITI",
        "styleUrl": "#pointStyle",
        "icon-scale": 1.1
      }
    },
    {
      "type": "Feature",
      "geometry": {
        "type": "Point",
        "coordinates": [
          103.334557,
          -2.840552,
          0
        ]
      },
      "properties": {
        "name": "01+800",
        "description": "Ruas 035 | BTS. KAB. MUBA - MUARA BELITI",
        "styleUrl": "#pointStyle",
        "icon-scale": 1.1
      }
    },
    {
      "type": "Feature",
      "geometry": {
        "type": "LineString",
        "coordinates": [
          [
            103.3382,
            -2.835617,
            0
          ],
          [
            103.334557,
            -2.840552,
            0
          ]
        ]
      },
      "properties": {
        "name": "Rehab Mayor",
        "description": "Ruas: 035 | BTS. KAB. MUBA - MUARA BELITI | Sta: 01+108 - 01+800 | Tipe: Rehab Mayor | Panjang: 692 m",
        "styleUrl": "#lineStyle61",
        "stroke-opacity": 1,
        "stroke": "#ffff00",
        "stroke-width": 4
      }
    },
    {
      "type": "Feature",
      "geometry": {
        "type": "Point",
        "coordinates": [
          103.334557,
          -2.840552,
          0
        ]
      },
      "properties": {
        "name": "01+800",
        "description": "Ruas 035 | BTS. KAB. MUBA - MUARA BELITI",
        "styleUrl": "#pointStyle",
        "icon-scale": 1.1
      }
    },
    {
      "type": "Feature",
      "geometry": {
        "type": "Point",
        "coordinates": [
          103.33431,
          -2.840992,
          0
        ]
      },
      "properties": {
        "name": "01+850",
        "description": "Ruas 035 | BTS. KAB. MUBA - MUARA BELITI",
        "styleUrl": "#pointStyle",
        "icon-scale": 1.1
      }
    },
    {
      "type": "Feature",
      "geometry": {
        "type": "LineString",
        "coordinates": [
          [
            103.334557,
            -2.840552,
            0
          ],
          [
            103.33431,
            -2.840992,
            0
          ]
        ]
      },
      "properties": {
        "name": "Rekonstruksi",
        "description": "Ruas: 035 | BTS. KAB. MUBA - MUARA BELITI | Sta: 01+800 - 01+850 | Tipe: Rekonstruksi | Panjang: 50 m",
        "styleUrl": "#lineStyle62",
        "stroke-opacity": 1,
        "stroke": "#ff0000",
        "stroke-width": 4
      }
    },
    {
      "type": "Feature",
      "geometry": {
        "type": "Point",
        "coordinates": [
          103.33431,
          -2.840992,
          0
        ]
      },
      "properties": {
        "name": "01+850",
        "description": "Ruas 035 | BTS. KAB. MUBA - MUARA BELITI",
        "styleUrl": "#pointStyle",
        "icon-scale": 1.1
      }
    },
    {
      "type": "Feature",
      "geometry": {
        "type": "Point",
        "coordinates": [
          103.331509,
          -2.843873,
          0
        ]
      },
      "properties": {
        "name": "02+302",
        "description": "Ruas 035 | BTS. KAB. MUBA - MUARA BELITI",
        "styleUrl": "#pointStyle",
        "icon-scale": 1.1
      }
    },
    {
      "type": "Feature",
      "geometry": {
        "type": "LineString",
        "coordinates": [
          [
            103.33431,
            -2.840992,
            0
          ],
          [
            103.331509,
            -2.843873,
            0
          ]
        ]
      },
      "properties": {
        "name": "Rehab Mayor",
        "description": "Ruas: 035 | BTS. KAB. MUBA - MUARA BELITI | Sta: 01+850 - 02+302 | Tipe: Rehab Mayor | Panjang: 452 m",
        "styleUrl": "#lineStyle63",
        "stroke-opacity": 1,
        "stroke": "#ffff00",
        "stroke-width": 4
      }
    },
    {
      "type": "Feature",
      "geometry": {
        "type": "Point",
        "coordinates": [
          103.331509,
          -2.843873,
          0
        ]
      },
      "properties": {
        "name": "02+302",
        "description": "Ruas 035 | BTS. KAB. MUBA - MUARA BELITI",
        "styleUrl": "#pointStyle",
        "icon-scale": 1.1
      }
    },
    {
      "type": "Feature",
      "geometry": {
        "type": "Point",
        "coordinates": [
          103.330852,
          -2.844313,
          0
        ]
      },
      "properties": {
        "name": "02+402",
        "description": "Ruas 035 | BTS. KAB. MUBA - MUARA BELITI",
        "styleUrl": "#pointStyle",
        "icon-scale": 1.1
      }
    },
    {
      "type": "Feature",
      "geometry": {
        "type": "LineString",
        "coordinates": [
          [
            103.331509,
            -2.843873,
            0
          ],
          [
            103.330852,
            -2.844313,
            0
          ]
        ]
      },
      "properties": {
        "name": "Rehab Minor",
        "description": "Ruas: 035 | BTS. KAB. MUBA - MUARA BELITI | Sta: 02+302 - 02+402 | Tipe: Rehab Minor | Panjang: 100 m",
        "styleUrl": "#lineStyle64",
        "stroke-opacity": 1,
        "stroke": "#00ff00",
        "stroke-width": 4
      }
    },
    {
      "type": "Feature",
      "geometry": {
        "type": "Point",
        "coordinates": [
          103.326631,
          -2.846483,
          0
        ]
      },
      "properties": {
        "name": "02+937",
        "description": "Ruas 035 | BTS. KAB. MUBA - MUARA BELITI",
        "styleUrl": "#pointStyle",
        "icon-scale": 1.1
      }
    },
    {
      "type": "Feature",
      "geometry": {
        "type": "Point",
        "coordinates": [
          103.325987,
          -2.846779,
          0
        ]
      },
      "properties": {
        "name": "03+016",
        "description": "Ruas 035 | BTS. KAB. MUBA - MUARA BELITI",
        "styleUrl": "#pointStyle",
        "icon-scale": 1.1
      }
    },
    {
      "type": "Feature",
      "geometry": {
        "type": "LineString",
        "coordinates": [
          [
            103.326631,
            -2.846483,
            0
          ],
          [
            103.325987,
            -2.846779,
            0
          ]
        ]
      },
      "properties": {
        "name": "Rehab Mayor",
        "description": "Ruas: 035 | BTS. KAB. MUBA - MUARA BELITI | Sta: 02+937 - 03+016 | Tipe: Rehab Mayor | Panjang: 79 m",
        "styleUrl": "#lineStyle65",
        "stroke-opacity": 1,
        "stroke": "#ffff00",
        "stroke-width": 4
      }
    },
    {
      "type": "Feature",
      "geometry": {
        "type": "Point",
        "coordinates": [
          103.32472,
          -2.847754,
          0
        ]
      },
      "properties": {
        "name": "03+200",
        "description": "Ruas 035 | BTS. KAB. MUBA - MUARA BELITI",
        "styleUrl": "#pointStyle",
        "icon-scale": 1.1
      }
    },
    {
      "type": "Feature",
      "geometry": {
        "type": "Point",
        "coordinates": [
          103.324608,
          -2.847939,
          0
        ]
      },
      "properties": {
        "name": "03+224",
        "description": "Ruas 035 | BTS. KAB. MUBA - MUARA BELITI",
        "styleUrl": "#pointStyle",
        "icon-scale": 1.1
      }
    },
    {
      "type": "Feature",
      "geometry": {
        "type": "LineString",
        "coordinates": [
          [
            103.32472,
            -2.847754,
            0
          ],
          [
            103.324608,
            -2.847939,
            0
          ]
        ]
      },
      "properties": {
        "name": "Rehab Mayor",
        "description": "Ruas: 035 | BTS. KAB. MUBA - MUARA BELITI | Sta: 03+200 - 03+224 | Tipe: Rehab Mayor | Panjang: 24 m",
        "styleUrl": "#lineStyle66",
        "stroke-opacity": 1,
        "stroke": "#ffff00",
        "stroke-width": 4
      }
    },
    {
      "type": "Feature",
      "geometry": {
        "type": "Point",
        "coordinates": [
          103.324608,
          -2.847939,
          0
        ]
      },
      "properties": {
        "name": "03+224",
        "description": "Ruas 035 | BTS. KAB. MUBA - MUARA BELITI",
        "styleUrl": "#pointStyle",
        "icon-scale": 1.1
      }
    },
    {
      "type": "Feature",
      "geometry": {
        "type": "Point",
        "coordinates": [
          103.324415,
          -2.848121,
          0
        ]
      },
      "properties": {
        "name": "03+250",
        "description": "Ruas 035 | BTS. KAB. MUBA - MUARA BELITI",
        "styleUrl": "#pointStyle",
        "icon-scale": 1.1
      }
    },
    {
      "type": "Feature",
      "geometry": {
        "type": "LineString",
        "coordinates": [
          [
            103.324608,
            -2.847939,
            0
          ],
          [
            103.324415,
            -2.848121,
            0
          ]
        ]
      },
      "properties": {
        "name": "Rekonstruksi",
        "description": "Ruas: 035 | BTS. KAB. MUBA - MUARA BELITI | Sta: 03+224 - 03+250 | Tipe: Rekonstruksi | Panjang: 26 m",
        "styleUrl": "#lineStyle67",
        "stroke-opacity": 1,
        "stroke": "#ff0000",
        "stroke-width": 4
      }
    },
    {
      "type": "Feature",
      "geometry": {
        "type": "Point",
        "coordinates": [
          103.324415,
          -2.848121,
          0
        ]
      },
      "properties": {
        "name": "03+250",
        "description": "Ruas 035 | BTS. KAB. MUBA - MUARA BELITI",
        "styleUrl": "#pointStyle",
        "icon-scale": 1.1
      }
    },
    {
      "type": "Feature",
      "geometry": {
        "type": "Point",
        "coordinates": [
          103.323448,
          -2.849107,
          0
        ]
      },
      "properties": {
        "name": "03+400",
        "description": "Ruas 035 | BTS. KAB. MUBA - MUARA BELITI",
        "styleUrl": "#pointStyle",
        "icon-scale": 1.1
      }
    },
    {
      "type": "Feature",
      "geometry": {
        "type": "LineString",
        "coordinates": [
          [
            103.324415,
            -2.848121,
            0
          ],
          [
            103.323448,
            -2.849107,
            0
          ]
        ]
      },
      "properties": {
        "name": "Rehab Mayor",
        "description": "Ruas: 035 | BTS. KAB. MUBA - MUARA BELITI | Sta: 03+250 - 03+400 | Tipe: Rehab Mayor | Panjang: 150 m",
        "styleUrl": "#lineStyle68",
        "stroke-opacity": 1,
        "stroke": "#ffff00",
        "stroke-width": 4
      }
    },
    {
      "type": "Feature",
      "geometry": {
        "type": "Point",
        "coordinates": [
          103.321472,
          -2.850998,
          0
        ]
      },
      "properties": {
        "name": "03+705",
        "description": "Ruas 035 | BTS. KAB. MUBA - MUARA BELITI",
        "styleUrl": "#pointStyle",
        "icon-scale": 1.1
      }
    },
    {
      "type": "Feature",
      "geometry": {
        "type": "Point",
        "coordinates": [
          103.320554,
          -2.852047,
          0
        ]
      },
      "properties": {
        "name": "03+860",
        "description": "Ruas 035 | BTS. KAB. MUBA - MUARA BELITI",
        "styleUrl": "#pointStyle",
        "icon-scale": 1.1
      }
    },
    {
      "type": "Feature",
      "geometry": {
        "type": "LineString",
        "coordinates": [
          [
            103.321472,
            -2.850998,
            0
          ],
          [
            103.320554,
            -2.852047,
            0
          ]
        ]
      },
      "properties": {
        "name": "Rehab Mayor",
        "description": "Ruas: 035 | BTS. KAB. MUBA - MUARA BELITI | Sta: 03+705 - 03+860 | Tipe: Rehab Mayor | Panjang: 155 m",
        "styleUrl": "#lineStyle69",
        "stroke-opacity": 1,
        "stroke": "#ffff00",
        "stroke-width": 4
      }
    },
    {
      "type": "Feature",
      "geometry": {
        "type": "Point",
        "coordinates": [
          103.318647,
          -2.853734,
          0
        ]
      },
      "properties": {
        "name": "04+145",
        "description": "Ruas 035 | BTS. KAB. MUBA - MUARA BELITI",
        "styleUrl": "#pointStyle",
        "icon-scale": 1.1
      }
    },
    {
      "type": "Feature",
      "geometry": {
        "type": "Point",
        "coordinates": [
          103.316151,
          -2.855103,
          0
        ]
      },
      "properties": {
        "name": "04+465",
        "description": "Ruas 035 | BTS. KAB. MUBA - MUARA BELITI",
        "styleUrl": "#pointStyle",
        "icon-scale": 1.1
      }
    },
    {
      "type": "Feature",
      "geometry": {
        "type": "LineString",
        "coordinates": [
          [
            103.318647,
            -2.853734,
            0
          ],
          [
            103.316151,
            -2.855103,
            0
          ]
        ]
      },
      "properties": {
        "name": "Rehab Mayor",
        "description": "Ruas: 035 | BTS. KAB. MUBA - MUARA BELITI | Sta: 04+145 - 04+465 | Tipe: Rehab Mayor | Panjang: 320 m",
        "styleUrl": "#lineStyle70",
        "stroke-opacity": 1,
        "stroke": "#ffff00",
        "stroke-width": 4
      }
    },
    {
      "type": "Feature",
      "geometry": {
        "type": "Point",
        "coordinates": [
          103.31348,
          -2.86099,
          0
        ]
      },
      "properties": {
        "name": "05+261",
        "description": "Ruas 035 | BTS. KAB. MUBA - MUARA BELITI",
        "styleUrl": "#pointStyle",
        "icon-scale": 1.1
      }
    },
    {
      "type": "Feature",
      "geometry": {
        "type": "Point",
        "coordinates": [
          103.313384,
          -2.861654,
          0
        ]
      },
      "properties": {
        "name": "05+335",
        "description": "Ruas 035 | BTS. KAB. MUBA - MUARA BELITI",
        "styleUrl": "#pointStyle",
        "icon-scale": 1.1
      }
    },
    {
      "type": "Feature",
      "geometry": {
        "type": "LineString",
        "coordinates": [
          [
            103.31348,
            -2.86099,
            0
          ],
          [
            103.313384,
            -2.861654,
            0
          ]
        ]
      },
      "properties": {
        "name": "Rehab Mayor",
        "description": "Ruas: 035 | BTS. KAB. MUBA - MUARA BELITI | Sta: 05+261 - 05+335 | Tipe: Rehab Mayor | Panjang: 74 m",
        "styleUrl": "#lineStyle71",
        "stroke-opacity": 1,
        "stroke": "#ffff00",
        "stroke-width": 4
      }
    },
    {
      "type": "Feature",
      "geometry": {
        "type": "Point",
        "coordinates": [
          103.313384,
          -2.861654,
          0
        ]
      },
      "properties": {
        "name": "05+335",
        "description": "Ruas 035 | BTS. KAB. MUBA - MUARA BELITI",
        "styleUrl": "#pointStyle",
        "icon-scale": 1.1
      }
    },
    {
      "type": "Feature",
      "geometry": {
        "type": "Point",
        "coordinates": [
          103.313516,
          -2.863252,
          0
        ]
      },
      "properties": {
        "name": "05+514",
        "description": "Ruas 035 | BTS. KAB. MUBA - MUARA BELITI",
        "styleUrl": "#pointStyle",
        "icon-scale": 1.1
      }
    },
    {
      "type": "Feature",
      "geometry": {
        "type": "LineString",
        "coordinates": [
          [
            103.313384,
            -2.861654,
            0
          ],
          [
            103.313516,
            -2.863252,
            0
          ]
        ]
      },
      "properties": {
        "name": "Rekonstruksi",
        "description": "Ruas: 035 | BTS. KAB. MUBA - MUARA BELITI | Sta: 05+335 - 05+514 | Tipe: Rekonstruksi | Panjang: 179 m",
        "styleUrl": "#lineStyle72",
        "stroke-opacity": 1,
        "stroke": "#ff0000",
        "stroke-width": 4
      }
    },
    {
      "type": "Feature",
      "geometry": {
        "type": "Point",
        "coordinates": [
          103.3044204,
          -2.8734448,
          0
        ]
      },
      "properties": {
        "name": "07+421",
        "description": "Ruas 035 | BTS. KAB. MUBA - MUARA BELITI",
        "styleUrl": "#pointStyle",
        "icon-scale": 1.1
      }
    },
    {
      "type": "Feature",
      "geometry": {
        "type": "Point",
        "coordinates": [
          103.30373,
          -2.874069,
          0
        ]
      },
      "properties": {
        "name": "07+525",
        "description": "Ruas 035 | BTS. KAB. MUBA - MUARA BELITI",
        "styleUrl": "#pointStyle",
        "icon-scale": 1.1
      }
    },
    {
      "type": "Feature",
      "geometry": {
        "type": "LineString",
        "coordinates": [
          [
            103.3044204,
            -2.8734448,
            0
          ],
          [
            103.30373,
            -2.874069,
            0
          ]
        ]
      },
      "properties": {
        "name": "Rehab Minor",
        "description": "Ruas: 035 | BTS. KAB. MUBA - MUARA BELITI | Sta: 07+421 - 07+525 | Tipe: Rehab Minor | Panjang: 104 m",
        "styleUrl": "#lineStyle73",
        "stroke-opacity": 1,
        "stroke": "#00ff00",
        "stroke-width": 4
      }
    },
    {
      "type": "Feature",
      "geometry": {
        "type": "Point",
        "coordinates": [
          103.312111,
          -2.900058,
          0
        ]
      },
      "properties": {
        "name": "10+876",
        "description": "Ruas 035 | BTS. KAB. MUBA - MUARA BELITI",
        "styleUrl": "#pointStyle",
        "icon-scale": 1.1
      }
    },
    {
      "type": "Feature",
      "geometry": {
        "type": "Point",
        "coordinates": [
          103.311629,
          -2.900544,
          0
        ]
      },
      "properties": {
        "name": "10+947",
        "description": "Ruas 035 | BTS. KAB. MUBA - MUARA BELITI",
        "styleUrl": "#pointStyle",
        "icon-scale": 1.1
      }
    },
    {
      "type": "Feature",
      "geometry": {
        "type": "LineString",
        "coordinates": [
          [
            103.312111,
            -2.900058,
            0
          ],
          [
            103.311629,
            -2.900544,
            0
          ]
        ]
      },
      "properties": {
        "name": "Rekonstruksi",
        "description": "Ruas: 035 | BTS. KAB. MUBA - MUARA BELITI | Sta: 10+876 - 10+947 | Tipe: Rekonstruksi | Panjang: 71 m",
        "styleUrl": "#lineStyle74",
        "stroke-opacity": 1,
        "stroke": "#ff0000",
        "stroke-width": 4
      }
    },
    {
      "type": "Feature",
      "geometry": {
        "type": "Point",
        "coordinates": [
          103.311629,
          -2.900544,
          0
        ]
      },
      "properties": {
        "name": "10+947",
        "description": "Ruas 035 | BTS. KAB. MUBA - MUARA BELITI",
        "styleUrl": "#pointStyle",
        "icon-scale": 1.1
      }
    },
    {
      "type": "Feature",
      "geometry": {
        "type": "Point",
        "coordinates": [
          103.311214,
          -2.901424,
          0
        ]
      },
      "properties": {
        "name": "11+058",
        "description": "Ruas 035 | BTS. KAB. MUBA - MUARA BELITI",
        "styleUrl": "#pointStyle",
        "icon-scale": 1.1
      }
    },
    {
      "type": "Feature",
      "geometry": {
        "type": "LineString",
        "coordinates": [
          [
            103.311629,
            -2.900544,
            0
          ],
          [
            103.311214,
            -2.901424,
            0
          ]
        ]
      },
      "properties": {
        "name": "Rehab Mayor",
        "description": "Ruas: 035 | BTS. KAB. MUBA - MUARA BELITI | Sta: 10+947 - 11+058 | Tipe: Rehab Mayor | Panjang: 111 m",
        "styleUrl": "#lineStyle75",
        "stroke-opacity": 1,
        "stroke": "#ffff00",
        "stroke-width": 4
      }
    },
    {
      "type": "Feature",
      "geometry": {
        "type": "Point",
        "coordinates": [
          103.311214,
          -2.901424,
          0
        ]
      },
      "properties": {
        "name": "11+058",
        "description": "Ruas 035 | BTS. KAB. MUBA - MUARA BELITI",
        "styleUrl": "#pointStyle",
        "icon-scale": 1.1
      }
    },
    {
      "type": "Feature",
      "geometry": {
        "type": "Point",
        "coordinates": [
          103.311047,
          -2.901834,
          0
        ]
      },
      "properties": {
        "name": "11+108",
        "description": "Ruas 035 | BTS. KAB. MUBA - MUARA BELITI",
        "styleUrl": "#pointStyle",
        "icon-scale": 1.1
      }
    },
    {
      "type": "Feature",
      "geometry": {
        "type": "LineString",
        "coordinates": [
          [
            103.311214,
            -2.901424,
            0
          ],
          [
            103.311047,
            -2.901834,
            0
          ]
        ]
      },
      "properties": {
        "name": "Rekonstruksi",
        "description": "Ruas: 035 | BTS. KAB. MUBA - MUARA BELITI | Sta: 11+058 - 11+108 | Tipe: Rekonstruksi | Panjang: 50 m",
        "styleUrl": "#lineStyle76",
        "stroke-opacity": 1,
        "stroke": "#ff0000",
        "stroke-width": 4
      }
    },
    {
      "type": "Feature",
      "geometry": {
        "type": "Point",
        "coordinates": [
          103.311047,
          -2.901834,
          0
        ]
      },
      "properties": {
        "name": "11+108",
        "description": "Ruas 035 | BTS. KAB. MUBA - MUARA BELITI",
        "styleUrl": "#pointStyle",
        "icon-scale": 1.1
      }
    },
    {
      "type": "Feature",
      "geometry": {
        "type": "Point",
        "coordinates": [
          103.310878,
          -2.902338,
          0
        ]
      },
      "properties": {
        "name": "11+173",
        "description": "Ruas 035 | BTS. KAB. MUBA - MUARA BELITI",
        "styleUrl": "#pointStyle",
        "icon-scale": 1.1
      }
    },
    {
      "type": "Feature",
      "geometry": {
        "type": "LineString",
        "coordinates": [
          [
            103.311047,
            -2.901834,
            0
          ],
          [
            103.310878,
            -2.902338,
            0
          ]
        ]
      },
      "properties": {
        "name": "Rehab Mayor",
        "description": "Ruas: 035 | BTS. KAB. MUBA - MUARA BELITI | Sta: 11+108 - 11+173 | Tipe: Rehab Mayor | Panjang: 65 m",
        "styleUrl": "#lineStyle77",
        "stroke-opacity": 1,
        "stroke": "#ffff00",
        "stroke-width": 4
      }
    },
    {
      "type": "Feature",
      "geometry": {
        "type": "Point",
        "coordinates": [
          103.314662,
          -2.917272,
          0
        ]
      },
      "properties": {
        "name": "14+225",
        "description": "Ruas 035 | BTS. KAB. MUBA - MUARA BELITI",
        "styleUrl": "#pointStyle",
        "icon-scale": 1.1
      }
    },
    {
      "type": "Feature",
      "geometry": {
        "type": "Point",
        "coordinates": [
          103.31042,
          -2.917762,
          0
        ]
      },
      "properties": {
        "name": "14+704",
        "description": "Ruas 035 | BTS. KAB. MUBA - MUARA BELITI",
        "styleUrl": "#pointStyle",
        "icon-scale": 1.1
      }
    },
    {
      "type": "Feature",
      "geometry": {
        "type": "LineString",
        "coordinates": [
          [
            103.314662,
            -2.917272,
            0
          ],
          [
            103.31042,
            -2.917762,
            0
          ]
        ]
      },
      "properties": {
        "name": "Rehab Mayor",
        "description": "Ruas: 035 | BTS. KAB. MUBA - MUARA BELITI | Sta: 14+225 - 14+704 | Tipe: Rehab Mayor | Panjang: 479 m",
        "styleUrl": "#lineStyle78",
        "stroke-opacity": 1,
        "stroke": "#ffff00",
        "stroke-width": 4
      }
    },
    {
      "type": "Feature",
      "geometry": {
        "type": "Point",
        "coordinates": [
          103.31042,
          -2.917762,
          0
        ]
      },
      "properties": {
        "name": "14+704",
        "description": "Ruas 035 | BTS. KAB. MUBA - MUARA BELITI",
        "styleUrl": "#pointStyle",
        "icon-scale": 1.1
      }
    },
    {
      "type": "Feature",
      "geometry": {
        "type": "Point",
        "coordinates": [
          103.309773,
          -2.917944,
          0
        ]
      },
      "properties": {
        "name": "14+782",
        "description": "Ruas 035 | BTS. KAB. MUBA - MUARA BELITI",
        "styleUrl": "#pointStyle",
        "icon-scale": 1.1
      }
    },
    {
      "type": "Feature",
      "geometry": {
        "type": "LineString",
        "coordinates": [
          [
            103.31042,
            -2.917762,
            0
          ],
          [
            103.309773,
            -2.917944,
            0
          ]
        ]
      },
      "properties": {
        "name": "Rekonstruksi",
        "description": "Ruas: 035 | BTS. KAB. MUBA - MUARA BELITI | Sta: 14+704 - 14+782 | Tipe: Rekonstruksi | Panjang: 78 m",
        "styleUrl": "#lineStyle79",
        "stroke-opacity": 1,
        "stroke": "#ff0000",
        "stroke-width": 4
      }
    },
    {
      "type": "Feature",
      "geometry": {
        "type": "Point",
        "coordinates": [
          103.309773,
          -2.917944,
          0
        ]
      },
      "properties": {
        "name": "14+782",
        "description": "Ruas 035 | BTS. KAB. MUBA - MUARA BELITI",
        "styleUrl": "#pointStyle",
        "icon-scale": 1.1
      }
    },
    {
      "type": "Feature",
      "geometry": {
        "type": "Point",
        "coordinates": [
          103.309457,
          -2.91817,
          0
        ]
      },
      "properties": {
        "name": "14+822",
        "description": "Ruas 035 | BTS. KAB. MUBA - MUARA BELITI",
        "styleUrl": "#pointStyle",
        "icon-scale": 1.1
      }
    },
    {
      "type": "Feature",
      "geometry": {
        "type": "LineString",
        "coordinates": [
          [
            103.309773,
            -2.917944,
            0
          ],
          [
            103.309457,
            -2.91817,
            0
          ]
        ]
      },
      "properties": {
        "name": "Rehab Mayor",
        "description": "Ruas: 035 | BTS. KAB. MUBA - MUARA BELITI | Sta: 14+782 - 14+822 | Tipe: Rehab Mayor | Panjang: 40 m",
        "styleUrl": "#lineStyle80",
        "stroke-opacity": 1,
        "stroke": "#ffff00",
        "stroke-width": 4
      }
    },
    {
      "type": "Feature",
      "geometry": {
        "type": "Point",
        "coordinates": [
          103.304482,
          -2.940272999999999,
          0
        ]
      },
      "properties": {
        "name": "17+495",
        "description": "Ruas 035 | BTS. KAB. MUBA - MUARA BELITI",
        "styleUrl": "#pointStyle",
        "icon-scale": 1.1
      }
    },
    {
      "type": "Feature",
      "geometry": {
        "type": "Point",
        "coordinates": [
          103.30397,
          -2.941179,
          0
        ]
      },
      "properties": {
        "name": "17+613",
        "description": "Ruas 035 | BTS. KAB. MUBA - MUARA BELITI",
        "styleUrl": "#pointStyle",
        "icon-scale": 1.1
      }
    },
    {
      "type": "Feature",
      "geometry": {
        "type": "LineString",
        "coordinates": [
          [
            103.304482,
            -2.940272999999999,
            0
          ],
          [
            103.30397,
            -2.941179,
            0
          ]
        ]
      },
      "properties": {
        "name": "Rehab Mayor",
        "description": "Ruas: 035 | BTS. KAB. MUBA - MUARA BELITI | Sta: 17+495 - 17+613 | Tipe: Rehab Mayor | Panjang: 118 m",
        "styleUrl": "#lineStyle81",
        "stroke-opacity": 1,
        "stroke": "#ffff00",
        "stroke-width": 4
      }
    },
    {
      "type": "Feature",
      "geometry": {
        "type": "Point",
        "coordinates": [
          103.306591,
          -2.950807,
          0
        ]
      },
      "properties": {
        "name": "18+889",
        "description": "Ruas 035 | BTS. KAB. MUBA - MUARA BELITI",
        "styleUrl": "#pointStyle",
        "icon-scale": 1.1
      }
    },
    {
      "type": "Feature",
      "geometry": {
        "type": "Point",
        "coordinates": [
          103.306983,
          -2.951835,
          0
        ]
      },
      "properties": {
        "name": "19+010",
        "description": "Ruas 035 | BTS. KAB. MUBA - MUARA BELITI",
        "styleUrl": "#pointStyle",
        "icon-scale": 1.1
      }
    },
    {
      "type": "Feature",
      "geometry": {
        "type": "LineString",
        "coordinates": [
          [
            103.306591,
            -2.950807,
            0
          ],
          [
            103.306983,
            -2.951835,
            0
          ]
        ]
      },
      "properties": {
        "name": "Rekonstruksi",
        "description": "Ruas: 035 | BTS. KAB. MUBA - MUARA BELITI | Sta: 18+889 - 19+010 | Tipe: Rekonstruksi | Panjang: 121 m",
        "styleUrl": "#lineStyle82",
        "stroke-opacity": 1,
        "stroke": "#ff0000",
        "stroke-width": 4
      }
    },
    {
      "type": "Feature",
      "geometry": {
        "type": "Point",
        "coordinates": [
          103.306983,
          -2.951835,
          0
        ]
      },
      "properties": {
        "name": "19+010",
        "description": "Ruas 035 | BTS. KAB. MUBA - MUARA BELITI",
        "styleUrl": "#pointStyle",
        "icon-scale": 1.1
      }
    },
    {
      "type": "Feature",
      "geometry": {
        "type": "Point",
        "coordinates": [
          103.3072265,
          -2.9525415,
          0
        ]
      },
      "properties": {
        "name": "19+110",
        "description": "Ruas 035 | BTS. KAB. MUBA - MUARA BELITI",
        "styleUrl": "#pointStyle",
        "icon-scale": 1.1
      }
    },
    {
      "type": "Feature",
      "geometry": {
        "type": "LineString",
        "coordinates": [
          [
            103.306983,
            -2.951835,
            0
          ],
          [
            103.3072265,
            -2.9525415,
            0
          ]
        ]
      },
      "properties": {
        "name": "Rehab Mayor",
        "description": "Ruas: 035 | BTS. KAB. MUBA - MUARA BELITI | Sta: 19+010 - 19+110 | Tipe: Rehab Mayor | Panjang: 100 m",
        "styleUrl": "#lineStyle83",
        "stroke-opacity": 1,
        "stroke": "#ffff00",
        "stroke-width": 4
      }
    },
    {
      "type": "Feature",
      "geometry": {
        "type": "Point",
        "coordinates": [
          103.307887,
          -2.954531,
          0
        ]
      },
      "properties": {
        "name": "19+330",
        "description": "Ruas 035 | BTS. KAB. MUBA - MUARA BELITI",
        "styleUrl": "#pointStyle",
        "icon-scale": 1.1
      }
    },
    {
      "type": "Feature",
      "geometry": {
        "type": "Point",
        "coordinates": [
          103.307873,
          -2.954908999999999,
          0
        ]
      },
      "properties": {
        "name": "19+370",
        "description": "Ruas 035 | BTS. KAB. MUBA - MUARA BELITI",
        "styleUrl": "#pointStyle",
        "icon-scale": 1.1
      }
    },
    {
      "type": "Feature",
      "geometry": {
        "type": "LineString",
        "coordinates": [
          [
            103.307887,
            -2.954531,
            0
          ],
          [
            103.307873,
            -2.954908999999999,
            0
          ]
        ]
      },
      "properties": {
        "name": "Rekonstruksi",
        "description": "Ruas: 035 | BTS. KAB. MUBA - MUARA BELITI | Sta: 19+330 - 19+370 | Tipe: Rekonstruksi | Panjang: 40 m",
        "styleUrl": "#lineStyle84",
        "stroke-opacity": 1,
        "stroke": "#ff0000",
        "stroke-width": 4
      }
    },
    {
      "type": "Feature",
      "geometry": {
        "type": "Point",
        "coordinates": [
          103.30788,
          -2.955317,
          0
        ]
      },
      "properties": {
        "name": "19+416",
        "description": "Ruas 035 | BTS. KAB. MUBA - MUARA BELITI",
        "styleUrl": "#pointStyle",
        "icon-scale": 1.1
      }
    },
    {
      "type": "Feature",
      "geometry": {
        "type": "Point",
        "coordinates": [
          103.307878,
          -2.955662,
          0
        ]
      },
      "properties": {
        "name": "19+456",
        "description": "Ruas 035 | BTS. KAB. MUBA - MUARA BELITI",
        "styleUrl": "#pointStyle",
        "icon-scale": 1.1
      }
    },
    {
      "type": "Feature",
      "geometry": {
        "type": "LineString",
        "coordinates": [
          [
            103.30788,
            -2.955317,
            0
          ],
          [
            103.307878,
            -2.955662,
            0
          ]
        ]
      },
      "properties": {
        "name": "Rekonstruksi",
        "description": "Ruas: 035 | BTS. KAB. MUBA - MUARA BELITI | Sta: 19+416 - 19+456 | Tipe: Rekonstruksi | Panjang: 40 m",
        "styleUrl": "#lineStyle85",
        "stroke-opacity": 1,
        "stroke": "#ff0000",
        "stroke-width": 4
      }
    },
    {
      "type": "Feature",
      "geometry": {
        "type": "Point",
        "coordinates": [
          103.307538,
          -2.96127,
          0
        ]
      },
      "properties": {
        "name": "20+089",
        "description": "Ruas 035 | BTS. KAB. MUBA - MUARA BELITI",
        "styleUrl": "#pointStyle",
        "icon-scale": 1.1
      }
    },
    {
      "type": "Feature",
      "geometry": {
        "type": "Point",
        "coordinates": [
          103.307191,
          -2.96305,
          0
        ]
      },
      "properties": {
        "name": "20+293",
        "description": "Ruas 035 | BTS. KAB. MUBA - MUARA BELITI",
        "styleUrl": "#pointStyle",
        "icon-scale": 1.1
      }
    },
    {
      "type": "Feature",
      "geometry": {
        "type": "LineString",
        "coordinates": [
          [
            103.307538,
            -2.96127,
            0
          ],
          [
            103.307191,
            -2.96305,
            0
          ]
        ]
      },
      "properties": {
        "name": "Rehab Mayor",
        "description": "Ruas: 035 | BTS. KAB. MUBA - MUARA BELITI | Sta: 20+089 - 20+293 | Tipe: Rehab Mayor | Panjang: 204 m",
        "styleUrl": "#lineStyle86",
        "stroke-opacity": 1,
        "stroke": "#ffff00",
        "stroke-width": 4
      }
    },
    {
      "type": "Feature",
      "geometry": {
        "type": "Point",
        "coordinates": [
          103.307191,
          -2.96305,
          0
        ]
      },
      "properties": {
        "name": "20+293",
        "description": "Ruas 035 | BTS. KAB. MUBA - MUARA BELITI",
        "styleUrl": "#pointStyle",
        "icon-scale": 1.1
      }
    },
    {
      "type": "Feature",
      "geometry": {
        "type": "Point",
        "coordinates": [
          103.307108,
          -2.963497,
          0
        ]
      },
      "properties": {
        "name": "20+344",
        "description": "Ruas 035 | BTS. KAB. MUBA - MUARA BELITI",
        "styleUrl": "#pointStyle",
        "icon-scale": 1.1
      }
    },
    {
      "type": "Feature",
      "geometry": {
        "type": "LineString",
        "coordinates": [
          [
            103.307191,
            -2.96305,
            0
          ],
          [
            103.307108,
            -2.963497,
            0
          ]
        ]
      },
      "properties": {
        "name": "Rekonstruksi",
        "description": "Ruas: 035 | BTS. KAB. MUBA - MUARA BELITI | Sta: 20+293 - 20+344 | Tipe: Rekonstruksi | Panjang: 51 m",
        "styleUrl": "#lineStyle87",
        "stroke-opacity": 1,
        "stroke": "#ff0000",
        "stroke-width": 4
      }
    },
    {
      "type": "Feature",
      "geometry": {
        "type": "Point",
        "coordinates": [
          103.307108,
          -2.963497,
          0
        ]
      },
      "properties": {
        "name": "20+344",
        "description": "Ruas 035 | BTS. KAB. MUBA - MUARA BELITI",
        "styleUrl": "#pointStyle",
        "icon-scale": 1.1
      }
    },
    {
      "type": "Feature",
      "geometry": {
        "type": "Point",
        "coordinates": [
          103.305672,
          -2.965087,
          0
        ]
      },
      "properties": {
        "name": "20+585",
        "description": "Ruas 035 | BTS. KAB. MUBA - MUARA BELITI",
        "styleUrl": "#pointStyle",
        "icon-scale": 1.1
      }
    },
    {
      "type": "Feature",
      "geometry": {
        "type": "LineString",
        "coordinates": [
          [
            103.307108,
            -2.963497,
            0
          ],
          [
            103.305672,
            -2.965087,
            0
          ]
        ]
      },
      "properties": {
        "name": "Rehab Mayor",
        "description": "Ruas: 035 | BTS. KAB. MUBA - MUARA BELITI | Sta: 20+344 - 20+585 | Tipe: Rehab Mayor | Panjang: 241 m",
        "styleUrl": "#lineStyle88",
        "stroke-opacity": 1,
        "stroke": "#ffff00",
        "stroke-width": 4
      }
    },
    {
      "type": "Feature",
      "geometry": {
        "type": "Point",
        "coordinates": [
          103.286469,
          -2.968634,
          0
        ]
      },
      "properties": {
        "name": "23+075",
        "description": "Ruas 035 | BTS. KAB. MUBA - MUARA BELITI",
        "styleUrl": "#pointStyle",
        "icon-scale": 1.1
      }
    },
    {
      "type": "Feature",
      "geometry": {
        "type": "Point",
        "coordinates": [
          103.284077,
          -2.969632,
          0
        ]
      },
      "properties": {
        "name": "23+365",
        "description": "Ruas 035 | BTS. KAB. MUBA - MUARA BELITI",
        "styleUrl": "#pointStyle",
        "icon-scale": 1.1
      }
    },
    {
      "type": "Feature",
      "geometry": {
        "type": "LineString",
        "coordinates": [
          [
            103.286469,
            -2.968634,
            0
          ],
          [
            103.284077,
            -2.969632,
            0
          ]
        ]
      },
      "properties": {
        "name": "Rehab Mayor",
        "description": "Ruas: 035 | BTS. KAB. MUBA - MUARA BELITI | Sta: 23+075 - 23+365 | Tipe: Rehab Mayor | Panjang: 290 m",
        "styleUrl": "#lineStyle89",
        "stroke-opacity": 1,
        "stroke": "#ffff00",
        "stroke-width": 4
      }
    },
    {
      "type": "Feature",
      "geometry": {
        "type": "Point",
        "coordinates": [
          103.281402,
          -2.974006,
          0
        ]
      },
      "properties": {
        "name": "23+964",
        "description": "Ruas 035 | BTS. KAB. MUBA - MUARA BELITI",
        "styleUrl": "#pointStyle",
        "icon-scale": 1.1
      }
    },
    {
      "type": "Feature",
      "geometry": {
        "type": "Point",
        "coordinates": [
          103.281433,
          -2.974532,
          0
        ]
      },
      "properties": {
        "name": "24+024",
        "description": "Ruas 035 | BTS. KAB. MUBA - MUARA BELITI",
        "styleUrl": "#pointStyle",
        "icon-scale": 1.1
      }
    },
    {
      "type": "Feature",
      "geometry": {
        "type": "LineString",
        "coordinates": [
          [
            103.281402,
            -2.974006,
            0
          ],
          [
            103.281433,
            -2.974532,
            0
          ]
        ]
      },
      "properties": {
        "name": "Rehab Mayor",
        "description": "Ruas: 035 | BTS. KAB. MUBA - MUARA BELITI | Sta: 23+964 - 24+024 | Tipe: Rehab Mayor | Panjang: 60 m",
        "styleUrl": "#lineStyle90",
        "stroke-opacity": 1,
        "stroke": "#ffff00",
        "stroke-width": 4
      }
    },
    {
      "type": "Feature",
      "geometry": {
        "type": "Point",
        "coordinates": [
          103.281433,
          -2.974532,
          0
        ]
      },
      "properties": {
        "name": "24+024",
        "description": "Ruas 035 | BTS. KAB. MUBA - MUARA BELITI",
        "styleUrl": "#pointStyle",
        "icon-scale": 1.1
      }
    },
    {
      "type": "Feature",
      "geometry": {
        "type": "Point",
        "coordinates": [
          103.281551,
          -2.974901,
          0
        ]
      },
      "properties": {
        "name": "24+066",
        "description": "Ruas 035 | BTS. KAB. MUBA - MUARA BELITI",
        "styleUrl": "#pointStyle",
        "icon-scale": 1.1
      }
    },
    {
      "type": "Feature",
      "geometry": {
        "type": "LineString",
        "coordinates": [
          [
            103.281433,
            -2.974532,
            0
          ],
          [
            103.281551,
            -2.974901,
            0
          ]
        ]
      },
      "properties": {
        "name": "Rekonstruksi",
        "description": "Ruas: 035 | BTS. KAB. MUBA - MUARA BELITI | Sta: 24+024 - 24+066 | Tipe: Rekonstruksi | Panjang: 42 m",
        "styleUrl": "#lineStyle91",
        "stroke-opacity": 1,
        "stroke": "#ff0000",
        "stroke-width": 4
      }
    },
    {
      "type": "Feature",
      "geometry": {
        "type": "Point",
        "coordinates": [
          103.281551,
          -2.974901,
          0
        ]
      },
      "properties": {
        "name": "24+066",
        "description": "Ruas 035 | BTS. KAB. MUBA - MUARA BELITI",
        "styleUrl": "#pointStyle",
        "icon-scale": 1.1
      }
    },
    {
      "type": "Feature",
      "geometry": {
        "type": "Point",
        "coordinates": [
          103.281827,
          -2.976749,
          0
        ]
      },
      "properties": {
        "name": "24+272",
        "description": "Ruas 035 | BTS. KAB. MUBA - MUARA BELITI",
        "styleUrl": "#pointStyle",
        "icon-scale": 1.1
      }
    },
    {
      "type": "Feature",
      "geometry": {
        "type": "LineString",
        "coordinates": [
          [
            103.281551,
            -2.974901,
            0
          ],
          [
            103.281827,
            -2.976749,
            0
          ]
        ]
      },
      "properties": {
        "name": "Rehab Mayor",
        "description": "Ruas: 035 | BTS. KAB. MUBA - MUARA BELITI | Sta: 24+066 - 24+272 | Tipe: Rehab Mayor | Panjang: 206 m",
        "styleUrl": "#lineStyle92",
        "stroke-opacity": 1,
        "stroke": "#ffff00",
        "stroke-width": 4
      }
    },
    {
      "type": "Feature",
      "geometry": {
        "type": "Point",
        "coordinates": [
          103.281827,
          -2.976749,
          0
        ]
      },
      "properties": {
        "name": "24+272",
        "description": "Ruas 035 | BTS. KAB. MUBA - MUARA BELITI",
        "styleUrl": "#pointStyle",
        "icon-scale": 1.1
      }
    },
    {
      "type": "Feature",
      "geometry": {
        "type": "Point",
        "coordinates": [
          103.281841,
          -2.977014,
          0
        ]
      },
      "properties": {
        "name": "24+302",
        "description": "Ruas 035 | BTS. KAB. MUBA - MUARA BELITI",
        "styleUrl": "#pointStyle",
        "icon-scale": 1.1
      }
    },
    {
      "type": "Feature",
      "geometry": {
        "type": "LineString",
        "coordinates": [
          [
            103.281827,
            -2.976749,
            0
          ],
          [
            103.281841,
            -2.977014,
            0
          ]
        ]
      },
      "properties": {
        "name": "Rekonstruksi",
        "description": "Ruas: 035 | BTS. KAB. MUBA - MUARA BELITI | Sta: 24+272 - 24+302 | Tipe: Rekonstruksi | Panjang: 30 m",
        "styleUrl": "#lineStyle93",
        "stroke-opacity": 1,
        "stroke": "#ff0000",
        "stroke-width": 4
      }
    },
    {
      "type": "Feature",
      "geometry": {
        "type": "Point",
        "coordinates": [
          103.281841,
          -2.977014,
          0
        ]
      },
      "properties": {
        "name": "24+302",
        "description": "Ruas 035 | BTS. KAB. MUBA - MUARA BELITI",
        "styleUrl": "#pointStyle",
        "icon-scale": 1.1
      }
    },
    {
      "type": "Feature",
      "geometry": {
        "type": "Point",
        "coordinates": [
          103.281915,
          -2.978327,
          0
        ]
      },
      "properties": {
        "name": "24+451",
        "description": "Ruas 035 | BTS. KAB. MUBA - MUARA BELITI",
        "styleUrl": "#pointStyle",
        "icon-scale": 1.1
      }
    },
    {
      "type": "Feature",
      "geometry": {
        "type": "LineString",
        "coordinates": [
          [
            103.281841,
            -2.977014,
            0
          ],
          [
            103.281915,
            -2.978327,
            0
          ]
        ]
      },
      "properties": {
        "name": "Rehab Mayor",
        "description": "Ruas: 035 | BTS. KAB. MUBA - MUARA BELITI | Sta: 24+302 - 24+451 | Tipe: Rehab Mayor | Panjang: 149 m",
        "styleUrl": "#lineStyle94",
        "stroke-opacity": 1,
        "stroke": "#ffff00",
        "stroke-width": 4
      }
    },
    {
      "type": "Feature",
      "geometry": {
        "type": "Point",
        "coordinates": [
          103.281915,
          -2.978327,
          0
        ]
      },
      "properties": {
        "name": "24+451",
        "description": "Ruas 035 | BTS. KAB. MUBA - MUARA BELITI",
        "styleUrl": "#pointStyle",
        "icon-scale": 1.1
      }
    },
    {
      "type": "Feature",
      "geometry": {
        "type": "Point",
        "coordinates": [
          103.280588,
          -2.981033,
          0
        ]
      },
      "properties": {
        "name": "24+798",
        "description": "Ruas 035 | BTS. KAB. MUBA - MUARA BELITI",
        "styleUrl": "#pointStyle",
        "icon-scale": 1.1
      }
    },
    {
      "type": "Feature",
      "geometry": {
        "type": "LineString",
        "coordinates": [
          [
            103.281915,
            -2.978327,
            0
          ],
          [
            103.280588,
            -2.981033,
            0
          ]
        ]
      },
      "properties": {
        "name": "Rekonstruksi",
        "description": "Ruas: 035 | BTS. KAB. MUBA - MUARA BELITI | Sta: 24+451 - 24+798 | Tipe: Rekonstruksi | Panjang: 347 m",
        "styleUrl": "#lineStyle95",
        "stroke-opacity": 1,
        "stroke": "#ff0000",
        "stroke-width": 4
      }
    },
    {
      "type": "Feature",
      "geometry": {
        "type": "Point",
        "coordinates": [
          103.280588,
          -2.981033,
          0
        ]
      },
      "properties": {
        "name": "24+798",
        "description": "Ruas 035 | BTS. KAB. MUBA - MUARA BELITI",
        "styleUrl": "#pointStyle",
        "icon-scale": 1.1
      }
    },
    {
      "type": "Feature",
      "geometry": {
        "type": "Point",
        "coordinates": [
          103.28019,
          -2.981455,
          0
        ]
      },
      "properties": {
        "name": "24+862",
        "description": "Ruas 035 | BTS. KAB. MUBA - MUARA BELITI",
        "styleUrl": "#pointStyle",
        "icon-scale": 1.1
      }
    },
    {
      "type": "Feature",
      "geometry": {
        "type": "LineString",
        "coordinates": [
          [
            103.280588,
            -2.981033,
            0
          ],
          [
            103.28019,
            -2.981455,
            0
          ]
        ]
      },
      "properties": {
        "name": "Rehab Mayor",
        "description": "Ruas: 035 | BTS. KAB. MUBA - MUARA BELITI | Sta: 24+798 - 24+862 | Tipe: Rehab Mayor | Panjang: 64 m",
        "styleUrl": "#lineStyle96",
        "stroke-opacity": 1,
        "stroke": "#ffff00",
        "stroke-width": 4
      }
    },
    {
      "type": "Feature",
      "geometry": {
        "type": "Point",
        "coordinates": [
          103.279489,
          -2.982961,
          0
        ]
      },
      "properties": {
        "name": "25+046",
        "description": "Ruas 035 | BTS. KAB. MUBA - MUARA BELITI",
        "styleUrl": "#pointStyle",
        "icon-scale": 1.1
      }
    },
    {
      "type": "Feature",
      "geometry": {
        "type": "Point",
        "coordinates": [
          103.279227,
          -2.983851,
          0
        ]
      },
      "properties": {
        "name": "25+150",
        "description": "Ruas 035 | BTS. KAB. MUBA - MUARA BELITI",
        "styleUrl": "#pointStyle",
        "icon-scale": 1.1
      }
    },
    {
      "type": "Feature",
      "geometry": {
        "type": "LineString",
        "coordinates": [
          [
            103.279489,
            -2.982961,
            0
          ],
          [
            103.279227,
            -2.983851,
            0
          ]
        ]
      },
      "properties": {
        "name": "Rehab Mayor",
        "description": "Ruas: 035 | BTS. KAB. MUBA - MUARA BELITI | Sta: 25+046 - 25+150 | Tipe: Rehab Mayor | Panjang: 104 m",
        "styleUrl": "#lineStyle97",
        "stroke-opacity": 1,
        "stroke": "#ffff00",
        "stroke-width": 4
      }
    },
    {
      "type": "Feature",
      "geometry": {
        "type": "Point",
        "coordinates": [
          103.279196,
          -2.984198,
          0
        ]
      },
      "properties": {
        "name": "25+184",
        "description": "Ruas 035 | BTS. KAB. MUBA - MUARA BELITI",
        "styleUrl": "#pointStyle",
        "icon-scale": 1.1
      }
    },
    {
      "type": "Feature",
      "geometry": {
        "type": "Point",
        "coordinates": [
          103.279132,
          -2.984746,
          0
        ]
      },
      "properties": {
        "name": "25+251",
        "description": "Ruas 035 | BTS. KAB. MUBA - MUARA BELITI",
        "styleUrl": "#pointStyle",
        "icon-scale": 1.1
      }
    },
    {
      "type": "Feature",
      "geometry": {
        "type": "LineString",
        "coordinates": [
          [
            103.279196,
            -2.984198,
            0
          ],
          [
            103.279132,
            -2.984746,
            0
          ]
        ]
      },
      "properties": {
        "name": "Rehab Mayor",
        "description": "Ruas: 035 | BTS. KAB. MUBA - MUARA BELITI | Sta: 25+184 - 25+251 | Tipe: Rehab Mayor | Panjang: 67 m",
        "styleUrl": "#lineStyle98",
        "stroke-opacity": 1,
        "stroke": "#ffff00",
        "stroke-width": 4
      }
    },
    {
      "type": "Feature",
      "geometry": {
        "type": "Point",
        "coordinates": [
          103.279132,
          -2.984746,
          0
        ]
      },
      "properties": {
        "name": "25+251",
        "description": "Ruas 035 | BTS. KAB. MUBA - MUARA BELITI",
        "styleUrl": "#pointStyle",
        "icon-scale": 1.1
      }
    },
    {
      "type": "Feature",
      "geometry": {
        "type": "Point",
        "coordinates": [
          103.279022,
          -2.985002,
          0
        ]
      },
      "properties": {
        "name": "25+280",
        "description": "Ruas 035 | BTS. KAB. MUBA - MUARA BELITI",
        "styleUrl": "#pointStyle",
        "icon-scale": 1.1
      }
    },
    {
      "type": "Feature",
      "geometry": {
        "type": "LineString",
        "coordinates": [
          [
            103.279132,
            -2.984746,
            0
          ],
          [
            103.279022,
            -2.985002,
            0
          ]
        ]
      },
      "properties": {
        "name": "Rekonstruksi",
        "description": "Ruas: 035 | BTS. KAB. MUBA - MUARA BELITI | Sta: 25+251 - 25+280 | Tipe: Rekonstruksi | Panjang: 29 m",
        "styleUrl": "#lineStyle99",
        "stroke-opacity": 1,
        "stroke": "#ff0000",
        "stroke-width": 4
      }
    },
    {
      "type": "Feature",
      "geometry": {
        "type": "Point",
        "coordinates": [
          103.279022,
          -2.985002,
          0
        ]
      },
      "properties": {
        "name": "25+280",
        "description": "Ruas 035 | BTS. KAB. MUBA - MUARA BELITI",
        "styleUrl": "#pointStyle",
        "icon-scale": 1.1
      }
    },
    {
      "type": "Feature",
      "geometry": {
        "type": "Point",
        "coordinates": [
          103.278853,
          -2.985284,
          0
        ]
      },
      "properties": {
        "name": "25+317",
        "description": "Ruas 035 | BTS. KAB. MUBA - MUARA BELITI",
        "styleUrl": "#pointStyle",
        "icon-scale": 1.1
      }
    },
    {
      "type": "Feature",
      "geometry": {
        "type": "LineString",
        "coordinates": [
          [
            103.279022,
            -2.985002,
            0
          ],
          [
            103.278853,
            -2.985284,
            0
          ]
        ]
      },
      "properties": {
        "name": "Rehab Minor",
        "description": "Ruas: 035 | BTS. KAB. MUBA - MUARA BELITI | Sta: 25+280 - 25+317 | Tipe: Rehab Minor | Panjang: 37 m",
        "styleUrl": "#lineStyle100",
        "stroke-opacity": 1,
        "stroke": "#00ff00",
        "stroke-width": 4
      }
    },
    {
      "type": "Feature",
      "geometry": {
        "type": "Point",
        "coordinates": [
          103.270692,
          -2.994159,
          0
        ]
      },
      "properties": {
        "name": "26+759",
        "description": "Ruas 035 | BTS. KAB. MUBA - MUARA BELITI",
        "styleUrl": "#pointStyle",
        "icon-scale": 1.1
      }
    },
    {
      "type": "Feature",
      "geometry": {
        "type": "Point",
        "coordinates": [
          103.270065,
          -2.994668,
          0
        ]
      },
      "properties": {
        "name": "26+850",
        "description": "Ruas 035 | BTS. KAB. MUBA - MUARA BELITI",
        "styleUrl": "#pointStyle",
        "icon-scale": 1.1
      }
    },
    {
      "type": "Feature",
      "geometry": {
        "type": "LineString",
        "coordinates": [
          [
            103.270692,
            -2.994159,
            0
          ],
          [
            103.270065,
            -2.994668,
            0
          ]
        ]
      },
      "properties": {
        "name": "Rehab Mayor",
        "description": "Ruas: 035 | BTS. KAB. MUBA - MUARA BELITI | Sta: 26+759 - 26+850 | Tipe: Rehab Mayor | Panjang: 91 m",
        "styleUrl": "#lineStyle101",
        "stroke-opacity": 1,
        "stroke": "#ffff00",
        "stroke-width": 4
      }
    },
    {
      "type": "Feature",
      "geometry": {
        "type": "Point",
        "coordinates": [
          103.269267,
          -2.995233,
          0
        ]
      },
      "properties": {
        "name": "26+959",
        "description": "Ruas 035 | BTS. KAB. MUBA - MUARA BELITI",
        "styleUrl": "#pointStyle",
        "icon-scale": 1.1
      }
    },
    {
      "type": "Feature",
      "geometry": {
        "type": "Point",
        "coordinates": [
          103.26876,
          -2.995513,
          0
        ]
      },
      "properties": {
        "name": "27+025",
        "description": "Ruas 035 | BTS. KAB. MUBA - MUARA BELITI",
        "styleUrl": "#pointStyle",
        "icon-scale": 1.1
      }
    },
    {
      "type": "Feature",
      "geometry": {
        "type": "LineString",
        "coordinates": [
          [
            103.269267,
            -2.995233,
            0
          ],
          [
            103.26876,
            -2.995513,
            0
          ]
        ]
      },
      "properties": {
        "name": "Rehab Mayor",
        "description": "Ruas: 035 | BTS. KAB. MUBA - MUARA BELITI | Sta: 26+959 - 27+025 | Tipe: Rehab Mayor | Panjang: 66 m",
        "styleUrl": "#lineStyle102",
        "stroke-opacity": 1,
        "stroke": "#ffff00",
        "stroke-width": 4
      }
    },
    {
      "type": "Feature",
      "geometry": {
        "type": "Point",
        "coordinates": [
          103.267852,
          -2.996648,
          0
        ]
      },
      "properties": {
        "name": "27+189",
        "description": "Ruas 035 | BTS. KAB. MUBA - MUARA BELITI",
        "styleUrl": "#pointStyle",
        "icon-scale": 1.1
      }
    },
    {
      "type": "Feature",
      "geometry": {
        "type": "Point",
        "coordinates": [
          103.267653,
          -2.997015000000001,
          0
        ]
      },
      "properties": {
        "name": "27+241",
        "description": "Ruas 035 | BTS. KAB. MUBA - MUARA BELITI",
        "styleUrl": "#pointStyle",
        "icon-scale": 1.1
      }
    },
    {
      "type": "Feature",
      "geometry": {
        "type": "LineString",
        "coordinates": [
          [
            103.267852,
            -2.996648,
            0
          ],
          [
            103.267653,
            -2.997015000000001,
            0
          ]
        ]
      },
      "properties": {
        "name": "Rehab Mayor",
        "description": "Ruas: 035 | BTS. KAB. MUBA - MUARA BELITI | Sta: 27+189 - 27+241 | Tipe: Rehab Mayor | Panjang: 52 m",
        "styleUrl": "#lineStyle103",
        "stroke-opacity": 1,
        "stroke": "#ffff00",
        "stroke-width": 4
      }
    },
    {
      "type": "Feature",
      "geometry": {
        "type": "Point",
        "coordinates": [
          103.270855,
          -3.00194,
          0
        ]
      },
      "properties": {
        "name": "28+158",
        "description": "Ruas 035 | BTS. KAB. MUBA - MUARA BELITI",
        "styleUrl": "#pointStyle",
        "icon-scale": 1.1
      }
    },
    {
      "type": "Feature",
      "geometry": {
        "type": "Point",
        "coordinates": [
          103.271802,
          -3.002555,
          0
        ]
      },
      "properties": {
        "name": "28+282",
        "description": "Ruas 035 | BTS. KAB. MUBA - MUARA BELITI",
        "styleUrl": "#pointStyle",
        "icon-scale": 1.1
      }
    },
    {
      "type": "Feature",
      "geometry": {
        "type": "LineString",
        "coordinates": [
          [
            103.270855,
            -3.00194,
            0
          ],
          [
            103.271802,
            -3.002555,
            0
          ]
        ]
      },
      "properties": {
        "name": "Rekonstruksi",
        "description": "Ruas: 035 | BTS. KAB. MUBA - MUARA BELITI | Sta: 28+158 - 28+282 | Tipe: Rekonstruksi | Panjang: 124 m",
        "styleUrl": "#lineStyle104",
        "stroke-opacity": 1,
        "stroke": "#ff0000",
        "stroke-width": 4
      }
    },
    {
      "type": "Feature",
      "geometry": {
        "type": "Point",
        "coordinates": [
          103.271802,
          -3.002555,
          0
        ]
      },
      "properties": {
        "name": "28+282",
        "description": "Ruas 035 | BTS. KAB. MUBA - MUARA BELITI",
        "styleUrl": "#pointStyle",
        "icon-scale": 1.1
      }
    },
    {
      "type": "Feature",
      "geometry": {
        "type": "Point",
        "coordinates": [
          103.27246,
          -3.003938,
          0
        ]
      },
      "properties": {
        "name": "28+442",
        "description": "Ruas 035 | BTS. KAB. MUBA - MUARA BELITI",
        "styleUrl": "#pointStyle",
        "icon-scale": 1.1
      }
    },
    {
      "type": "Feature",
      "geometry": {
        "type": "LineString",
        "coordinates": [
          [
            103.271802,
            -3.002555,
            0
          ],
          [
            103.27246,
            -3.003938,
            0
          ]
        ]
      },
      "properties": {
        "name": "Rehab Mayor",
        "description": "Ruas: 035 | BTS. KAB. MUBA - MUARA BELITI | Sta: 28+282 - 28+442 | Tipe: Rehab Mayor | Panjang: 160 m",
        "styleUrl": "#lineStyle105",
        "stroke-opacity": 1,
        "stroke": "#ffff00",
        "stroke-width": 4
      }
    },
    {
      "type": "Feature",
      "geometry": {
        "type": "Point",
        "coordinates": [
          103.259852,
          -3.018996,
          0
        ]
      },
      "properties": {
        "name": "31+500",
        "description": "Ruas 035 | BTS. KAB. MUBA - MUARA BELITI",
        "styleUrl": "#pointStyle",
        "icon-scale": 1.1
      }
    },
    {
      "type": "Feature",
      "geometry": {
        "type": "Point",
        "coordinates": [
          103.258765,
          -3.018933,
          0
        ]
      },
      "properties": {
        "name": "31+630",
        "description": "Ruas 035 | BTS. KAB. MUBA - MUARA BELITI",
        "styleUrl": "#pointStyle",
        "icon-scale": 1.1
      }
    },
    {
      "type": "Feature",
      "geometry": {
        "type": "LineString",
        "coordinates": [
          [
            103.259852,
            -3.018996,
            0
          ],
          [
            103.258765,
            -3.018933,
            0
          ]
        ]
      },
      "properties": {
        "name": "Rehab Mayor",
        "description": "Ruas: 035 | BTS. KAB. MUBA - MUARA BELITI | Sta: 31+500 - 31+630 | Tipe: Rehab Mayor | Panjang: 130 m",
        "styleUrl": "#lineStyle106",
        "stroke-opacity": 1,
        "stroke": "#ffff00",
        "stroke-width": 4
      }
    },
    {
      "type": "Feature",
      "geometry": {
        "type": "Point",
        "coordinates": [
          103.253207,
          -3.0218,
          0
        ]
      },
      "properties": {
        "name": "32+418",
        "description": "Ruas 035 | BTS. KAB. MUBA - MUARA BELITI",
        "styleUrl": "#pointStyle",
        "icon-scale": 1.1
      }
    },
    {
      "type": "Feature",
      "geometry": {
        "type": "Point",
        "coordinates": [
          103.252892,
          -3.022289,
          0
        ]
      },
      "properties": {
        "name": "32+483",
        "description": "Ruas 035 | BTS. KAB. MUBA - MUARA BELITI",
        "styleUrl": "#pointStyle",
        "icon-scale": 1.1
      }
    },
    {
      "type": "Feature",
      "geometry": {
        "type": "LineString",
        "coordinates": [
          [
            103.253207,
            -3.0218,
            0
          ],
          [
            103.252892,
            -3.022289,
            0
          ]
        ]
      },
      "properties": {
        "name": "Rekonstruksi",
        "description": "Ruas: 035 | BTS. KAB. MUBA - MUARA BELITI | Sta: 32+418 - 32+483 | Tipe: Rekonstruksi | Panjang: 65 m",
        "styleUrl": "#lineStyle107",
        "stroke-opacity": 1,
        "stroke": "#ff0000",
        "stroke-width": 4
      }
    },
    {
      "type": "Feature",
      "geometry": {
        "type": "Point",
        "coordinates": [
          103.257714,
          -3.032582,
          0
        ]
      },
      "properties": {
        "name": "33+876",
        "description": "Ruas 035 | BTS. KAB. MUBA - MUARA BELITI",
        "styleUrl": "#pointStyle",
        "icon-scale": 1.1
      }
    },
    {
      "type": "Feature",
      "geometry": {
        "type": "Point",
        "coordinates": [
          103.257147,
          -3.033812,
          0
        ]
      },
      "properties": {
        "name": "34+026",
        "description": "Ruas 035 | BTS. KAB. MUBA - MUARA BELITI",
        "styleUrl": "#pointStyle",
        "icon-scale": 1.1
      }
    },
    {
      "type": "Feature",
      "geometry": {
        "type": "LineString",
        "coordinates": [
          [
            103.257714,
            -3.032582,
            0
          ],
          [
            103.257147,
            -3.033812,
            0
          ]
        ]
      },
      "properties": {
        "name": "Rehab Mayor",
        "description": "Ruas: 035 | BTS. KAB. MUBA - MUARA BELITI | Sta: 33+876 - 34+026 | Tipe: Rehab Mayor | Panjang: 150 m",
        "styleUrl": "#lineStyle108",
        "stroke-opacity": 1,
        "stroke": "#ffff00",
        "stroke-width": 4
      }
    },
    {
      "type": "Feature",
      "geometry": {
        "type": "Point",
        "coordinates": [
          103.221321,
          -3.059539,
          0
        ]
      },
      "properties": {
        "name": "40+620",
        "description": "Ruas 035 | BTS. KAB. MUBA - MUARA BELITI",
        "styleUrl": "#pointStyle",
        "icon-scale": 1.1
      }
    },
    {
      "type": "Feature",
      "geometry": {
        "type": "Point",
        "coordinates": [
          103.223099,
          -3.062479,
          0
        ]
      },
      "properties": {
        "name": "41+005",
        "description": "Ruas 035 | BTS. KAB. MUBA - MUARA BELITI",
        "styleUrl": "#pointStyle",
        "icon-scale": 1.1
      }
    },
    {
      "type": "Feature",
      "geometry": {
        "type": "LineString",
        "coordinates": [
          [
            103.221321,
            -3.059539,
            0
          ],
          [
            103.223099,
            -3.062479,
            0
          ]
        ]
      },
      "properties": {
        "name": "Rehab Mayor",
        "description": "Ruas: 035 | BTS. KAB. MUBA - MUARA BELITI | Sta: 40+620 - 41+005 | Tipe: Rehab Mayor | Panjang: 385 m",
        "styleUrl": "#lineStyle109",
        "stroke-opacity": 1,
        "stroke": "#ffff00",
        "stroke-width": 4
      }
    },
    {
      "type": "Feature",
      "geometry": {
        "type": "Point",
        "coordinates": [
          103.223275,
          -3.066733999999999,
          0
        ]
      },
      "properties": {
        "name": "41+475",
        "description": "Ruas 035 | BTS. KAB. MUBA - MUARA BELITI",
        "styleUrl": "#pointStyle",
        "icon-scale": 1.1
      }
    },
    {
      "type": "Feature",
      "geometry": {
        "type": "Point",
        "coordinates": [
          103.223364,
          -3.069874,
          0
        ]
      },
      "properties": {
        "name": "41+825",
        "description": "Ruas 035 | BTS. KAB. MUBA - MUARA BELITI",
        "styleUrl": "#pointStyle",
        "icon-scale": 1.1
      }
    },
    {
      "type": "Feature",
      "geometry": {
        "type": "LineString",
        "coordinates": [
          [
            103.223275,
            -3.066733999999999,
            0
          ],
          [
            103.223364,
            -3.069874,
            0
          ]
        ]
      },
      "properties": {
        "name": "Rehab Minor",
        "description": "Ruas: 035 | BTS. KAB. MUBA - MUARA BELITI | Sta: 41+475 - 41+825 | Tipe: Rehab Minor | Panjang: 350 m",
        "styleUrl": "#lineStyle110",
        "stroke-opacity": 1,
        "stroke": "#00ff00",
        "stroke-width": 4
      }
    },
    {
      "type": "Feature",
      "geometry": {
        "type": "Point",
        "coordinates": [
          103.202506,
          -3.095403,
          0
        ]
      },
      "properties": {
        "name": "46+985",
        "description": "Ruas 035 | BTS. KAB. MUBA - MUARA BELITI",
        "styleUrl": "#pointStyle",
        "icon-scale": 1.1
      }
    },
    {
      "type": "Feature",
      "geometry": {
        "type": "Point",
        "coordinates": [
          103.201876,
          -3.095471,
          0
        ]
      },
      "properties": {
        "name": "47+045",
        "description": "Ruas 035 | BTS. KAB. MUBA - MUARA BELITI",
        "styleUrl": "#pointStyle",
        "icon-scale": 1.1
      }
    },
    {
      "type": "Feature",
      "geometry": {
        "type": "LineString",
        "coordinates": [
          [
            103.202506,
            -3.095403,
            0
          ],
          [
            103.201876,
            -3.095471,
            0
          ]
        ]
      },
      "properties": {
        "name": "Rekonstruksi",
        "description": "Ruas: 035 | BTS. KAB. MUBA - MUARA BELITI | Sta: 46+985 - 47+045 | Tipe: Rekonstruksi | Panjang: 60 m",
        "styleUrl": "#lineStyle111",
        "stroke-opacity": 1,
        "stroke": "#ff0000",
        "stroke-width": 4
      }
    },
    {
      "type": "Feature",
      "geometry": {
        "type": "Point",
        "coordinates": [
          103.197682,
          -3.095673000000001,
          0
        ]
      },
      "properties": {
        "name": "47+465",
        "description": "Ruas 035 | BTS. KAB. MUBA - MUARA BELITI",
        "styleUrl": "#pointStyle",
        "icon-scale": 1.1
      }
    },
    {
      "type": "Feature",
      "geometry": {
        "type": "Point",
        "coordinates": [
          103.197262,
          -3.09559,
          0
        ]
      },
      "properties": {
        "name": "47+515",
        "description": "Ruas 035 | BTS. KAB. MUBA - MUARA BELITI",
        "styleUrl": "#pointStyle",
        "icon-scale": 1.1
      }
    },
    {
      "type": "Feature",
      "geometry": {
        "type": "LineString",
        "coordinates": [
          [
            103.197682,
            -3.095673000000001,
            0
          ],
          [
            103.197262,
            -3.09559,
            0
          ]
        ]
      },
      "properties": {
        "name": "Rekonstruksi",
        "description": "Ruas: 035 | BTS. KAB. MUBA - MUARA BELITI | Sta: 47+465 - 47+515 | Tipe: Rekonstruksi | Panjang: 50 m",
        "styleUrl": "#lineStyle112",
        "stroke-opacity": 1,
        "stroke": "#ff0000",
        "stroke-width": 4
      }
    },
    {
      "type": "Feature",
      "geometry": {
        "type": "Point",
        "coordinates": [
          103.188291,
          -3.10514,
          0
        ]
      },
      "properties": {
        "name": "49+292",
        "description": "Ruas 035 | BTS. KAB. MUBA - MUARA BELITI",
        "styleUrl": "#pointStyle",
        "icon-scale": 1.1
      }
    },
    {
      "type": "Feature",
      "geometry": {
        "type": "Point",
        "coordinates": [
          103.18793,
          -3.105261,
          0
        ]
      },
      "properties": {
        "name": "49+335",
        "description": "Ruas 035 | BTS. KAB. MUBA - MUARA BELITI",
        "styleUrl": "#pointStyle",
        "icon-scale": 1.1
      }
    },
    {
      "type": "Feature",
      "geometry": {
        "type": "LineString",
        "coordinates": [
          [
            103.188291,
            -3.10514,
            0
          ],
          [
            103.18793,
            -3.105261,
            0
          ]
        ]
      },
      "properties": {
        "name": "Rehab Mayor",
        "description": "Ruas: 035 | BTS. KAB. MUBA - MUARA BELITI | Sta: 49+292 - 49+335 | Tipe: Rehab Mayor | Panjang: 43 m",
        "styleUrl": "#lineStyle113",
        "stroke-opacity": 1,
        "stroke": "#ffff00",
        "stroke-width": 4
      }
    },
    {
      "type": "Feature",
      "geometry": {
        "type": "Point",
        "coordinates": [
          103.18793,
          -3.105261,
          0
        ]
      },
      "properties": {
        "name": "49+335",
        "description": "Ruas 035 | BTS. KAB. MUBA - MUARA BELITI",
        "styleUrl": "#pointStyle",
        "icon-scale": 1.1
      }
    },
    {
      "type": "Feature",
      "geometry": {
        "type": "Point",
        "coordinates": [
          103.186399,
          -3.105266,
          0
        ]
      },
      "properties": {
        "name": "49+510",
        "description": "Ruas 035 | BTS. KAB. MUBA - MUARA BELITI",
        "styleUrl": "#pointStyle",
        "icon-scale": 1.1
      }
    },
    {
      "type": "Feature",
      "geometry": {
        "type": "LineString",
        "coordinates": [
          [
            103.18793,
            -3.105261,
            0
          ],
          [
            103.186399,
            -3.105266,
            0
          ]
        ]
      },
      "properties": {
        "name": "Rekonstruksi",
        "description": "Ruas: 035 | BTS. KAB. MUBA - MUARA BELITI | Sta: 49+335 - 49+510 | Tipe: Rekonstruksi | Panjang: 175 m",
        "styleUrl": "#lineStyle114",
        "stroke-opacity": 1,
        "stroke": "#ff0000",
        "stroke-width": 4
      }
    },
    {
      "type": "Feature",
      "geometry": {
        "type": "Point",
        "coordinates": [
          103.186399,
          -3.105266,
          0
        ]
      },
      "properties": {
        "name": "49+510",
        "description": "Ruas 035 | BTS. KAB. MUBA - MUARA BELITI",
        "styleUrl": "#pointStyle",
        "icon-scale": 1.1
      }
    },
    {
      "type": "Feature",
      "geometry": {
        "type": "Point",
        "coordinates": [
          103.181188,
          -3.104433,
          0
        ]
      },
      "properties": {
        "name": "50+115",
        "description": "Ruas 035 | BTS. KAB. MUBA - MUARA BELITI",
        "styleUrl": "#pointStyle",
        "icon-scale": 1.1
      }
    },
    {
      "type": "Feature",
      "geometry": {
        "type": "LineString",
        "coordinates": [
          [
            103.186399,
            -3.105266,
            0
          ],
          [
            103.181188,
            -3.104433,
            0
          ]
        ]
      },
      "properties": {
        "name": "Rehab Mayor",
        "description": "Ruas: 035 | BTS. KAB. MUBA - MUARA BELITI | Sta: 49+510 - 50+115 | Tipe: Rehab Mayor | Panjang: 605 m",
        "styleUrl": "#lineStyle115",
        "stroke-opacity": 1,
        "stroke": "#ffff00",
        "stroke-width": 4
      }
    },
    {
      "type": "Feature",
      "geometry": {
        "type": "Point",
        "coordinates": [
          103.167412,
          -3.109051,
          0
        ]
      },
      "properties": {
        "name": "51+800",
        "description": "Ruas 035 | BTS. KAB. MUBA - MUARA BELITI",
        "styleUrl": "#pointStyle",
        "icon-scale": 1.1
      }
    },
    {
      "type": "Feature",
      "geometry": {
        "type": "Point",
        "coordinates": [
          103.16586,
          -3.110838999999999,
          0
        ]
      },
      "properties": {
        "name": "52+081",
        "description": "Ruas 035 | BTS. KAB. MUBA - MUARA BELITI",
        "styleUrl": "#pointStyle",
        "icon-scale": 1.1
      }
    },
    {
      "type": "Feature",
      "geometry": {
        "type": "LineString",
        "coordinates": [
          [
            103.167412,
            -3.109051,
            0
          ],
          [
            103.16586,
            -3.110838999999999,
            0
          ]
        ]
      },
      "properties": {
        "name": "Rehab Minor",
        "description": "Ruas: 035 | BTS. KAB. MUBA - MUARA BELITI | Sta: 51+800 - 52+081 | Tipe: Rehab Minor | Panjang: 281 m",
        "styleUrl": "#lineStyle116",
        "stroke-opacity": 1,
        "stroke": "#00ff00",
        "stroke-width": 4
      }
    },
    {
      "type": "Feature",
      "geometry": {
        "type": "Point",
        "coordinates": [
          103.165659,
          -3.11118,
          0
        ]
      },
      "properties": {
        "name": "52+119",
        "description": "Ruas 035 | BTS. KAB. MUBA - MUARA BELITI",
        "styleUrl": "#pointStyle",
        "icon-scale": 1.1
      }
    },
    {
      "type": "Feature",
      "geometry": {
        "type": "Point",
        "coordinates": [
          103.161504,
          -3.116512,
          0
        ]
      },
      "properties": {
        "name": "52+893",
        "description": "Ruas 035 | BTS. KAB. MUBA - MUARA BELITI",
        "styleUrl": "#pointStyle",
        "icon-scale": 1.1
      }
    },
    {
      "type": "Feature",
      "geometry": {
        "type": "LineString",
        "coordinates": [
          [
            103.165659,
            -3.11118,
            0
          ],
          [
            103.161504,
            -3.116512,
            0
          ]
        ]
      },
      "properties": {
        "name": "Rekonstruksi",
        "description": "Ruas: 035 | BTS. KAB. MUBA - MUARA BELITI | Sta: 52+119 - 52+893 | Tipe: Rekonstruksi | Panjang: 774 m",
        "styleUrl": "#lineStyle117",
        "stroke-opacity": 1,
        "stroke": "#ff0000",
        "stroke-width": 4
      }
    },
    {
      "type": "Feature",
      "geometry": {
        "type": "Point",
        "coordinates": [
          103.161504,
          -3.116512,
          0
        ]
      },
      "properties": {
        "name": "52+893",
        "description": "Ruas 035 | BTS. KAB. MUBA - MUARA BELITI",
        "styleUrl": "#pointStyle",
        "icon-scale": 1.1
      }
    },
    {
      "type": "Feature",
      "geometry": {
        "type": "Point",
        "coordinates": [
          103.161016,
          -3.116568,
          0
        ]
      },
      "properties": {
        "name": "52+945",
        "description": "Ruas 035 | BTS. KAB. MUBA - MUARA BELITI",
        "styleUrl": "#pointStyle",
        "icon-scale": 1.1
      }
    },
    {
      "type": "Feature",
      "geometry": {
        "type": "LineString",
        "coordinates": [
          [
            103.161504,
            -3.116512,
            0
          ],
          [
            103.161016,
            -3.116568,
            0
          ]
        ]
      },
      "properties": {
        "name": "Rehab Minor",
        "description": "Ruas: 035 | BTS. KAB. MUBA - MUARA BELITI | Sta: 52+893 - 52+945 | Tipe: Rehab Minor | Panjang: 52 m",
        "styleUrl": "#lineStyle118",
        "stroke-opacity": 1,
        "stroke": "#00ff00",
        "stroke-width": 4
      }
    },
    {
      "type": "Feature",
      "geometry": {
        "type": "Point",
        "coordinates": [
          103.153669,
          -3.120069,
          0
        ]
      },
      "properties": {
        "name": "54+020",
        "description": "Ruas 035 | BTS. KAB. MUBA - MUARA BELITI",
        "styleUrl": "#pointStyle",
        "icon-scale": 1.1
      }
    },
    {
      "type": "Feature",
      "geometry": {
        "type": "Point",
        "coordinates": [
          103.153641,
          -3.120478,
          0
        ]
      },
      "properties": {
        "name": "54+065",
        "description": "Ruas 035 | BTS. KAB. MUBA - MUARA BELITI",
        "styleUrl": "#pointStyle",
        "icon-scale": 1.1
      }
    },
    {
      "type": "Feature",
      "geometry": {
        "type": "LineString",
        "coordinates": [
          [
            103.153669,
            -3.120069,
            0
          ],
          [
            103.153641,
            -3.120478,
            0
          ]
        ]
      },
      "properties": {
        "name": "Rekonstruksi",
        "description": "Ruas: 035 | BTS. KAB. MUBA - MUARA BELITI | Sta: 54+020 - 54+065 | Tipe: Rekonstruksi | Panjang: 45 m",
        "styleUrl": "#lineStyle119",
        "stroke-opacity": 1,
        "stroke": "#ff0000",
        "stroke-width": 4
      }
    },
    {
      "type": "Feature",
      "geometry": {
        "type": "Point",
        "coordinates": [
          103.153696,
          -3.123561,
          0
        ]
      },
      "properties": {
        "name": "54+420",
        "description": "Ruas 035 | BTS. KAB. MUBA - MUARA BELITI",
        "styleUrl": "#pointStyle",
        "icon-scale": 1.1
      }
    },
    {
      "type": "Feature",
      "geometry": {
        "type": "Point",
        "coordinates": [
          103.153597,
          -3.124231,
          0
        ]
      },
      "properties": {
        "name": "54+495",
        "description": "Ruas 035 | BTS. KAB. MUBA - MUARA BELITI",
        "styleUrl": "#pointStyle",
        "icon-scale": 1.1
      }
    },
    {
      "type": "Feature",
      "geometry": {
        "type": "LineString",
        "coordinates": [
          [
            103.153696,
            -3.123561,
            0
          ],
          [
            103.153597,
            -3.124231,
            0
          ]
        ]
      },
      "properties": {
        "name": "Rekonstruksi",
        "description": "Ruas: 035 | BTS. KAB. MUBA - MUARA BELITI | Sta: 54+420 - 54+495 | Tipe: Rekonstruksi | Panjang: 75 m",
        "styleUrl": "#lineStyle120",
        "stroke-opacity": 1,
        "stroke": "#ff0000",
        "stroke-width": 4
      }
    },
    {
      "type": "Feature",
      "geometry": {
        "type": "Point",
        "coordinates": [
          103.143797,
          -3.128415,
          0
        ]
      },
      "properties": {
        "name": "55+900",
        "description": "Ruas 035 | BTS. KAB. MUBA - MUARA BELITI",
        "styleUrl": "#pointStyle",
        "icon-scale": 1.1
      }
    },
    {
      "type": "Feature",
      "geometry": {
        "type": "Point",
        "coordinates": [
          103.142387,
          -3.127846,
          0
        ]
      },
      "properties": {
        "name": "56+080",
        "description": "Ruas 035 | BTS. KAB. MUBA - MUARA BELITI",
        "styleUrl": "#pointStyle",
        "icon-scale": 1.1
      }
    },
    {
      "type": "Feature",
      "geometry": {
        "type": "LineString",
        "coordinates": [
          [
            103.143797,
            -3.128415,
            0
          ],
          [
            103.142387,
            -3.127846,
            0
          ]
        ]
      },
      "properties": {
        "name": "Rehab Mayor",
        "description": "Ruas: 035 | BTS. KAB. MUBA - MUARA BELITI | Sta: 55+900 - 56+080 | Tipe: Rehab Mayor | Panjang: 180 m",
        "styleUrl": "#lineStyle121",
        "stroke-opacity": 1,
        "stroke": "#ffff00",
        "stroke-width": 4
      }
    },
    {
      "type": "Feature",
      "geometry": {
        "type": "Point",
        "coordinates": [
          103.142387,
          -3.127846,
          0
        ]
      },
      "properties": {
        "name": "56+080",
        "description": "Ruas 035 | BTS. KAB. MUBA - MUARA BELITI",
        "styleUrl": "#pointStyle",
        "icon-scale": 1.1
      }
    },
    {
      "type": "Feature",
      "geometry": {
        "type": "Point",
        "coordinates": [
          103.141653,
          -3.128239999999999,
          0
        ]
      },
      "properties": {
        "name": "56+175",
        "description": "Ruas 035 | BTS. KAB. MUBA - MUARA BELITI",
        "styleUrl": "#pointStyle",
        "icon-scale": 1.1
      }
    },
    {
      "type": "Feature",
      "geometry": {
        "type": "LineString",
        "coordinates": [
          [
            103.142387,
            -3.127846,
            0
          ],
          [
            103.141653,
            -3.128239999999999,
            0
          ]
        ]
      },
      "properties": {
        "name": "Rekonstruksi",
        "description": "Ruas: 035 | BTS. KAB. MUBA - MUARA BELITI | Sta: 56+080 - 56+175 | Tipe: Rekonstruksi | Panjang: 95 m",
        "styleUrl": "#lineStyle122",
        "stroke-opacity": 1,
        "stroke": "#ff0000",
        "stroke-width": 4
      }
    },
    {
      "type": "Feature",
      "geometry": {
        "type": "Point",
        "coordinates": [
          103.141537,
          -3.128323,
          0
        ]
      },
      "properties": {
        "name": "56+190",
        "description": "Ruas 035 | BTS. KAB. MUBA - MUARA BELITI",
        "styleUrl": "#pointStyle",
        "icon-scale": 1.1
      }
    },
    {
      "type": "Feature",
      "geometry": {
        "type": "Point",
        "coordinates": [
          103.14112,
          -3.128865999999999,
          0
        ]
      },
      "properties": {
        "name": "56+265",
        "description": "Ruas 035 | BTS. KAB. MUBA - MUARA BELITI",
        "styleUrl": "#pointStyle",
        "icon-scale": 1.1
      }
    },
    {
      "type": "Feature",
      "geometry": {
        "type": "LineString",
        "coordinates": [
          [
            103.141537,
            -3.128323,
            0
          ],
          [
            103.14112,
            -3.128865999999999,
            0
          ]
        ]
      },
      "properties": {
        "name": "Rehab Mayor",
        "description": "Ruas: 035 | BTS. KAB. MUBA - MUARA BELITI | Sta: 56+190 - 56+265 | Tipe: Rehab Mayor | Panjang: 75 m",
        "styleUrl": "#lineStyle123",
        "stroke-opacity": 1,
        "stroke": "#ffff00",
        "stroke-width": 4
      }
    },
    {
      "type": "Feature",
      "geometry": {
        "type": "Point",
        "coordinates": [
          103.104765,
          -3.144512000000001,
          0
        ]
      },
      "properties": {
        "name": "61+475",
        "description": "Ruas 035 | BTS. KAB. MUBA - MUARA BELITI",
        "styleUrl": "#pointStyle",
        "icon-scale": 1.1
      }
    },
    {
      "type": "Feature",
      "geometry": {
        "type": "Point",
        "coordinates": [
          103.104749,
          -3.150143,
          0
        ]
      },
      "properties": {
        "name": "62+115",
        "description": "Ruas 035 | BTS. KAB. MUBA - MUARA BELITI",
        "styleUrl": "#pointStyle",
        "icon-scale": 1.1
      }
    },
    {
      "type": "Feature",
      "geometry": {
        "type": "LineString",
        "coordinates": [
          [
            103.104765,
            -3.144512000000001,
            0
          ],
          [
            103.104749,
            -3.150143,
            0
          ]
        ]
      },
      "properties": {
        "name": "Rehab Minor",
        "description": "Ruas: 035 | BTS. KAB. MUBA - MUARA BELITI | Sta: 61+475 - 62+115 | Tipe: Rehab Minor | Panjang: 640 m",
        "styleUrl": "#lineStyle124",
        "stroke-opacity": 1,
        "stroke": "#00ff00",
        "stroke-width": 4
      }
    },
    {
      "type": "Feature",
      "geometry": {
        "type": "Point",
        "coordinates": [
          103.107416,
          -3.159506,
          0
        ]
      },
      "properties": {
        "name": "63+225",
        "description": "Ruas 035 | BTS. KAB. MUBA - MUARA BELITI",
        "styleUrl": "#pointStyle",
        "icon-scale": 1.1
      }
    },
    {
      "type": "Feature",
      "geometry": {
        "type": "Point",
        "coordinates": [
          103.107752,
          -3.160347,
          0
        ]
      },
      "properties": {
        "name": "63+325",
        "description": "Ruas 035 | BTS. KAB. MUBA - MUARA BELITI",
        "styleUrl": "#pointStyle",
        "icon-scale": 1.1
      }
    },
    {
      "type": "Feature",
      "geometry": {
        "type": "LineString",
        "coordinates": [
          [
            103.107416,
            -3.159506,
            0
          ],
          [
            103.107752,
            -3.160347,
            0
          ]
        ]
      },
      "properties": {
        "name": "Rehab Minor",
        "description": "Ruas: 035 | BTS. KAB. MUBA - MUARA BELITI | Sta: 63+225 - 63+325 | Tipe: Rehab Minor | Panjang: 100 m",
        "styleUrl": "#lineStyle125",
        "stroke-opacity": 1,
        "stroke": "#00ff00",
        "stroke-width": 4
      }
    },
    {
      "type": "Feature",
      "geometry": {
        "type": "Point",
        "coordinates": [
          103.107752,
          -3.160347,
          0
        ]
      },
      "properties": {
        "name": "63+325",
        "description": "Ruas 035 | BTS. KAB. MUBA - MUARA BELITI",
        "styleUrl": "#pointStyle",
        "icon-scale": 1.1
      }
    },
    {
      "type": "Feature",
      "geometry": {
        "type": "Point",
        "coordinates": [
          103.1079,
          -3.160664,
          0
        ]
      },
      "properties": {
        "name": "63+375",
        "description": "Ruas 035 | BTS. KAB. MUBA - MUARA BELITI",
        "styleUrl": "#pointStyle",
        "icon-scale": 1.1
      }
    },
    {
      "type": "Feature",
      "geometry": {
        "type": "LineString",
        "coordinates": [
          [
            103.107752,
            -3.160347,
            0
          ],
          [
            103.1079,
            -3.160664,
            0
          ]
        ]
      },
      "properties": {
        "name": "Rehab Mayor",
        "description": "Ruas: 035 | BTS. KAB. MUBA - MUARA BELITI | Sta: 63+325 - 63+375 | Tipe: Rehab Mayor | Panjang: 50 m",
        "styleUrl": "#lineStyle126",
        "stroke-opacity": 1,
        "stroke": "#ffff00",
        "stroke-width": 4
      }
    },
    {
      "type": "Feature",
      "geometry": {
        "type": "Point",
        "coordinates": [
          103.109297,
          -3.161063,
          0
        ]
      },
      "properties": {
        "name": "63+525",
        "description": "Ruas 035 | BTS. KAB. MUBA - MUARA BELITI",
        "styleUrl": "#pointStyle",
        "icon-scale": 1.1
      }
    },
    {
      "type": "Feature",
      "geometry": {
        "type": "Point",
        "coordinates": [
          103.109989,
          -3.162153,
          0
        ]
      },
      "properties": {
        "name": "63+676",
        "description": "Ruas 035 | BTS. KAB. MUBA - MUARA BELITI",
        "styleUrl": "#pointStyle",
        "icon-scale": 1.1
      }
    },
    {
      "type": "Feature",
      "geometry": {
        "type": "LineString",
        "coordinates": [
          [
            103.109297,
            -3.161063,
            0
          ],
          [
            103.109989,
            -3.162153,
            0
          ]
        ]
      },
      "properties": {
        "name": "Rehab Minor",
        "description": "Ruas: 035 | BTS. KAB. MUBA - MUARA BELITI | Sta: 63+525 - 63+676 | Tipe: Rehab Minor | Panjang: 151 m",
        "styleUrl": "#lineStyle127",
        "stroke-opacity": 1,
        "stroke": "#00ff00",
        "stroke-width": 4
      }
    },
    {
      "type": "Feature",
      "geometry": {
        "type": "Point",
        "coordinates": [
          103.108484,
          -3.168693,
          0
        ]
      },
      "properties": {
        "name": "64+500",
        "description": "Ruas 035 | BTS. KAB. MUBA - MUARA BELITI",
        "styleUrl": "#pointStyle",
        "icon-scale": 1.1
      }
    },
    {
      "type": "Feature",
      "geometry": {
        "type": "Point",
        "coordinates": [
          103.107127,
          -3.169439,
          0
        ]
      },
      "properties": {
        "name": "64+675",
        "description": "Ruas 035 | BTS. KAB. MUBA - MUARA BELITI",
        "styleUrl": "#pointStyle",
        "icon-scale": 1.1
      }
    },
    {
      "type": "Feature",
      "geometry": {
        "type": "LineString",
        "coordinates": [
          [
            103.108484,
            -3.168693,
            0
          ],
          [
            103.107127,
            -3.169439,
            0
          ]
        ]
      },
      "properties": {
        "name": "Rehab Mayor",
        "description": "Ruas: 035 | BTS. KAB. MUBA - MUARA BELITI | Sta: 64+500 - 64+675 | Tipe: Rehab Mayor | Panjang: 175 m",
        "styleUrl": "#lineStyle128",
        "stroke-opacity": 1,
        "stroke": "#ffff00",
        "stroke-width": 4
      }
    },
    {
      "type": "Feature",
      "geometry": {
        "type": "Point",
        "coordinates": [
          103.104825,
          -3.170017000000001,
          0
        ]
      },
      "properties": {
        "name": "64+945",
        "description": "Ruas 035 | BTS. KAB. MUBA - MUARA BELITI",
        "styleUrl": "#pointStyle",
        "icon-scale": 1.1
      }
    },
    {
      "type": "Feature",
      "geometry": {
        "type": "Point",
        "coordinates": [
          103.104248,
          -3.170341000000001,
          0
        ]
      },
      "properties": {
        "name": "65+020",
        "description": "Ruas 035 | BTS. KAB. MUBA - MUARA BELITI",
        "styleUrl": "#pointStyle",
        "icon-scale": 1.1
      }
    },
    {
      "type": "Feature",
      "geometry": {
        "type": "LineString",
        "coordinates": [
          [
            103.104825,
            -3.170017000000001,
            0
          ],
          [
            103.104248,
            -3.170341000000001,
            0
          ]
        ]
      },
      "properties": {
        "name": "Rekonstruksi",
        "description": "Ruas: 035 | BTS. KAB. MUBA - MUARA BELITI | Sta: 64+945 - 65+020 | Tipe: Rekonstruksi | Panjang: 75 m",
        "styleUrl": "#lineStyle129",
        "stroke-opacity": 1,
        "stroke": "#ff0000",
        "stroke-width": 4
      }
    },
    {
      "type": "Feature",
      "geometry": {
        "type": "Point",
        "coordinates": [
          103.087926,
          -3.171904,
          0
        ]
      },
      "properties": {
        "name": "66+910",
        "description": "Ruas 035 | BTS. KAB. MUBA - MUARA BELITI",
        "styleUrl": "#pointStyle",
        "icon-scale": 1.1
      }
    },
    {
      "type": "Feature",
      "geometry": {
        "type": "Point",
        "coordinates": [
          103.085505,
          -3.172739,
          0
        ]
      },
      "properties": {
        "name": "67+200",
        "description": "Ruas 035 | BTS. KAB. MUBA - MUARA BELITI",
        "styleUrl": "#pointStyle",
        "icon-scale": 1.1
      }
    },
    {
      "type": "Feature",
      "geometry": {
        "type": "LineString",
        "coordinates": [
          [
            103.087926,
            -3.171904,
            0
          ],
          [
            103.085505,
            -3.172739,
            0
          ]
        ]
      },
      "properties": {
        "name": "Rehab Minor",
        "description": "Ruas: 035 | BTS. KAB. MUBA - MUARA BELITI | Sta: 66+910 - 67+200 | Tipe: Rehab Minor | Panjang: 290 m",
        "styleUrl": "#lineStyle130",
        "stroke-opacity": 1,
        "stroke": "#00ff00",
        "stroke-width": 4
      }
    },
    {
      "type": "Feature",
      "geometry": {
        "type": "Point",
        "coordinates": [
          103.08534,
          -3.172955,
          0
        ]
      },
      "properties": {
        "name": "67+232",
        "description": "Ruas 035 | BTS. KAB. MUBA - MUARA BELITI",
        "styleUrl": "#pointStyle",
        "icon-scale": 1.1
      }
    },
    {
      "type": "Feature",
      "geometry": {
        "type": "Point",
        "coordinates": [
          103.081705,
          -3.176494,
          0
        ]
      },
      "properties": {
        "name": "67+800",
        "description": "Ruas 035 | BTS. KAB. MUBA - MUARA BELITI",
        "styleUrl": "#pointStyle",
        "icon-scale": 1.1
      }
    },
    {
      "type": "Feature",
      "geometry": {
        "type": "LineString",
        "coordinates": [
          [
            103.08534,
            -3.172955,
            0
          ],
          [
            103.081705,
            -3.176494,
            0
          ]
        ]
      },
      "properties": {
        "name": "Rehab Minor",
        "description": "Ruas: 035 | BTS. KAB. MUBA - MUARA BELITI | Sta: 67+232 - 67+800 | Tipe: Rehab Minor | Panjang: 568 m",
        "styleUrl": "#lineStyle131",
        "stroke-opacity": 1,
        "stroke": "#00ff00",
        "stroke-width": 4
      }
    },
    {
      "type": "Feature",
      "geometry": {
        "type": "Point",
        "coordinates": [
          103.082359,
          -3.180152999999999,
          0
        ]
      },
      "properties": {
        "name": "68+225",
        "description": "Ruas 035 | BTS. KAB. MUBA - MUARA BELITI",
        "styleUrl": "#pointStyle",
        "icon-scale": 1.1
      }
    },
    {
      "type": "Feature",
      "geometry": {
        "type": "Point",
        "coordinates": [
          103.082299,
          -3.181019,
          0
        ]
      },
      "properties": {
        "name": "68+325",
        "description": "Ruas 035 | BTS. KAB. MUBA - MUARA BELITI",
        "styleUrl": "#pointStyle",
        "icon-scale": 1.1
      }
    },
    {
      "type": "Feature",
      "geometry": {
        "type": "LineString",
        "coordinates": [
          [
            103.082359,
            -3.180152999999999,
            0
          ],
          [
            103.082299,
            -3.181019,
            0
          ]
        ]
      },
      "properties": {
        "name": "Rehab Minor",
        "description": "Ruas: 035 | BTS. KAB. MUBA - MUARA BELITI | Sta: 68+225 - 68+325 | Tipe: Rehab Minor | Panjang: 100 m",
        "styleUrl": "#lineStyle132",
        "stroke-opacity": 1,
        "stroke": "#00ff00",
        "stroke-width": 4
      }
    },
    {
      "type": "Feature",
      "geometry": {
        "type": "Point",
        "coordinates": [
          103.081781,
          -3.182553,
          0
        ]
      },
      "properties": {
        "name": "68+500",
        "description": "Ruas 035 | BTS. KAB. MUBA - MUARA BELITI",
        "styleUrl": "#pointStyle",
        "icon-scale": 1.1
      }
    },
    {
      "type": "Feature",
      "geometry": {
        "type": "Point",
        "coordinates": [
          103.081011,
          -3.183319,
          0
        ]
      },
      "properties": {
        "name": "68+625",
        "description": "Ruas 035 | BTS. KAB. MUBA - MUARA BELITI",
        "styleUrl": "#pointStyle",
        "icon-scale": 1.1
      }
    },
    {
      "type": "Feature",
      "geometry": {
        "type": "LineString",
        "coordinates": [
          [
            103.081781,
            -3.182553,
            0
          ],
          [
            103.081011,
            -3.183319,
            0
          ]
        ]
      },
      "properties": {
        "name": "Rehab Minor",
        "description": "Ruas: 035 | BTS. KAB. MUBA - MUARA BELITI | Sta: 68+500 - 68+625 | Tipe: Rehab Minor | Panjang: 125 m",
        "styleUrl": "#lineStyle133",
        "stroke-opacity": 1,
        "stroke": "#00ff00",
        "stroke-width": 4
      }
    },
    {
      "type": "Feature",
      "geometry": {
        "type": "Point",
        "coordinates": [
          103.081011,
          -3.183319,
          0
        ]
      },
      "properties": {
        "name": "68+625",
        "description": "Ruas 035 | BTS. KAB. MUBA - MUARA BELITI",
        "styleUrl": "#pointStyle",
        "icon-scale": 1.1
      }
    },
    {
      "type": "Feature",
      "geometry": {
        "type": "Point",
        "coordinates": [
          103.080314,
          -3.183819,
          0
        ]
      },
      "properties": {
        "name": "68+725",
        "description": "Ruas 035 | BTS. KAB. MUBA - MUARA BELITI",
        "styleUrl": "#pointStyle",
        "icon-scale": 1.1
      }
    },
    {
      "type": "Feature",
      "geometry": {
        "type": "LineString",
        "coordinates": [
          [
            103.081011,
            -3.183319,
            0
          ],
          [
            103.080314,
            -3.183819,
            0
          ]
        ]
      },
      "properties": {
        "name": "Rehab Mayor",
        "description": "Ruas: 035 | BTS. KAB. MUBA - MUARA BELITI | Sta: 68+625 - 68+725 | Tipe: Rehab Mayor | Panjang: 100 m",
        "styleUrl": "#lineStyle134",
        "stroke-opacity": 1,
        "stroke": "#ffff00",
        "stroke-width": 4
      }
    },
    {
      "type": "Feature",
      "geometry": {
        "type": "Point",
        "coordinates": [
          103.080314,
          -3.183819,
          0
        ]
      },
      "properties": {
        "name": "68+725",
        "description": "Ruas 035 | BTS. KAB. MUBA - MUARA BELITI",
        "styleUrl": "#pointStyle",
        "icon-scale": 1.1
      }
    },
    {
      "type": "Feature",
      "geometry": {
        "type": "Point",
        "coordinates": [
          103.08006,
          -3.184438,
          0
        ]
      },
      "properties": {
        "name": "68+795",
        "description": "Ruas 035 | BTS. KAB. MUBA - MUARA BELITI",
        "styleUrl": "#pointStyle",
        "icon-scale": 1.1
      }
    },
    {
      "type": "Feature",
      "geometry": {
        "type": "LineString",
        "coordinates": [
          [
            103.080314,
            -3.183819,
            0
          ],
          [
            103.08006,
            -3.184438,
            0
          ]
        ]
      },
      "properties": {
        "name": "Rehab Minor",
        "description": "Ruas: 035 | BTS. KAB. MUBA - MUARA BELITI | Sta: 68+725 - 68+795 | Tipe: Rehab Minor | Panjang: 70 m",
        "styleUrl": "#lineStyle135",
        "stroke-opacity": 1,
        "stroke": "#00ff00",
        "stroke-width": 4
      }
    },
    {
      "type": "Feature",
      "geometry": {
        "type": "Point",
        "coordinates": [
          103.08006,
          -3.184438,
          0
        ]
      },
      "properties": {
        "name": "68+795",
        "description": "Ruas 035 | BTS. KAB. MUBA - MUARA BELITI",
        "styleUrl": "#pointStyle",
        "icon-scale": 1.1
      }
    },
    {
      "type": "Feature",
      "geometry": {
        "type": "Point",
        "coordinates": [
          103.080006,
          -3.18461,
          0
        ]
      },
      "properties": {
        "name": "68+815",
        "description": "Ruas 035 | BTS. KAB. MUBA - MUARA BELITI",
        "styleUrl": "#pointStyle",
        "icon-scale": 1.1
      }
    },
    {
      "type": "Feature",
      "geometry": {
        "type": "LineString",
        "coordinates": [
          [
            103.08006,
            -3.184438,
            0
          ],
          [
            103.080006,
            -3.18461,
            0
          ]
        ]
      },
      "properties": {
        "name": "Rekonstruksi",
        "description": "Ruas: 035 | BTS. KAB. MUBA - MUARA BELITI | Sta: 68+795 - 68+815 | Tipe: Rekonstruksi | Panjang: 20 m",
        "styleUrl": "#lineStyle136",
        "stroke-opacity": 1,
        "stroke": "#ff0000",
        "stroke-width": 4
      }
    },
    {
      "type": "Feature",
      "geometry": {
        "type": "Point",
        "coordinates": [
          103.080048,
          -3.189738,
          0
        ]
      },
      "properties": {
        "name": "69+445",
        "description": "Ruas 035 | BTS. KAB. MUBA - MUARA BELITI",
        "styleUrl": "#pointStyle",
        "icon-scale": 1.1
      }
    },
    {
      "type": "Feature",
      "geometry": {
        "type": "Point",
        "coordinates": [
          103.07887,
          -3.190641,
          0
        ]
      },
      "properties": {
        "name": "69+613",
        "description": "Ruas 035 | BTS. KAB. MUBA - MUARA BELITI",
        "styleUrl": "#pointStyle",
        "icon-scale": 1.1
      }
    },
    {
      "type": "Feature",
      "geometry": {
        "type": "LineString",
        "coordinates": [
          [
            103.080048,
            -3.189738,
            0
          ],
          [
            103.07887,
            -3.190641,
            0
          ]
        ]
      },
      "properties": {
        "name": "Rekonstruksi",
        "description": "Ruas: 035 | BTS. KAB. MUBA - MUARA BELITI | Sta: 69+445 - 69+613 | Tipe: Rekonstruksi | Panjang: 168 m",
        "styleUrl": "#lineStyle137",
        "stroke-opacity": 1,
        "stroke": "#ff0000",
        "stroke-width": 4
      }
    },
    {
      "type": "Feature",
      "geometry": {
        "type": "Point",
        "coordinates": [
          103.07887,
          -3.190641,
          0
        ]
      },
      "properties": {
        "name": "69+613",
        "description": "Ruas 035 | BTS. KAB. MUBA - MUARA BELITI",
        "styleUrl": "#pointStyle",
        "icon-scale": 1.1
      }
    },
    {
      "type": "Feature",
      "geometry": {
        "type": "Point",
        "coordinates": [
          103.078587,
          -3.190937,
          0
        ]
      },
      "properties": {
        "name": "69+663",
        "description": "Ruas 035 | BTS. KAB. MUBA - MUARA BELITI",
        "styleUrl": "#pointStyle",
        "icon-scale": 1.1
      }
    },
    {
      "type": "Feature",
      "geometry": {
        "type": "LineString",
        "coordinates": [
          [
            103.07887,
            -3.190641,
            0
          ],
          [
            103.078587,
            -3.190937,
            0
          ]
        ]
      },
      "properties": {
        "name": "Rehab Mayor",
        "description": "Ruas: 035 | BTS. KAB. MUBA - MUARA BELITI | Sta: 69+613 - 69+663 | Tipe: Rehab Mayor | Panjang: 50 m",
        "styleUrl": "#lineStyle138",
        "stroke-opacity": 1,
        "stroke": "#ffff00",
        "stroke-width": 4
      }
    },
    {
      "type": "Feature",
      "geometry": {
        "type": "Point",
        "coordinates": [
          103.078587,
          -3.190937,
          0
        ]
      },
      "properties": {
        "name": "69+663",
        "description": "Ruas 035 | BTS. KAB. MUBA - MUARA BELITI",
        "styleUrl": "#pointStyle",
        "icon-scale": 1.1
      }
    },
    {
      "type": "Feature",
      "geometry": {
        "type": "Point",
        "coordinates": [
          103.078065,
          -3.191611,
          0
        ]
      },
      "properties": {
        "name": "69+762",
        "description": "Ruas 035 | BTS. KAB. MUBA - MUARA BELITI",
        "styleUrl": "#pointStyle",
        "icon-scale": 1.1
      }
    },
    {
      "type": "Feature",
      "geometry": {
        "type": "LineString",
        "coordinates": [
          [
            103.078587,
            -3.190937,
            0
          ],
          [
            103.078065,
            -3.191611,
            0
          ]
        ]
      },
      "properties": {
        "name": "Rehab Minor",
        "description": "Ruas: 035 | BTS. KAB. MUBA - MUARA BELITI | Sta: 69+663 - 69+762 | Tipe: Rehab Minor | Panjang: 99 m",
        "styleUrl": "#lineStyle139",
        "stroke-opacity": 1,
        "stroke": "#00ff00",
        "stroke-width": 4
      }
    },
    {
      "type": "Feature",
      "geometry": {
        "type": "Point",
        "coordinates": [
          103.078065,
          -3.191611,
          0
        ]
      },
      "properties": {
        "name": "69+762",
        "description": "Ruas 035 | BTS. KAB. MUBA - MUARA BELITI",
        "styleUrl": "#pointStyle",
        "icon-scale": 1.1
      }
    },
    {
      "type": "Feature",
      "geometry": {
        "type": "Point",
        "coordinates": [
          103.077792,
          -3.192055,
          0
        ]
      },
      "properties": {
        "name": "69+812",
        "description": "Ruas 035 | BTS. KAB. MUBA - MUARA BELITI",
        "styleUrl": "#pointStyle",
        "icon-scale": 1.1
      }
    },
    {
      "type": "Feature",
      "geometry": {
        "type": "LineString",
        "coordinates": [
          [
            103.078065,
            -3.191611,
            0
          ],
          [
            103.077792,
            -3.192055,
            0
          ]
        ]
      },
      "properties": {
        "name": "Rehab Mayor",
        "description": "Ruas: 035 | BTS. KAB. MUBA - MUARA BELITI | Sta: 69+762 - 69+812 | Tipe: Rehab Mayor | Panjang: 50 m",
        "styleUrl": "#lineStyle140",
        "stroke-opacity": 1,
        "stroke": "#ffff00",
        "stroke-width": 4
      }
    },
    {
      "type": "Feature",
      "geometry": {
        "type": "Point",
        "coordinates": [
          103.077613,
          -3.192231,
          0
        ]
      },
      "properties": {
        "name": "69+836",
        "description": "Ruas 035 | BTS. KAB. MUBA - MUARA BELITI",
        "styleUrl": "#pointStyle",
        "icon-scale": 1.1
      }
    },
    {
      "type": "Feature",
      "geometry": {
        "type": "Point",
        "coordinates": [
          103.077424,
          -3.192405,
          0
        ]
      },
      "properties": {
        "name": "70+000",
        "description": "Ruas 035 | BTS. KAB. MUBA - MUARA BELITI",
        "styleUrl": "#pointStyle",
        "icon-scale": 1.1
      }
    },
    {
      "type": "Feature",
      "geometry": {
        "type": "LineString",
        "coordinates": [
          [
            103.077613,
            -3.192231,
            0
          ],
          [
            103.077424,
            -3.192405,
            0
          ]
        ]
      },
      "properties": {
        "name": "Rehab Mayor",
        "description": "Ruas: 035 | BTS. KAB. MUBA - MUARA BELITI | Sta: 69+836 - 70+000 | Tipe: Rehab Mayor | Panjang: 164 m",
        "styleUrl": "#lineStyle141",
        "stroke-opacity": 1,
        "stroke": "#ffff00",
        "stroke-width": 4
      }
    },
    {
      "type": "Feature",
      "geometry": {
        "type": "Point",
        "coordinates": [
          103.077424,
          -3.192405,
          0
        ]
      },
      "properties": {
        "name": "70+000",
        "description": "Ruas 035 | BTS. KAB. MUBA - MUARA BELITI",
        "styleUrl": "#pointStyle",
        "icon-scale": 1.1
      }
    },
    {
      "type": "Feature",
      "geometry": {
        "type": "Point",
        "coordinates": [
          103.076002,
          -3.194116,
          0
        ]
      },
      "properties": {
        "name": "70+125",
        "description": "Ruas 035 | BTS. KAB. MUBA - MUARA BELITI",
        "styleUrl": "#pointStyle",
        "icon-scale": 1.1
      }
    },
    {
      "type": "Feature",
      "geometry": {
        "type": "LineString",
        "coordinates": [
          [
            103.077424,
            -3.192405,
            0
          ],
          [
            103.076002,
            -3.194116,
            0
          ]
        ]
      },
      "properties": {
        "name": "Rehab Minor",
        "description": "Ruas: 035 | BTS. KAB. MUBA - MUARA BELITI | Sta: 70+000 - 70+125 | Tipe: Rehab Minor | Panjang: 125 m",
        "styleUrl": "#lineStyle142",
        "stroke-opacity": 1,
        "stroke": "#00ff00",
        "stroke-width": 4
      }
    },
    {
      "type": "Feature",
      "geometry": {
        "type": "Point",
        "coordinates": [
          103.076002,
          -3.194116,
          0
        ]
      },
      "properties": {
        "name": "70+125",
        "description": "Ruas 035 | BTS. KAB. MUBA - MUARA BELITI",
        "styleUrl": "#pointStyle",
        "icon-scale": 1.1
      }
    },
    {
      "type": "Feature",
      "geometry": {
        "type": "Point",
        "coordinates": [
          103.073937,
          -3.197152,
          0
        ]
      },
      "properties": {
        "name": "70+537",
        "description": "Ruas 035 | BTS. KAB. MUBA - MUARA BELITI",
        "styleUrl": "#pointStyle",
        "icon-scale": 1.1
      }
    },
    {
      "type": "Feature",
      "geometry": {
        "type": "LineString",
        "coordinates": [
          [
            103.076002,
            -3.194116,
            0
          ],
          [
            103.073937,
            -3.197152,
            0
          ]
        ]
      },
      "properties": {
        "name": "Rehab Mayor",
        "description": "Ruas: 035 | BTS. KAB. MUBA - MUARA BELITI | Sta: 70+125 - 70+537 | Tipe: Rehab Mayor | Panjang: 412 m",
        "styleUrl": "#lineStyle143",
        "stroke-opacity": 1,
        "stroke": "#ffff00",
        "stroke-width": 4
      }
    },
    {
      "type": "Feature",
      "geometry": {
        "type": "Point",
        "coordinates": [
          103.073937,
          -3.197152,
          0
        ]
      },
      "properties": {
        "name": "70+537",
        "description": "Ruas 035 | BTS. KAB. MUBA - MUARA BELITI",
        "styleUrl": "#pointStyle",
        "icon-scale": 1.1
      }
    },
    {
      "type": "Feature",
      "geometry": {
        "type": "Point",
        "coordinates": [
          103.073071,
          -3.197665000000001,
          0
        ]
      },
      "properties": {
        "name": "70+650",
        "description": "Ruas 035 | BTS. KAB. MUBA - MUARA BELITI",
        "styleUrl": "#pointStyle",
        "icon-scale": 1.1
      }
    },
    {
      "type": "Feature",
      "geometry": {
        "type": "LineString",
        "coordinates": [
          [
            103.073937,
            -3.197152,
            0
          ],
          [
            103.073071,
            -3.197665000000001,
            0
          ]
        ]
      },
      "properties": {
        "name": "Rekonstruksi",
        "description": "Ruas: 035 | BTS. KAB. MUBA - MUARA BELITI | Sta: 70+537 - 70+650 | Tipe: Rekonstruksi | Panjang: 113 m",
        "styleUrl": "#lineStyle144",
        "stroke-opacity": 1,
        "stroke": "#ff0000",
        "stroke-width": 4
      }
    },
    {
      "type": "Feature",
      "geometry": {
        "type": "Point",
        "coordinates": [
          103.073071,
          -3.197665000000001,
          0
        ]
      },
      "properties": {
        "name": "70+650",
        "description": "Ruas 035 | BTS. KAB. MUBA - MUARA BELITI",
        "styleUrl": "#pointStyle",
        "icon-scale": 1.1
      }
    },
    {
      "type": "Feature",
      "geometry": {
        "type": "Point",
        "coordinates": [
          103.072404,
          -3.19871,
          0
        ]
      },
      "properties": {
        "name": "70+790",
        "description": "Ruas 035 | BTS. KAB. MUBA - MUARA BELITI",
        "styleUrl": "#pointStyle",
        "icon-scale": 1.1
      }
    },
    {
      "type": "Feature",
      "geometry": {
        "type": "LineString",
        "coordinates": [
          [
            103.073071,
            -3.197665000000001,
            0
          ],
          [
            103.072404,
            -3.19871,
            0
          ]
        ]
      },
      "properties": {
        "name": "Rehab Mayor",
        "description": "Ruas: 035 | BTS. KAB. MUBA - MUARA BELITI | Sta: 70+650 - 70+790 | Tipe: Rehab Mayor | Panjang: 140 m",
        "styleUrl": "#lineStyle145",
        "stroke-opacity": 1,
        "stroke": "#ffff00",
        "stroke-width": 4
      }
    },
    {
      "type": "Feature",
      "geometry": {
        "type": "Point",
        "coordinates": [
          103.072404,
          -3.19871,
          0
        ]
      },
      "properties": {
        "name": "70+790",
        "description": "Ruas 035 | BTS. KAB. MUBA - MUARA BELITI",
        "styleUrl": "#pointStyle",
        "icon-scale": 1.1
      }
    },
    {
      "type": "Feature",
      "geometry": {
        "type": "Point",
        "coordinates": [
          103.072223,
          -3.199143,
          0
        ]
      },
      "properties": {
        "name": "70+850",
        "description": "Ruas 035 | BTS. KAB. MUBA - MUARA BELITI",
        "styleUrl": "#pointStyle",
        "icon-scale": 1.1
      }
    },
    {
      "type": "Feature",
      "geometry": {
        "type": "LineString",
        "coordinates": [
          [
            103.072404,
            -3.19871,
            0
          ],
          [
            103.072223,
            -3.199143,
            0
          ]
        ]
      },
      "properties": {
        "name": "Rekonstruksi",
        "description": "Ruas: 035 | BTS. KAB. MUBA - MUARA BELITI | Sta: 70+790 - 70+850 | Tipe: Rekonstruksi | Panjang: 60 m",
        "styleUrl": "#lineStyle146",
        "stroke-opacity": 1,
        "stroke": "#ff0000",
        "stroke-width": 4
      }
    },
    {
      "type": "Feature",
      "geometry": {
        "type": "Point",
        "coordinates": [
          103.072223,
          -3.199143,
          0
        ]
      },
      "properties": {
        "name": "70+850",
        "description": "Ruas 035 | BTS. KAB. MUBA - MUARA BELITI",
        "styleUrl": "#pointStyle",
        "icon-scale": 1.1
      }
    },
    {
      "type": "Feature",
      "geometry": {
        "type": "Point",
        "coordinates": [
          103.072676,
          -3.201692,
          0
        ]
      },
      "properties": {
        "name": "71+150",
        "description": "Ruas 035 | BTS. KAB. MUBA - MUARA BELITI",
        "styleUrl": "#pointStyle",
        "icon-scale": 1.1
      }
    },
    {
      "type": "Feature",
      "geometry": {
        "type": "LineString",
        "coordinates": [
          [
            103.072223,
            -3.199143,
            0
          ],
          [
            103.072676,
            -3.201692,
            0
          ]
        ]
      },
      "properties": {
        "name": "Rehab Mayor",
        "description": "Ruas: 035 | BTS. KAB. MUBA - MUARA BELITI | Sta: 70+850 - 71+150 | Tipe: Rehab Mayor | Panjang: 300 m",
        "styleUrl": "#lineStyle147",
        "stroke-opacity": 1,
        "stroke": "#ffff00",
        "stroke-width": 4
      }
    },
    {
      "type": "Feature",
      "geometry": {
        "type": "Point",
        "coordinates": [
          103.072676,
          -3.201692,
          0
        ]
      },
      "properties": {
        "name": "71+150",
        "description": "Ruas 035 | BTS. KAB. MUBA - MUARA BELITI",
        "styleUrl": "#pointStyle",
        "icon-scale": 1.1
      }
    },
    {
      "type": "Feature",
      "geometry": {
        "type": "Point",
        "coordinates": [
          103.072999,
          -3.202014999999999,
          0
        ]
      },
      "properties": {
        "name": "71+200",
        "description": "Ruas 035 | BTS. KAB. MUBA - MUARA BELITI",
        "styleUrl": "#pointStyle",
        "icon-scale": 1.1
      }
    },
    {
      "type": "Feature",
      "geometry": {
        "type": "LineString",
        "coordinates": [
          [
            103.072676,
            -3.201692,
            0
          ],
          [
            103.072999,
            -3.202014999999999,
            0
          ]
        ]
      },
      "properties": {
        "name": "Rekonstruksi",
        "description": "Ruas: 035 | BTS. KAB. MUBA - MUARA BELITI | Sta: 71+150 - 71+200 | Tipe: Rekonstruksi | Panjang: 50 m",
        "styleUrl": "#lineStyle148",
        "stroke-opacity": 1,
        "stroke": "#ff0000",
        "stroke-width": 4
      }
    },
    {
      "type": "Feature",
      "geometry": {
        "type": "Point",
        "coordinates": [
          103.072999,
          -3.202014999999999,
          0
        ]
      },
      "properties": {
        "name": "71+200",
        "description": "Ruas 035 | BTS. KAB. MUBA - MUARA BELITI",
        "styleUrl": "#pointStyle",
        "icon-scale": 1.1
      }
    },
    {
      "type": "Feature",
      "geometry": {
        "type": "Point",
        "coordinates": [
          103.073342,
          -3.20232,
          0
        ]
      },
      "properties": {
        "name": "71+250",
        "description": "Ruas 035 | BTS. KAB. MUBA - MUARA BELITI",
        "styleUrl": "#pointStyle",
        "icon-scale": 1.1
      }
    },
    {
      "type": "Feature",
      "geometry": {
        "type": "LineString",
        "coordinates": [
          [
            103.072999,
            -3.202014999999999,
            0
          ],
          [
            103.073342,
            -3.20232,
            0
          ]
        ]
      },
      "properties": {
        "name": "Rehab Mayor",
        "description": "Ruas: 035 | BTS. KAB. MUBA - MUARA BELITI | Sta: 71+200 - 71+250 | Tipe: Rehab Mayor | Panjang: 50 m",
        "styleUrl": "#lineStyle149",
        "stroke-opacity": 1,
        "stroke": "#ffff00",
        "stroke-width": 4
      }
    },
    {
      "type": "Feature",
      "geometry": {
        "type": "Point",
        "coordinates": [
          103.073342,
          -3.20232,
          0
        ]
      },
      "properties": {
        "name": "71+250",
        "description": "Ruas 035 | BTS. KAB. MUBA - MUARA BELITI",
        "styleUrl": "#pointStyle",
        "icon-scale": 1.1
      }
    },
    {
      "type": "Feature",
      "geometry": {
        "type": "Point",
        "coordinates": [
          103.07381,
          -3.202874,
          0
        ]
      },
      "properties": {
        "name": "71+350",
        "description": "Ruas 035 | BTS. KAB. MUBA - MUARA BELITI",
        "styleUrl": "#pointStyle",
        "icon-scale": 1.1
      }
    },
    {
      "type": "Feature",
      "geometry": {
        "type": "LineString",
        "coordinates": [
          [
            103.073342,
            -3.20232,
            0
          ],
          [
            103.07381,
            -3.202874,
            0
          ]
        ]
      },
      "properties": {
        "name": "Rehab Minor",
        "description": "Ruas: 035 | BTS. KAB. MUBA - MUARA BELITI | Sta: 71+250 - 71+350 | Tipe: Rehab Minor | Panjang: 100 m",
        "styleUrl": "#lineStyle150",
        "stroke-opacity": 1,
        "stroke": "#00ff00",
        "stroke-width": 4
      }
    },
    {
      "type": "Feature",
      "geometry": {
        "type": "Point",
        "coordinates": [
          103.07381,
          -3.202874,
          0
        ]
      },
      "properties": {
        "name": "71+350",
        "description": "Ruas 035 | BTS. KAB. MUBA - MUARA BELITI",
        "styleUrl": "#pointStyle",
        "icon-scale": 1.1
      }
    },
    {
      "type": "Feature",
      "geometry": {
        "type": "Point",
        "coordinates": [
          103.073318,
          -3.206558,
          0
        ]
      },
      "properties": {
        "name": "72+011",
        "description": "Ruas 035 | BTS. KAB. MUBA - MUARA BELITI",
        "styleUrl": "#pointStyle",
        "icon-scale": 1.1
      }
    },
    {
      "type": "Feature",
      "geometry": {
        "type": "LineString",
        "coordinates": [
          [
            103.07381,
            -3.202874,
            0
          ],
          [
            103.073318,
            -3.206558,
            0
          ]
        ]
      },
      "properties": {
        "name": "Rehab Mayor",
        "description": "Ruas: 035 | BTS. KAB. MUBA - MUARA BELITI | Sta: 71+350 - 72+011 | Tipe: Rehab Mayor | Panjang: 661 m",
        "styleUrl": "#lineStyle151",
        "stroke-opacity": 1,
        "stroke": "#ffff00",
        "stroke-width": 4
      }
    },
    {
      "type": "Feature",
      "geometry": {
        "type": "Point",
        "coordinates": [
          103.072387,
          -3.208141,
          0
        ]
      },
      "properties": {
        "name": "72+038",
        "description": "Ruas 035 | BTS. KAB. MUBA - MUARA BELITI",
        "styleUrl": "#pointStyle",
        "icon-scale": 1.1
      }
    },
    {
      "type": "Feature",
      "geometry": {
        "type": "Point",
        "coordinates": [
          103.071552,
          -3.208899999999999,
          0
        ]
      },
      "properties": {
        "name": "72+166",
        "description": "Ruas 035 | BTS. KAB. MUBA - MUARA BELITI",
        "styleUrl": "#pointStyle",
        "icon-scale": 1.1
      }
    },
    {
      "type": "Feature",
      "geometry": {
        "type": "LineString",
        "coordinates": [
          [
            103.072387,
            -3.208141,
            0
          ],
          [
            103.071552,
            -3.208899999999999,
            0
          ]
        ]
      },
      "properties": {
        "name": "Rehab Mayor",
        "description": "Ruas: 035 | BTS. KAB. MUBA - MUARA BELITI | Sta: 72+038 - 72+166 | Tipe: Rehab Mayor | Panjang: 128 m",
        "styleUrl": "#lineStyle152",
        "stroke-opacity": 1,
        "stroke": "#ffff00",
        "stroke-width": 4
      }
    },
    {
      "type": "Feature",
      "geometry": {
        "type": "Point",
        "coordinates": [
          103.060521,
          -3.218526000000001,
          0
        ]
      },
      "properties": {
        "name": "74+053",
        "description": "Ruas 035 | BTS. KAB. MUBA - MUARA BELITI",
        "styleUrl": "#pointStyle",
        "icon-scale": 1.1
      }
    },
    {
      "type": "Feature",
      "geometry": {
        "type": "Point",
        "coordinates": [
          103.060298,
          -3.218915,
          0
        ]
      },
      "properties": {
        "name": "74+103",
        "description": "Ruas 035 | BTS. KAB. MUBA - MUARA BELITI",
        "styleUrl": "#pointStyle",
        "icon-scale": 1.1
      }
    },
    {
      "type": "Feature",
      "geometry": {
        "type": "LineString",
        "coordinates": [
          [
            103.060521,
            -3.218526000000001,
            0
          ],
          [
            103.060298,
            -3.218915,
            0
          ]
        ]
      },
      "properties": {
        "name": "Rehab Mayor",
        "description": "Ruas: 035 | BTS. KAB. MUBA - MUARA BELITI | Sta: 74+053 - 74+103 | Tipe: Rehab Mayor | Panjang: 50 m",
        "styleUrl": "#lineStyle153",
        "stroke-opacity": 1,
        "stroke": "#ffff00",
        "stroke-width": 4
      }
    },
    {
      "type": "Feature",
      "geometry": {
        "type": "Point",
        "coordinates": [
          103.057024,
          -3.227278000000001,
          0
        ]
      },
      "properties": {
        "name": "75+146",
        "description": "Ruas 035 | BTS. KAB. MUBA - MUARA BELITI",
        "styleUrl": "#pointStyle",
        "icon-scale": 1.1
      }
    },
    {
      "type": "Feature",
      "geometry": {
        "type": "Point",
        "coordinates": [
          103.055901,
          -3.228727,
          0
        ]
      },
      "properties": {
        "name": "75+360",
        "description": "Ruas 035 | BTS. KAB. MUBA - MUARA BELITI",
        "styleUrl": "#pointStyle",
        "icon-scale": 1.1
      }
    },
    {
      "type": "Feature",
      "geometry": {
        "type": "LineString",
        "coordinates": [
          [
            103.057024,
            -3.227278000000001,
            0
          ],
          [
            103.055901,
            -3.228727,
            0
          ]
        ]
      },
      "properties": {
        "name": "Rehab Minor",
        "description": "Ruas: 035 | BTS. KAB. MUBA - MUARA BELITI | Sta: 75+146 - 75+360 | Tipe: Rehab Minor | Panjang: 214 m",
        "styleUrl": "#lineStyle154",
        "stroke-opacity": 1,
        "stroke": "#00ff00",
        "stroke-width": 4
      }
    },
    {
      "type": "Feature",
      "geometry": {
        "type": "Point",
        "coordinates": [
          103.054742,
          -3.229199,
          0
        ]
      },
      "properties": {
        "name": "75+500",
        "description": "Ruas 035 | BTS. KAB. MUBA - MUARA BELITI",
        "styleUrl": "#pointStyle",
        "icon-scale": 1.1
      }
    },
    {
      "type": "Feature",
      "geometry": {
        "type": "Point",
        "coordinates": [
          103.053306,
          -3.230068,
          0
        ]
      },
      "properties": {
        "name": "75+700",
        "description": "Ruas 035 | BTS. KAB. MUBA - MUARA BELITI",
        "styleUrl": "#pointStyle",
        "icon-scale": 1.1
      }
    },
    {
      "type": "Feature",
      "geometry": {
        "type": "LineString",
        "coordinates": [
          [
            103.054742,
            -3.229199,
            0
          ],
          [
            103.053306,
            -3.230068,
            0
          ]
        ]
      },
      "properties": {
        "name": "Rehab Minor",
        "description": "Ruas: 035 | BTS. KAB. MUBA - MUARA BELITI | Sta: 75+500 - 75+700 | Tipe: Rehab Minor | Panjang: 200 m",
        "styleUrl": "#lineStyle155",
        "stroke-opacity": 1,
        "stroke": "#00ff00",
        "stroke-width": 4
      }
    },
    {
      "type": "Feature",
      "geometry": {
        "type": "Point",
        "coordinates": [
          103.052485,
          -3.232120000000001,
          0
        ]
      },
      "properties": {
        "name": "75+949",
        "description": "Ruas 035 | BTS. KAB. MUBA - MUARA BELITI",
        "styleUrl": "#pointStyle",
        "icon-scale": 1.1
      }
    },
    {
      "type": "Feature",
      "geometry": {
        "type": "Point",
        "coordinates": [
          103.050383,
          -3.23437,
          0
        ]
      },
      "properties": {
        "name": "76+294",
        "description": "Ruas 035 | BTS. KAB. MUBA - MUARA BELITI",
        "styleUrl": "#pointStyle",
        "icon-scale": 1.1
      }
    },
    {
      "type": "Feature",
      "geometry": {
        "type": "LineString",
        "coordinates": [
          [
            103.052485,
            -3.232120000000001,
            0
          ],
          [
            103.050383,
            -3.23437,
            0
          ]
        ]
      },
      "properties": {
        "name": "Rehab Minor",
        "description": "Ruas: 035 | BTS. KAB. MUBA - MUARA BELITI | Sta: 75+949 - 76+294 | Tipe: Rehab Minor | Panjang: 345 m",
        "styleUrl": "#lineStyle156",
        "stroke-opacity": 1,
        "stroke": "#00ff00",
        "stroke-width": 4
      }
    },
    {
      "type": "Feature",
      "geometry": {
        "type": "Point",
        "coordinates": [
          103.05008,
          -3.234563,
          0
        ]
      },
      "properties": {
        "name": "76+335",
        "description": "Ruas 035 | BTS. KAB. MUBA - MUARA BELITI",
        "styleUrl": "#pointStyle",
        "icon-scale": 1.1
      }
    },
    {
      "type": "Feature",
      "geometry": {
        "type": "Point",
        "coordinates": [
          103.049655,
          -3.234685,
          0
        ]
      },
      "properties": {
        "name": "76+385",
        "description": "Ruas 035 | BTS. KAB. MUBA - MUARA BELITI",
        "styleUrl": "#pointStyle",
        "icon-scale": 1.1
      }
    },
    {
      "type": "Feature",
      "geometry": {
        "type": "LineString",
        "coordinates": [
          [
            103.05008,
            -3.234563,
            0
          ],
          [
            103.049655,
            -3.234685,
            0
          ]
        ]
      },
      "properties": {
        "name": "Rehab Minor",
        "description": "Ruas: 035 | BTS. KAB. MUBA - MUARA BELITI | Sta: 76+335 - 76+385 | Tipe: Rehab Minor | Panjang: 50 m",
        "styleUrl": "#lineStyle157",
        "stroke-opacity": 1,
        "stroke": "#00ff00",
        "stroke-width": 4
      }
    },
    {
      "type": "Feature",
      "geometry": {
        "type": "Point",
        "coordinates": [
          103.043768,
          -3.239813,
          0
        ]
      },
      "properties": {
        "name": "77+318",
        "description": "Ruas 035 | BTS. KAB. MUBA - MUARA BELITI",
        "styleUrl": "#pointStyle",
        "icon-scale": 1.1
      }
    },
    {
      "type": "Feature",
      "geometry": {
        "type": "Point",
        "coordinates": [
          103.041966,
          -3.239605,
          0
        ]
      },
      "properties": {
        "name": "77+518",
        "description": "Ruas 035 | BTS. KAB. MUBA - MUARA BELITI",
        "styleUrl": "#pointStyle",
        "icon-scale": 1.1
      }
    },
    {
      "type": "Feature",
      "geometry": {
        "type": "LineString",
        "coordinates": [
          [
            103.043768,
            -3.239813,
            0
          ],
          [
            103.041966,
            -3.239605,
            0
          ]
        ]
      },
      "properties": {
        "name": "Rehab Mayor",
        "description": "Ruas: 035 | BTS. KAB. MUBA - MUARA BELITI | Sta: 77+318 - 77+518 | Tipe: Rehab Mayor | Panjang: 200 m",
        "styleUrl": "#lineStyle158",
        "stroke-opacity": 1,
        "stroke": "#ffff00",
        "stroke-width": 4
      }
    }
  ]
}