<?xml version='1.0' encoding='utf-8'?>
<kml xmlns="http://www.opengis.net/kml/2.2"><Document><Style id="pointStyle"><IconStyle><scale>1.1</scale></IconStyle></Style><Style id="lineStyle2"><LineStyle><color>ff00ffff</color><width>4</width></LineStyle></Style><Placemark><name>0</name><description>MANGUN JAYA - BTS. KAB. MURA</description><styleUrl>#pointStyle</styleUrl><Point><coordinates>103.577302,-2.757211,0</coordinates></Point></Placemark><Placemark><name>0.159</name><description>MANGUN JAYA - BTS. KAB. MURA</description><styleUrl>#pointStyle</styleUrl><Point><coordinates>103.57652673369874,-2.756886887570004,0</coordinates></Point></Placemark><Placemark><name>Rehab Mayor</name><description>Tipe: Rehab Mayor | Visual: Rusak Permukaan (Spot-spot) | Panjang: 159 m</description><styleUrl>#lineStyle2</styleUrl><LineString><tessellate>1</tessellate><extrude>0</extrude><altitudeMode>clampToGround</altitudeMode><coordinates>103.577302,-2.757211,0
103.57652673369874,-2.756886887570004,0</coordinates></LineString></Placemark><Style id="lineStyle3"><LineStyle><color>ff00ffff</color><width>4</width></LineStyle></Style><Placemark><name>0.159</name><description>MANGUN JAYA - BTS. KAB. MURA</description><styleUrl>#pointStyle</styleUrl><Point><coordinates>103.57652673369874,-2.756886887570004,0</coordinates></Point></Placemark><Placemark><name>0.2</name><description>MANGUN JAYA - BTS. KAB. MURA</description><styleUrl>#pointStyle</styleUrl><Point><coordinates>103.5755969,-2.756687120000001,0</coordinates></Point></Placemark><Placemark><name>Rehab Mayor</name><description>Tipe: Rehab Mayor | Visual: Rusak Permukaan (Spot-spot) | Panjang: 41 m</description><styleUrl>#lineStyle3</styleUrl><LineString><tessellate>1</tessellate><extrude>0</extrude><altitudeMode>clampToGround</altitudeMode><coordinates>103.57652673369874,-2.756886887570004,0
103.5755969,-2.756687120000001,0</coordinates></LineString></Placemark><Style id="lineStyle4"><LineStyle><color>ff00ff00</color><width>4</width></LineStyle></Style><Placemark><name>0.2</name><description>MANGUN JAYA - BTS. KAB. MURA</description><styleUrl>#pointStyle</styleUrl><Point><coordinates>103.5755969,-2.756687120000001,0</coordinates></Point></Placemark><Placemark><name>0.4</name><description>MANGUN JAYA - BTS. KAB. MURA</description><styleUrl>#pointStyle</styleUrl><Point><coordinates>103.57380300000001,-2.75658178,0</coordinates></Point></Placemark><Placemark><name>Rehab Minor</name><description>Tipe: Rehab Minor | Visual: Aus Permukaan dan retak-ratak halus | Panjang: 200 m</description><styleUrl>#lineStyle4</styleUrl><LineString><tessellate>1</tessellate><extrude>0</extrude><altitudeMode>clampToGround</altitudeMode><coordinates>103.5755969,-2.756687120000001,0
103.57380300000001,-2.75658178,0</coordinates></LineString></Placemark><Style id="lineStyle5"><LineStyle><color>ff00ff00</color><width>4</width></LineStyle></Style><Placemark><name>0.4</name><description>MANGUN JAYA - BTS. KAB. MURA</description><styleUrl>#pointStyle</styleUrl><Point><coordinates>103.57380300000001,-2.75658178,0</coordinates></Point></Placemark><Placemark><name>0.448</name><description>MANGUN JAYA - BTS. KAB. MURA</description><styleUrl>#pointStyle</styleUrl><Point><coordinates>103.57384621529087,-2.7565813489678512,0</coordinates></Point></Placemark><Placemark><name>Rehab Minor</name><description>Tipe: Rehab Minor | Visual: Aus Permukaan dan retak-ratak halus | Panjang: 48 m</description><styleUrl>#lineStyle5</styleUrl><LineString><tessellate>1</tessellate><extrude>0</extrude><altitudeMode>clampToGround</altitudeMode><coordinates>103.57380300000001,-2.75658178,0
103.57384621529087,-2.7565813489678512,0</coordinates></LineString></Placemark><Style id="lineStyle6"><LineStyle><color>ff00ffff</color><width>4</width></LineStyle></Style><Placemark><name>0.448</name><description>MANGUN JAYA - BTS. KAB. MURA</description><styleUrl>#pointStyle</styleUrl><Point><coordinates>103.57384621529087,-2.7565813489678512,0</coordinates></Point></Placemark><Placemark><name>0.6</name><description>MANGUN JAYA - BTS. KAB. MURA</description><styleUrl>#pointStyle</styleUrl><Point><coordinates>103.5720044,-2.75660598,0</coordinates></Point></Placemark><Placemark><name>Rehab Mayor</name><description>Tipe: Rehab Mayor | Visual: Rusak Permukaan (Spot-spot) | Panjang: 152 m</description><styleUrl>#lineStyle6</styleUrl><LineString><tessellate>1</tessellate><extrude>0</extrude><altitudeMode>clampToGround</altitudeMode><coordinates>103.57384621529087,-2.7565813489678512,0
103.5720044,-2.75660598,0</coordinates></LineString></Placemark><Style id="lineStyle7"><LineStyle><color>ff00ffff</color><width>4</width></LineStyle></Style><Placemark><name>0.6</name><description>MANGUN JAYA - BTS. KAB. MURA</description><styleUrl>#pointStyle</styleUrl><Point><coordinates>103.5720044,-2.75660598,0</coordinates></Point></Placemark><Placemark><name>0.795</name><description>MANGUN JAYA - BTS. KAB. MURA</description><styleUrl>#pointStyle</styleUrl><Point><coordinates>103.57118863520289,-2.756627854194006,0</coordinates></Point></Placemark><Placemark><name>Rehab Mayor</name><description>Tipe: Rehab Mayor | Visual: Rusak Permukaan (Spot-spot) | Panjang: 195 m</description><styleUrl>#lineStyle7</styleUrl><LineString><tessellate>1</tessellate><extrude>0</extrude><altitudeMode>clampToGround</altitudeMode><coordinates>103.5720044,-2.75660598,0
103.57118863520289,-2.756627854194006,0</coordinates></LineString></Placemark><Style id="lineStyle8"><LineStyle><color>ffff0000</color><width>4</width></LineStyle></Style><Placemark><name>0.795</name><description>MANGUN JAYA - BTS. KAB. MURA</description><styleUrl>#pointStyle</styleUrl><Point><coordinates>103.57118863520289,-2.756627854194006,0</coordinates></Point></Placemark><Placemark><name>1</name><description>MANGUN JAYA - BTS. KAB. MURA</description><styleUrl>#pointStyle</styleUrl><Point><coordinates>103.568636,-2.7555853799999994,0</coordinates></Point></Placemark><Placemark><name>Non Efektif</name><description>Tipe: Non Efektif | Visual: Kondisi baik, sedikit atau tidak ada retak | Panjang: 205 m</description><styleUrl>#lineStyle8</styleUrl><LineString><tessellate>1</tessellate><extrude>0</extrude><altitudeMode>clampToGround</altitudeMode><coordinates>103.57118863520289,-2.756627854194006,0
103.568636,-2.7555853799999994,0</coordinates></LineString></Placemark><Style id="lineStyle9"><LineStyle><color>ff0000ff</color><width>4</width></LineStyle></Style><Placemark><name>2.112</name><description>MANGUN JAYA - BTS. KAB. MURA</description><styleUrl>#pointStyle</styleUrl><Point><coordinates>103.55989954760501,-2.7526981214429433,0</coordinates></Point></Placemark><Placemark><name>2.206</name><description>MANGUN JAYA - BTS. KAB. MURA</description><styleUrl>#pointStyle</styleUrl><Point><coordinates>103.55901587791425,-2.752893328716897,0</coordinates></Point></Placemark><Placemark><name>Rekonstruksi</name><description>Tipe: Rekonstruksi | Visual: Kerusakan parah, lubang besar dan permukaan jalan terkelupas | Panjang: 94 m</description><styleUrl>#lineStyle9</styleUrl><LineString><tessellate>1</tessellate><extrude>0</extrude><altitudeMode>clampToGround</altitudeMode><coordinates>103.55989954760501,-2.7526981214429433,0
103.55901587791425,-2.752893328716897,0</coordinates></LineString></Placemark><Style id="lineStyle10"><LineStyle><color>ffff0000</color><width>4</width></LineStyle></Style><Placemark><name>2.6</name><description>MANGUN JAYA - BTS. KAB. MURA</description><styleUrl>#pointStyle</styleUrl><Point><coordinates>103.55562420000001,-2.75408926,0</coordinates></Point></Placemark><Placemark><name>2.716</name><description>MANGUN JAYA - BTS. KAB. MURA</description><styleUrl>#pointStyle</styleUrl><Point><coordinates>103.5547511945844,-2.754233852649772,0</coordinates></Point></Placemark><Placemark><name>Non Efektif</name><description>Tipe: Non Efektif | Visual: Kondisi baik, sedikit atau tidak ada retak | Panjang: 116 m</description><styleUrl>#lineStyle10</styleUrl><LineString><tessellate>1</tessellate><extrude>0</extrude><altitudeMode>clampToGround</altitudeMode><coordinates>103.55562420000001,-2.75408926,0
103.5547511945844,-2.754233852649772,0</coordinates></LineString></Placemark><Style id="lineStyle11"><LineStyle><color>ff0000ff</color><width>4</width></LineStyle></Style><Placemark><name>2.716</name><description>MANGUN JAYA - BTS. KAB. MURA</description><styleUrl>#pointStyle</styleUrl><Point><coordinates>103.5547511945844,-2.754233852649772,0</coordinates></Point></Placemark><Placemark><name>2.861</name><description>MANGUN JAYA - BTS. KAB. MURA</description><styleUrl>#pointStyle</styleUrl><Point><coordinates>103.55389328992342,-2.7542679535087067,0</coordinates></Point></Placemark><Placemark><name>Rekonstruksi</name><description>Tipe: Rekonstruksi | Visual: None | Panjang: 145 m</description><styleUrl>#lineStyle11</styleUrl><LineString><tessellate>1</tessellate><extrude>0</extrude><altitudeMode>clampToGround</altitudeMode><coordinates>103.5547511945844,-2.754233852649772,0
103.55389328992342,-2.7542679535087067,0</coordinates></LineString></Placemark><Style id="lineStyle12"><LineStyle><color>ff00ffff</color><width>4</width></LineStyle></Style><Placemark><name>2.861</name><description>MANGUN JAYA - BTS. KAB. MURA</description><styleUrl>#pointStyle</styleUrl><Point><coordinates>103.55389328992342,-2.7542679535087067,0</coordinates></Point></Placemark><Placemark><name>3.138</name><description>MANGUN JAYA - BTS. KAB. MURA</description><styleUrl>#pointStyle</styleUrl><Point><coordinates>103.55121437501295,-2.754107985523094,0</coordinates></Point></Placemark><Placemark><name>Rehab Mayor</name><description>Tipe: Rehab Mayor | Visual: Rusak Permukaan (Spot-spot) | Panjang: 277 m</description><styleUrl>#lineStyle12</styleUrl><LineString><tessellate>1</tessellate><extrude>0</extrude><altitudeMode>clampToGround</altitudeMode><coordinates>103.55389328992342,-2.7542679535087067,0
103.55121437501295,-2.754107985523094,0</coordinates></LineString></Placemark><Style id="lineStyle13"><LineStyle><color>ff00ff00</color><width>4</width></LineStyle></Style><Placemark><name>3.138</name><description>MANGUN JAYA - BTS. KAB. MURA</description><styleUrl>#pointStyle</styleUrl><Point><coordinates>103.55121437501295,-2.754107985523094,0</coordinates></Point></Placemark><Placemark><name>3.2</name><description>MANGUN JAYA - BTS. KAB. MURA</description><styleUrl>#pointStyle</styleUrl><Point><coordinates>103.55045330000002,-2.7535669599999997,0</coordinates></Point></Placemark><Placemark><name>Rehab Minor</name><description>Tipe: Rehab Minor | Visual: Penyesesuaian Effektif | Panjang: 62 m</description><styleUrl>#lineStyle13</styleUrl><LineString><tessellate>1</tessellate><extrude>0</extrude><altitudeMode>clampToGround</altitudeMode><coordinates>103.55121437501295,-2.754107985523094,0
103.55045330000002,-2.7535669599999997,0</coordinates></LineString></Placemark><Style id="lineStyle14"><LineStyle><color>ff00ff00</color><width>4</width></LineStyle></Style><Placemark><name>3.2</name><description>MANGUN JAYA - BTS. KAB. MURA</description><styleUrl>#pointStyle</styleUrl><Point><coordinates>103.55045330000002,-2.7535669599999997,0</coordinates></Point></Placemark><Placemark><name>3.317</name><description>MANGUN JAYA - BTS. KAB. MURA</description><styleUrl>#pointStyle</styleUrl><Point><coordinates>103.54979266798534,-2.7529761846918555,0</coordinates></Point></Placemark><Placemark><name>Rehab Minor</name><description>Tipe: Rehab Minor | Visual: Penyesesuaian Effektif | Panjang: 117 m</description><styleUrl>#lineStyle14</styleUrl><LineString><tessellate>1</tessellate><extrude>0</extrude><altitudeMode>clampToGround</altitudeMode><coordinates>103.55045330000002,-2.7535669599999997,0
103.54979266798534,-2.7529761846918555,0</coordinates></LineString></Placemark><Style id="lineStyle15"><LineStyle><color>ff00ffff</color><width>4</width></LineStyle></Style><Placemark><name>3.496</name><description>MANGUN JAYA - BTS. KAB. MURA</description><styleUrl>#pointStyle</styleUrl><Point><coordinates>103.54913640055022,-2.7524649793249916,0</coordinates></Point></Placemark><Placemark><name>3.6</name><description>MANGUN JAYA - BTS. KAB. MURA</description><styleUrl>#pointStyle</styleUrl><Point><coordinates>103.54797229999998,-2.7509767999999997,0</coordinates></Point></Placemark><Placemark><name>Rehab Mayor</name><description>Tipe: Rehab Mayor | Visual: Rusak Permukaan (Spot-spot) | Panjang: 104 m</description><styleUrl>#lineStyle15</styleUrl><LineString><tessellate>1</tessellate><extrude>0</extrude><altitudeMode>clampToGround</altitudeMode><coordinates>103.54913640055022,-2.7524649793249916,0
103.54797229999998,-2.7509767999999997,0</coordinates></LineString></Placemark><Style id="lineStyle16"><LineStyle><color>ff00ffff</color><width>4</width></LineStyle></Style><Placemark><name>3.6</name><description>MANGUN JAYA - BTS. KAB. MURA</description><styleUrl>#pointStyle</styleUrl><Point><coordinates>103.54797229999998,-2.7509767999999997,0</coordinates></Point></Placemark><Placemark><name>3.8</name><description>MANGUN JAYA - BTS. KAB. MURA</description><styleUrl>#pointStyle</styleUrl><Point><coordinates>103.5469099,-2.74951726,0</coordinates></Point></Placemark><Placemark><name>Rehab Mayor</name><description>Tipe: Rehab Mayor | Visual: Rusak Permukaan (Spot-spot) | Panjang: 200 m</description><styleUrl>#lineStyle16</styleUrl><LineString><tessellate>1</tessellate><extrude>0</extrude><altitudeMode>clampToGround</altitudeMode><coordinates>103.54797229999998,-2.7509767999999997,0
103.5469099,-2.74951726,0</coordinates></LineString></Placemark><Style id="lineStyle17"><LineStyle><color>ff00ff00</color><width>4</width></LineStyle></Style><Placemark><name>3.8</name><description>MANGUN JAYA - BTS. KAB. MURA</description><styleUrl>#pointStyle</styleUrl><Point><coordinates>103.5469099,-2.74951726,0</coordinates></Point></Placemark><Placemark><name>3.9</name><description>MANGUN JAYA - BTS. KAB. MURA</description><styleUrl>#pointStyle</styleUrl><Point><coordinates>103.5463795,-2.74878691,0</coordinates></Point></Placemark><Placemark><name>Rehab Minor</name><description>Tipe: Rehab Minor | Visual: Aus Permukaan dan retak-ratak halus | Panjang: 100 m</description><styleUrl>#lineStyle17</styleUrl><LineString><tessellate>1</tessellate><extrude>0</extrude><altitudeMode>clampToGround</altitudeMode><coordinates>103.5469099,-2.74951726,0
103.5463795,-2.74878691,0</coordinates></LineString></Placemark><Style id="lineStyle18"><LineStyle><color>ff00ff00</color><width>4</width></LineStyle></Style><Placemark><name>3.9</name><description>MANGUN JAYA - BTS. KAB. MURA</description><styleUrl>#pointStyle</styleUrl><Point><coordinates>103.5463795,-2.74878691,0</coordinates></Point></Placemark><Placemark><name>3.979</name><description>MANGUN JAYA - BTS. KAB. MURA</description><styleUrl>#pointStyle</styleUrl><Point><coordinates>103.54642245359786,-2.7488435388227286,0</coordinates></Point></Placemark><Placemark><name>Rehab Minor</name><description>Tipe: Rehab Minor | Visual: Aus Permukaan dan retak-ratak halus | Panjang: 79 m</description><styleUrl>#lineStyle18</styleUrl><LineString><tessellate>1</tessellate><extrude>0</extrude><altitudeMode>clampToGround</altitudeMode><coordinates>103.5463795,-2.74878691,0
103.54642245359786,-2.7488435388227286,0</coordinates></LineString></Placemark><Style id="lineStyle19"><LineStyle><color>ffff0000</color><width>4</width></LineStyle></Style><Placemark><name>3.979</name><description>MANGUN JAYA - BTS. KAB. MURA</description><styleUrl>#pointStyle</styleUrl><Point><coordinates>103.54642245359786,-2.7488435388227286,0</coordinates></Point></Placemark><Placemark><name>4</name><description>MANGUN JAYA - BTS. KAB. MURA</description><styleUrl>#pointStyle</styleUrl><Point><coordinates>103.5458341,-2.7480678700000003,0</coordinates></Point></Placemark><Placemark><name>Non Efektif</name><description>Tipe: Non Efektif | Visual: Penyesuaian Koordinat | Panjang: 21 m</description><styleUrl>#lineStyle19</styleUrl><LineString><tessellate>1</tessellate><extrude>0</extrude><altitudeMode>clampToGround</altitudeMode><coordinates>103.54642245359786,-2.7488435388227286,0
103.5458341,-2.7480678700000003,0</coordinates></LineString></Placemark><Style id="lineStyle20"><LineStyle><color>ffff0000</color><width>4</width></LineStyle></Style><Placemark><name>6</name><description>MANGUN JAYA - BTS. KAB. MURA</description><styleUrl>#pointStyle</styleUrl><Point><coordinates>103.5304646,-2.73995949,0</coordinates></Point></Placemark><Placemark><name>6.075</name><description>MANGUN JAYA - BTS. KAB. MURA</description><styleUrl>#pointStyle</styleUrl><Point><coordinates>103.53052483376567,-2.739989978816686,0</coordinates></Point></Placemark><Placemark><name>Non Efektif</name><description>Tipe: Non Efektif | Visual: Kondisi baik, sedikit atau tidak ada retak | Panjang: 75 m</description><styleUrl>#lineStyle20</styleUrl><LineString><tessellate>1</tessellate><extrude>0</extrude><altitudeMode>clampToGround</altitudeMode><coordinates>103.5304646,-2.73995949,0
103.53052483376567,-2.739989978816686,0</coordinates></LineString></Placemark><Style id="lineStyle21"><LineStyle><color>ff00ffff</color><width>4</width></LineStyle></Style><Placemark><name>6.075</name><description>MANGUN JAYA - BTS. KAB. MURA</description><styleUrl>#pointStyle</styleUrl><Point><coordinates>103.53052483376567,-2.739989978816686,0</coordinates></Point></Placemark><Placemark><name>6.2</name><description>MANGUN JAYA - BTS. KAB. MURA</description><styleUrl>#pointStyle</styleUrl><Point><coordinates>103.52887,-2.7391230400000004,0</coordinates></Point></Placemark><Placemark><name>Rehab Mayor</name><description>Tipe: Rehab Mayor | Visual: Rusak Permukaan (Spot-spot) | Panjang: 125 m</description><styleUrl>#lineStyle21</styleUrl><LineString><tessellate>1</tessellate><extrude>0</extrude><altitudeMode>clampToGround</altitudeMode><coordinates>103.53052483376567,-2.739989978816686,0
103.52887,-2.7391230400000004,0</coordinates></LineString></Placemark><Style id="lineStyle22"><LineStyle><color>ff00ff00</color><width>4</width></LineStyle></Style><Placemark><name>6.2</name><description>MANGUN JAYA - BTS. KAB. MURA</description><styleUrl>#pointStyle</styleUrl><Point><coordinates>103.52887,-2.7391230400000004,0</coordinates></Point></Placemark><Placemark><name>6.25</name><description>MANGUN JAYA - BTS. KAB. MURA</description><styleUrl>#pointStyle</styleUrl><Point><coordinates>103.52890910808516,-2.73914531103219,0</coordinates></Point></Placemark><Placemark><name>Rehab Minor</name><description>Tipe: Rehab Minor | Visual: Aus Permukaan dan retak-ratak halus | Panjang: 50 m</description><styleUrl>#lineStyle22</styleUrl><LineString><tessellate>1</tessellate><extrude>0</extrude><altitudeMode>clampToGround</altitudeMode><coordinates>103.52887,-2.7391230400000004,0
103.52890910808516,-2.73914531103219,0</coordinates></LineString></Placemark><Style id="lineStyle23"><LineStyle><color>ff00ffff</color><width>4</width></LineStyle></Style><Placemark><name>6.25</name><description>MANGUN JAYA - BTS. KAB. MURA</description><styleUrl>#pointStyle</styleUrl><Point><coordinates>103.52890910808516,-2.73914531103219,0</coordinates></Point></Placemark><Placemark><name>6.306</name><description>MANGUN JAYA - BTS. KAB. MURA</description><styleUrl>#pointStyle</styleUrl><Point><coordinates>103.52809204161062,-2.7386801305604123,0</coordinates></Point></Placemark><Placemark><name>Rehab Mayor</name><description>Tipe: Rehab Mayor | Visual: Rusak Permukaan (Spot-spot) | Panjang: 56 m</description><styleUrl>#lineStyle23</styleUrl><LineString><tessellate>1</tessellate><extrude>0</extrude><altitudeMode>clampToGround</altitudeMode><coordinates>103.52890910808516,-2.73914531103219,0
103.52809204161062,-2.7386801305604123,0</coordinates></LineString></Placemark><Style id="lineStyle24"><LineStyle><color>ff00ff00</color><width>4</width></LineStyle></Style><Placemark><name>6.306</name><description>MANGUN JAYA - BTS. KAB. MURA</description><styleUrl>#pointStyle</styleUrl><Point><coordinates>103.52809204161062,-2.7386801305604123,0</coordinates></Point></Placemark><Placemark><name>6.354</name><description>MANGUN JAYA - BTS. KAB. MURA</description><styleUrl>#pointStyle</styleUrl><Point><coordinates>103.5281291744954,-2.738702215043064,0</coordinates></Point></Placemark><Placemark><name>Rehab Minor</name><description>Tipe: Rehab Minor | Visual: Aus Permukaan dan retak-ratak halus | Panjang: 48 m</description><styleUrl>#lineStyle24</styleUrl><LineString><tessellate>1</tessellate><extrude>0</extrude><altitudeMode>clampToGround</altitudeMode><coordinates>103.52809204161062,-2.7386801305604123,0
103.5281291744954,-2.738702215043064,0</coordinates></LineString></Placemark><Style id="lineStyle25"><LineStyle><color>ff00ffff</color><width>4</width></LineStyle></Style><Placemark><name>6.354</name><description>MANGUN JAYA - BTS. KAB. MURA</description><styleUrl>#pointStyle</styleUrl><Point><coordinates>103.5281291744954,-2.738702215043064,0</coordinates></Point></Placemark><Placemark><name>6.387</name><description>MANGUN JAYA - BTS. KAB. MURA</description><styleUrl>#pointStyle</styleUrl><Point><coordinates>103.52815470335374,-2.738717398124222,0</coordinates></Point></Placemark><Placemark><name>Rehab Mayor</name><description>Tipe: Rehab Mayor | Visual: Rusak Permukaan (Spot-spot) | Panjang: 33 m</description><styleUrl>#lineStyle25</styleUrl><LineString><tessellate>1</tessellate><extrude>0</extrude><altitudeMode>clampToGround</altitudeMode><coordinates>103.5281291744954,-2.738702215043064,0
103.52815470335374,-2.738717398124222,0</coordinates></LineString></Placemark><Style id="lineStyle26"><LineStyle><color>ff00ffff</color><width>4</width></LineStyle></Style><Placemark><name>6.387</name><description>MANGUN JAYA - BTS. KAB. MURA</description><styleUrl>#pointStyle</styleUrl><Point><coordinates>103.52815470335374,-2.738717398124222,0</coordinates></Point></Placemark><Placemark><name>6.495</name><description>MANGUN JAYA - BTS. KAB. MURA</description><styleUrl>#pointStyle</styleUrl><Point><coordinates>103.52737961853948,-2.738271117220882,0</coordinates></Point></Placemark><Placemark><name>Rehab Mayor</name><description>Tipe: Rehab Mayor | Visual: Rusak Permukaan (Spot-spot) | Panjang: 108 m</description><styleUrl>#lineStyle26</styleUrl><LineString><tessellate>1</tessellate><extrude>0</extrude><altitudeMode>clampToGround</altitudeMode><coordinates>103.52815470335374,-2.738717398124222,0
103.52737961853948,-2.738271117220882,0</coordinates></LineString></Placemark><Style id="lineStyle27"><LineStyle><color>ff00ffff</color><width>4</width></LineStyle></Style><Placemark><name>6.495</name><description>MANGUN JAYA - BTS. KAB. MURA</description><styleUrl>#pointStyle</styleUrl><Point><coordinates>103.52737961853948,-2.738271117220882,0</coordinates></Point></Placemark><Placemark><name>6.515</name><description>MANGUN JAYA - BTS. KAB. MURA</description><styleUrl>#pointStyle</styleUrl><Point><coordinates>103.52662588460446,-2.7376606987063217,0</coordinates></Point></Placemark><Placemark><name>Rehab Mayor</name><description>Tipe: Rehab Mayor | Visual: Rusak Permukaan (Spot-spot) | Panjang: 20 m</description><styleUrl>#lineStyle27</styleUrl><LineString><tessellate>1</tessellate><extrude>0</extrude><altitudeMode>clampToGround</altitudeMode><coordinates>103.52737961853948,-2.738271117220882,0
103.52662588460446,-2.7376606987063217,0</coordinates></LineString></Placemark><Style id="lineStyle28"><LineStyle><color>ff00ff00</color><width>4</width></LineStyle></Style><Placemark><name>6.515</name><description>MANGUN JAYA - BTS. KAB. MURA</description><styleUrl>#pointStyle</styleUrl><Point><coordinates>103.52662588460446,-2.7376606987063217,0</coordinates></Point></Placemark><Placemark><name>6.625</name><description>MANGUN JAYA - BTS. KAB. MURA</description><styleUrl>#pointStyle</styleUrl><Point><coordinates>103.52613112843596,-2.7369189757354944,0</coordinates></Point></Placemark><Placemark><name>Rehab Minor</name><description>Tipe: Rehab Minor | Visual: Aus Permukaan dan retak-ratak halus | Panjang: 110 m</description><styleUrl>#lineStyle28</styleUrl><LineString><tessellate>1</tessellate><extrude>0</extrude><altitudeMode>clampToGround</altitudeMode><coordinates>103.52662588460446,-2.7376606987063217,0
103.52613112843596,-2.7369189757354944,0</coordinates></LineString></Placemark><Style id="lineStyle29"><LineStyle><color>ff00ffff</color><width>4</width></LineStyle></Style><Placemark><name>6.625</name><description>MANGUN JAYA - BTS. KAB. MURA</description><styleUrl>#pointStyle</styleUrl><Point><coordinates>103.52613112843596,-2.7369189757354944,0</coordinates></Point></Placemark><Placemark><name>6.65</name><description>MANGUN JAYA - BTS. KAB. MURA</description><styleUrl>#pointStyle</styleUrl><Point><coordinates>103.52614335687193,-2.7369378514708633,0</coordinates></Point></Placemark><Placemark><name>Rehab Mayor</name><description>Tipe: Rehab Mayor | Visual: Rusak Permukaan (Spot-spot) | Panjang: 25 m</description><styleUrl>#lineStyle29</styleUrl><LineString><tessellate>1</tessellate><extrude>0</extrude><altitudeMode>clampToGround</altitudeMode><coordinates>103.52613112843596,-2.7369189757354944,0
103.52614335687193,-2.7369378514708633,0</coordinates></LineString></Placemark><Style id="lineStyle30"><LineStyle><color>ff00ff00</color><width>4</width></LineStyle></Style><Placemark><name>6.65</name><description>MANGUN JAYA - BTS. KAB. MURA</description><styleUrl>#pointStyle</styleUrl><Point><coordinates>103.52614335687193,-2.7369378514708633,0</coordinates></Point></Placemark><Placemark><name>6.675</name><description>MANGUN JAYA - BTS. KAB. MURA</description><styleUrl>#pointStyle</styleUrl><Point><coordinates>103.52615558530792,-2.7369567272061084,0</coordinates></Point></Placemark><Placemark><name>Rehab Minor</name><description>Tipe: Rehab Minor | Visual: Aus Permukaan dan retak-ratak halus | Panjang: 25 m</description><styleUrl>#lineStyle30</styleUrl><LineString><tessellate>1</tessellate><extrude>0</extrude><altitudeMode>clampToGround</altitudeMode><coordinates>103.52614335687193,-2.7369378514708633,0
103.52615558530792,-2.7369567272061084,0</coordinates></LineString></Placemark><Style id="lineStyle31"><LineStyle><color>ff00ffff</color><width>4</width></LineStyle></Style><Placemark><name>6.675</name><description>MANGUN JAYA - BTS. KAB. MURA</description><styleUrl>#pointStyle</styleUrl><Point><coordinates>103.52615558530792,-2.7369567272061084,0</coordinates></Point></Placemark><Placemark><name>6.689</name><description>MANGUN JAYA - BTS. KAB. MURA</description><styleUrl>#pointStyle</styleUrl><Point><coordinates>103.52616243323206,-2.7369672976177903,0</coordinates></Point></Placemark><Placemark><name>Rehab Mayor</name><description>Tipe: Rehab Mayor | Visual: Rusak Permukaan (Spot-spot) | Panjang: 14 m</description><styleUrl>#lineStyle31</styleUrl><LineString><tessellate>1</tessellate><extrude>0</extrude><altitudeMode>clampToGround</altitudeMode><coordinates>103.52615558530792,-2.7369567272061084,0
103.52616243323206,-2.7369672976177903,0</coordinates></LineString></Placemark><Style id="lineStyle32"><LineStyle><color>ff00ff00</color><width>4</width></LineStyle></Style><Placemark><name>6.689</name><description>MANGUN JAYA - BTS. KAB. MURA</description><styleUrl>#pointStyle</styleUrl><Point><coordinates>103.52616243323206,-2.7369672976177903,0</coordinates></Point></Placemark><Placemark><name>6.78</name><description>MANGUN JAYA - BTS. KAB. MURA</description><styleUrl>#pointStyle</styleUrl><Point><coordinates>103.52566825013254,-2.7362020141129952,0</coordinates></Point></Placemark><Placemark><name>Rehab Minor</name><description>Tipe: Rehab Minor | Visual: Aus Permukaan dan retak-ratak halus | Panjang: 91 m</description><styleUrl>#lineStyle32</styleUrl><LineString><tessellate>1</tessellate><extrude>0</extrude><altitudeMode>clampToGround</altitudeMode><coordinates>103.52616243323206,-2.7369672976177903,0
103.52566825013254,-2.7362020141129952,0</coordinates></LineString></Placemark><Style id="lineStyle33"><LineStyle><color>ff00ff00</color><width>4</width></LineStyle></Style><Placemark><name>9.175</name><description>MANGUN JAYA - BTS. KAB. MURA</description><styleUrl>#pointStyle</styleUrl><Point><coordinates>103.5096563837251,-2.7247258884622036,0</coordinates></Point></Placemark><Placemark><name>9.2</name><description>MANGUN JAYA - BTS. KAB. MURA</description><styleUrl>#pointStyle</styleUrl><Point><coordinates>103.508727,-2.72499348,0</coordinates></Point></Placemark><Placemark><name>Rehab Minor</name><description>Tipe: Rehab Minor | Visual: Aus Permukaan dan retak-ratak halus | Panjang: 25 m</description><styleUrl>#lineStyle33</styleUrl><LineString><tessellate>1</tessellate><extrude>0</extrude><altitudeMode>clampToGround</altitudeMode><coordinates>103.5096563837251,-2.7247258884622036,0
103.508727,-2.72499348,0</coordinates></LineString></Placemark><Style id="lineStyle34"><LineStyle><color>ff00ff00</color><width>4</width></LineStyle></Style><Placemark><name>9.2</name><description>MANGUN JAYA - BTS. KAB. MURA</description><styleUrl>#pointStyle</styleUrl><Point><coordinates>103.508727,-2.72499348,0</coordinates></Point></Placemark><Placemark><name>9.305</name><description>MANGUN JAYA - BTS. KAB. MURA</description><styleUrl>#pointStyle</styleUrl><Point><coordinates>103.5078572810136,-2.7252028094277243,0</coordinates></Point></Placemark><Placemark><name>Rehab Minor</name><description>Tipe: Rehab Minor | Visual: Aus Permukaan dan retak-ratak halus | Panjang: 105 m</description><styleUrl>#lineStyle34</styleUrl><LineString><tessellate>1</tessellate><extrude>0</extrude><altitudeMode>clampToGround</altitudeMode><coordinates>103.508727,-2.72499348,0
103.5078572810136,-2.7252028094277243,0</coordinates></LineString></Placemark><Style id="lineStyle35"><LineStyle><color>ffff0000</color><width>4</width></LineStyle></Style><Placemark><name>9.305</name><description>MANGUN JAYA - BTS. KAB. MURA</description><styleUrl>#pointStyle</styleUrl><Point><coordinates>103.5078572810136,-2.7252028094277243,0</coordinates></Point></Placemark><Placemark><name>9.4</name><description>MANGUN JAYA - BTS. KAB. MURA</description><styleUrl>#pointStyle</styleUrl><Point><coordinates>103.506958,-2.72528922,0</coordinates></Point></Placemark><Placemark><name>Non Efektif</name><description>Tipe: Non Efektif | Visual: None | Panjang: 95 m</description><styleUrl>#lineStyle35</styleUrl><LineString><tessellate>1</tessellate><extrude>0</extrude><altitudeMode>clampToGround</altitudeMode><coordinates>103.5078572810136,-2.7252028094277243,0
103.506958,-2.72528922,0</coordinates></LineString></Placemark><Style id="lineStyle36"><LineStyle><color>ff00ff00</color><width>4</width></LineStyle></Style><Placemark><name>9.4</name><description>MANGUN JAYA - BTS. KAB. MURA</description><styleUrl>#pointStyle</styleUrl><Point><coordinates>103.506958,-2.72528922,0</coordinates></Point></Placemark><Placemark><name>9.5</name><description>MANGUN JAYA - BTS. KAB. MURA</description><styleUrl>#pointStyle</styleUrl><Point><coordinates>103.5060613,-2.72525187,0</coordinates></Point></Placemark><Placemark><name>Rehab Minor</name><description>Tipe: Rehab Minor | Visual: Aus Permukaan dan retak-ratak halus | Panjang: 100 m</description><styleUrl>#lineStyle36</styleUrl><LineString><tessellate>1</tessellate><extrude>0</extrude><altitudeMode>clampToGround</altitudeMode><coordinates>103.506958,-2.72528922,0
103.5060613,-2.72525187,0</coordinates></LineString></Placemark><Style id="lineStyle37"><LineStyle><color>ffff0000</color><width>4</width></LineStyle></Style><Placemark><name>10.9</name><description>MANGUN JAYA - BTS. KAB. MURA</description><styleUrl>#pointStyle</styleUrl><Point><coordinates>103.4941799,-2.72131558,0</coordinates></Point></Placemark><Placemark><name>10.92</name><description>MANGUN JAYA - BTS. KAB. MURA</description><styleUrl>#pointStyle</styleUrl><Point><coordinates>103.49419682885681,-2.7213217095643496,0</coordinates></Point></Placemark><Placemark><name>Non Efektif</name><description>Tipe: Non Efektif | Visual: Kondisi baik, sedikit atau tidak ada retak | Panjang: 20 m</description><styleUrl>#lineStyle37</styleUrl><LineString><tessellate>1</tessellate><extrude>0</extrude><altitudeMode>clampToGround</altitudeMode><coordinates>103.4941799,-2.72131558,0
103.49419682885681,-2.7213217095643496,0</coordinates></LineString></Placemark><Style id="lineStyle38"><LineStyle><color>ff00ffff</color><width>4</width></LineStyle></Style><Placemark><name>10.92</name><description>MANGUN JAYA - BTS. KAB. MURA</description><styleUrl>#pointStyle</styleUrl><Point><coordinates>103.49419682885681,-2.7213217095643496,0</coordinates></Point></Placemark><Placemark><name>10.98</name><description>MANGUN JAYA - BTS. KAB. MURA</description><styleUrl>#pointStyle</styleUrl><Point><coordinates>103.49424761542723,-2.7213400982559746,0</coordinates></Point></Placemark><Placemark><name>Rehab Mayor</name><description>Tipe: Rehab Mayor | Visual: Rusak Permukaan (Spot-spot) | Panjang: 60 m</description><styleUrl>#lineStyle38</styleUrl><LineString><tessellate>1</tessellate><extrude>0</extrude><altitudeMode>clampToGround</altitudeMode><coordinates>103.49419682885681,-2.7213217095643496,0
103.49424761542723,-2.7213400982559746,0</coordinates></LineString></Placemark><Style id="lineStyle39"><LineStyle><color>ff0000ff</color><width>4</width></LineStyle></Style><Placemark><name>10.98</name><description>MANGUN JAYA - BTS. KAB. MURA</description><styleUrl>#pointStyle</styleUrl><Point><coordinates>103.49424761542723,-2.7213400982559746,0</coordinates></Point></Placemark><Placemark><name>11.017</name><description>MANGUN JAYA - BTS. KAB. MURA</description><styleUrl>#pointStyle</styleUrl><Point><coordinates>103.49334835646152,-2.72101359561908,0</coordinates></Point></Placemark><Placemark><name>Rekonstruksi</name><description>Tipe: Rekonstruksi | Visual: Kerusakan parah, lubang besar dan permukaan jalan terkelupas | Panjang: 37 m</description><styleUrl>#lineStyle39</styleUrl><LineString><tessellate>1</tessellate><extrude>0</extrude><altitudeMode>clampToGround</altitudeMode><coordinates>103.49424761542723,-2.7213400982559746,0
103.49334835646152,-2.72101359561908,0</coordinates></LineString></Placemark><Style id="lineStyle40"><LineStyle><color>ff00ffff</color><width>4</width></LineStyle></Style><Placemark><name>11.017</name><description>MANGUN JAYA - BTS. KAB. MURA</description><styleUrl>#pointStyle</styleUrl><Point><coordinates>103.49334835646152,-2.72101359561908,0</coordinates></Point></Placemark><Placemark><name>11.1</name><description>MANGUN JAYA - BTS. KAB. MURA</description><styleUrl>#pointStyle</styleUrl><Point><coordinates>103.49247210000001,-2.7207502,0</coordinates></Point></Placemark><Placemark><name>Rehab Mayor</name><description>Tipe: Rehab Mayor | Visual: Rusak Permukaan (Spot-spot) | Panjang: 83 m</description><styleUrl>#lineStyle40</styleUrl><LineString><tessellate>1</tessellate><extrude>0</extrude><altitudeMode>clampToGround</altitudeMode><coordinates>103.49334835646152,-2.72101359561908,0
103.49247210000001,-2.7207502,0</coordinates></LineString></Placemark><Style id="lineStyle41"><LineStyle><color>ff00ffff</color><width>4</width></LineStyle></Style><Placemark><name>11.1</name><description>MANGUN JAYA - BTS. KAB. MURA</description><styleUrl>#pointStyle</styleUrl><Point><coordinates>103.49247210000001,-2.7207502,0</coordinates></Point></Placemark><Placemark><name>11.125</name><description>MANGUN JAYA - BTS. KAB. MURA</description><styleUrl>#pointStyle</styleUrl><Point><coordinates>103.49249401991187,-2.720755307562452,0</coordinates></Point></Placemark><Placemark><name>Rehab Mayor</name><description>Tipe: Rehab Mayor | Visual: Penyesuaian Koordinat dan Stationing | Panjang: 25 m</description><styleUrl>#lineStyle41</styleUrl><LineString><tessellate>1</tessellate><extrude>0</extrude><altitudeMode>clampToGround</altitudeMode><coordinates>103.49247210000001,-2.7207502,0
103.49249401991187,-2.720755307562452,0</coordinates></LineString></Placemark><Style id="lineStyle42"><LineStyle><color>ffff0000</color><width>4</width></LineStyle></Style><Placemark><name>11.9</name><description>MANGUN JAYA - BTS. KAB. MURA</description><styleUrl>#pointStyle</styleUrl><Point><coordinates>103.4863603,-2.72366086,0</coordinates></Point></Placemark><Placemark><name>12</name><description>MANGUN JAYA - BTS. KAB. MURA</description><styleUrl>#pointStyle</styleUrl><Point><coordinates>103.4858485,-2.724401060000001,0</coordinates></Point></Placemark><Placemark><name>Non Efektif</name><description>Tipe: Non Efektif | Visual: Kondisi baik, sedikit atau tidak ada retak | Panjang: 100 m</description><styleUrl>#lineStyle42</styleUrl><LineString><tessellate>1</tessellate><extrude>0</extrude><altitudeMode>clampToGround</altitudeMode><coordinates>103.4863603,-2.72366086,0
103.4858485,-2.724401060000001,0</coordinates></LineString></Placemark><Style id="lineStyle43"><LineStyle><color>ff00ff00</color><width>4</width></LineStyle></Style><Placemark><name>12</name><description>MANGUN JAYA - BTS. KAB. MURA</description><styleUrl>#pointStyle</styleUrl><Point><coordinates>103.4858485,-2.724401060000001,0</coordinates></Point></Placemark><Placemark><name>12.1</name><description>MANGUN JAYA - BTS. KAB. MURA</description><styleUrl>#pointStyle</styleUrl><Point><coordinates>103.4854487,-2.7252106600000006,0</coordinates></Point></Placemark><Placemark><name>Rehab Minor</name><description>Tipe: Rehab Minor | Visual: Aus Permukaan dan retak-ratak halus | Panjang: 100 m</description><styleUrl>#lineStyle43</styleUrl><LineString><tessellate>1</tessellate><extrude>0</extrude><altitudeMode>clampToGround</altitudeMode><coordinates>103.4858485,-2.724401060000001,0
103.4854487,-2.7252106600000006,0</coordinates></LineString></Placemark><Style id="lineStyle44"><LineStyle><color>ffff0000</color><width>4</width></LineStyle></Style><Placemark><name>12.4</name><description>MANGUN JAYA - BTS. KAB. MURA</description><styleUrl>#pointStyle</styleUrl><Point><coordinates>103.48483680000001,-2.72780656,0</coordinates></Point></Placemark><Placemark><name>12.475</name><description>MANGUN JAYA - BTS. KAB. MURA</description><styleUrl>#pointStyle</styleUrl><Point><coordinates>103.48485854344034,-2.7277427033051262,0</coordinates></Point></Placemark><Placemark><name>Non Efektif</name><description>Tipe: Non Efektif | Visual: Kondisi baik, sedikit atau tidak ada retak | Panjang: 75 m</description><styleUrl>#lineStyle44</styleUrl><LineString><tessellate>1</tessellate><extrude>0</extrude><altitudeMode>clampToGround</altitudeMode><coordinates>103.48483680000001,-2.72780656,0
103.48485854344034,-2.7277427033051262,0</coordinates></LineString></Placemark><Style id="lineStyle45"><LineStyle><color>ff00ff00</color><width>4</width></LineStyle></Style><Placemark><name>12.475</name><description>MANGUN JAYA - BTS. KAB. MURA</description><styleUrl>#pointStyle</styleUrl><Point><coordinates>103.48485854344034,-2.7277427033051262,0</coordinates></Point></Placemark><Placemark><name>12.5</name><description>MANGUN JAYA - BTS. KAB. MURA</description><styleUrl>#pointStyle</styleUrl><Point><coordinates>103.4845457,-2.72866147,0</coordinates></Point></Placemark><Placemark><name>Rehab Minor</name><description>Tipe: Rehab Minor | Visual: Aus Permukaan dan retak-ratak halus | Panjang: 25 m</description><styleUrl>#lineStyle45</styleUrl><LineString><tessellate>1</tessellate><extrude>0</extrude><altitudeMode>clampToGround</altitudeMode><coordinates>103.48485854344034,-2.7277427033051262,0
103.4845457,-2.72866147,0</coordinates></LineString></Placemark><Style id="lineStyle46"><LineStyle><color>ff00ff00</color><width>4</width></LineStyle></Style><Placemark><name>12.5</name><description>MANGUN JAYA - BTS. KAB. MURA</description><styleUrl>#pointStyle</styleUrl><Point><coordinates>103.4845457,-2.72866147,0</coordinates></Point></Placemark><Placemark><name>12.6</name><description>MANGUN JAYA - BTS. KAB. MURA</description><styleUrl>#pointStyle</styleUrl><Point><coordinates>103.4842167,-2.72950318,0</coordinates></Point></Placemark><Placemark><name>Rehab Minor</name><description>Tipe: Rehab Minor | Visual: Aus Permukaan dan retak-ratak halus | Panjang: 100 m</description><styleUrl>#lineStyle46</styleUrl><LineString><tessellate>1</tessellate><extrude>0</extrude><altitudeMode>clampToGround</altitudeMode><coordinates>103.4845457,-2.72866147,0
103.4842167,-2.72950318,0</coordinates></LineString></Placemark><Style id="lineStyle47"><LineStyle><color>ff00ff00</color><width>4</width></LineStyle></Style><Placemark><name>12.6</name><description>MANGUN JAYA - BTS. KAB. MURA</description><styleUrl>#pointStyle</styleUrl><Point><coordinates>103.4842167,-2.72950318,0</coordinates></Point></Placemark><Placemark><name>12.883</name><description>MANGUN JAYA - BTS. KAB. MURA</description><styleUrl>#pointStyle</styleUrl><Point><coordinates>103.48361534945955,-2.7311283282434053,0</coordinates></Point></Placemark><Placemark><name>Rehab Minor</name><description>Tipe: Rehab Minor | Visual: Aus Permukaan dan retak-ratak halus | Panjang: 283 m</description><styleUrl>#lineStyle47</styleUrl><LineString><tessellate>1</tessellate><extrude>0</extrude><altitudeMode>clampToGround</altitudeMode><coordinates>103.4842167,-2.72950318,0
103.48361534945955,-2.7311283282434053,0</coordinates></LineString></Placemark><Style id="lineStyle48"><LineStyle><color>ffff0000</color><width>4</width></LineStyle></Style><Placemark><name>12.883</name><description>MANGUN JAYA - BTS. KAB. MURA</description><styleUrl>#pointStyle</styleUrl><Point><coordinates>103.48361534945955,-2.7311283282434053,0</coordinates></Point></Placemark><Placemark><name>12.9</name><description>MANGUN JAYA - BTS. KAB. MURA</description><styleUrl>#pointStyle</styleUrl><Point><coordinates>103.483274,-2.7320451000000006,0</coordinates></Point></Placemark><Placemark><name>Non Efektif</name><description>Tipe: Non Efektif | Visual: Penyesuaian Koordinat dan Stationing | Panjang: 17 m</description><styleUrl>#lineStyle48</styleUrl><LineString><tessellate>1</tessellate><extrude>0</extrude><altitudeMode>clampToGround</altitudeMode><coordinates>103.48361534945955,-2.7311283282434053,0
103.483274,-2.7320451000000006,0</coordinates></LineString></Placemark><Style id="lineStyle49"><LineStyle><color>ff00ff00</color><width>4</width></LineStyle></Style><Placemark><name>13.391</name><description>MANGUN JAYA - BTS. KAB. MURA</description><styleUrl>#pointStyle</styleUrl><Point><coordinates>103.48068493785166,-2.7342713363510933,0</coordinates></Point></Placemark><Placemark><name>13.4</name><description>MANGUN JAYA - BTS. KAB. MURA</description><styleUrl>#pointStyle</styleUrl><Point><coordinates>103.479714,-2.7344073200000003,0</coordinates></Point></Placemark><Placemark><name>Rehab Minor</name><description>Tipe: Rehab Minor | Visual: Penyesesuaian Effektif | Panjang: 9 m</description><styleUrl>#lineStyle49</styleUrl><LineString><tessellate>1</tessellate><extrude>0</extrude><altitudeMode>clampToGround</altitudeMode><coordinates>103.48068493785166,-2.7342713363510933,0
103.479714,-2.7344073200000003,0</coordinates></LineString></Placemark><Style id="lineStyle50"><LineStyle><color>ff00ff00</color><width>4</width></LineStyle></Style><Placemark><name>13.4</name><description>MANGUN JAYA - BTS. KAB. MURA</description><styleUrl>#pointStyle</styleUrl><Point><coordinates>103.479714,-2.7344073200000003,0</coordinates></Point></Placemark><Placemark><name>13.5</name><description>MANGUN JAYA - BTS. KAB. MURA</description><styleUrl>#pointStyle</styleUrl><Point><coordinates>103.47882620000001,-2.73454751,0</coordinates></Point></Placemark><Placemark><name>Rehab Minor</name><description>Tipe: Rehab Minor | Visual: Aus Permukaan dan retak-ratak halus | Panjang: 100 m</description><styleUrl>#lineStyle50</styleUrl><LineString><tessellate>1</tessellate><extrude>0</extrude><altitudeMode>clampToGround</altitudeMode><coordinates>103.479714,-2.7344073200000003,0
103.47882620000001,-2.73454751,0</coordinates></LineString></Placemark><Style id="lineStyle51"><LineStyle><color>ffff0000</color><width>4</width></LineStyle></Style><Placemark><name>14.4</name><description>MANGUN JAYA - BTS. KAB. MURA</description><styleUrl>#pointStyle</styleUrl><Point><coordinates>103.4708733,-2.73347974,0</coordinates></Point></Placemark><Placemark><name>14.625</name><description>MANGUN JAYA - BTS. KAB. MURA</description><styleUrl>#pointStyle</styleUrl><Point><coordinates>103.46942936005964,-2.7324505703370945,0</coordinates></Point></Placemark><Placemark><name>Non Efektif</name><description>Tipe: Non Efektif | Visual: Kondisi baik, sedikit atau tidak ada retak | Panjang: 225 m</description><styleUrl>#lineStyle51</styleUrl><LineString><tessellate>1</tessellate><extrude>0</extrude><altitudeMode>clampToGround</altitudeMode><coordinates>103.4708733,-2.73347974,0
103.46942936005964,-2.7324505703370945,0</coordinates></LineString></Placemark><Style id="lineStyle52"><LineStyle><color>ff00ffff</color><width>4</width></LineStyle></Style><Placemark><name>14.625</name><description>MANGUN JAYA - BTS. KAB. MURA</description><styleUrl>#pointStyle</styleUrl><Point><coordinates>103.46942936005964,-2.7324505703370945,0</coordinates></Point></Placemark><Placemark><name>14.7</name><description>MANGUN JAYA - BTS. KAB. MURA</description><styleUrl>#pointStyle</styleUrl><Point><coordinates>103.46876550000002,-2.73180765,0</coordinates></Point></Placemark><Placemark><name>Rehab Mayor</name><description>Tipe: Rehab Mayor | Visual: Rusak Permukaan (Spot-spot) | Panjang: 75 m</description><styleUrl>#lineStyle52</styleUrl><LineString><tessellate>1</tessellate><extrude>0</extrude><altitudeMode>clampToGround</altitudeMode><coordinates>103.46942936005964,-2.7324505703370945,0
103.46876550000002,-2.73180765,0</coordinates></LineString></Placemark><Style id="lineStyle53"><LineStyle><color>ff00ffff</color><width>4</width></LineStyle></Style><Placemark><name>14.7</name><description>MANGUN JAYA - BTS. KAB. MURA</description><styleUrl>#pointStyle</styleUrl><Point><coordinates>103.46876550000002,-2.73180765,0</coordinates></Point></Placemark><Placemark><name>14.925</name><description>MANGUN JAYA - BTS. KAB. MURA</description><styleUrl>#pointStyle</styleUrl><Point><coordinates>103.46764151535979,-2.730428798628057,0</coordinates></Point></Placemark><Placemark><name>Rehab Mayor</name><description>Tipe: Rehab Mayor | Visual: Rusak Permukaan (Spot-spot) | Panjang: 225 m</description><styleUrl>#lineStyle53</styleUrl><LineString><tessellate>1</tessellate><extrude>0</extrude><altitudeMode>clampToGround</altitudeMode><coordinates>103.46876550000002,-2.73180765,0
103.46764151535979,-2.730428798628057,0</coordinates></LineString></Placemark><Style id="lineStyle54"><LineStyle><color>ffff0000</color><width>4</width></LineStyle></Style><Placemark><name>16.2</name><description>MANGUN JAYA - BTS. KAB. MURA</description><styleUrl>#pointStyle</styleUrl><Point><coordinates>103.4595303,-2.7259448400000004,0</coordinates></Point></Placemark><Placemark><name>16.27</name><description>MANGUN JAYA - BTS. KAB. MURA</description><styleUrl>#pointStyle</styleUrl><Point><coordinates>103.45956599579827,-2.725892958299293,0</coordinates></Point></Placemark><Placemark><name>Non Efektif</name><description>Tipe: Non Efektif | Visual: Kondisi baik, sedikit atau tidak ada retak | Panjang: 70 m</description><styleUrl>#lineStyle54</styleUrl><LineString><tessellate>1</tessellate><extrude>0</extrude><altitudeMode>clampToGround</altitudeMode><coordinates>103.4595303,-2.7259448400000004,0
103.45956599579827,-2.725892958299293,0</coordinates></LineString></Placemark><Style id="lineStyle55"><LineStyle><color>ff00ffff</color><width>4</width></LineStyle></Style><Placemark><name>16.27</name><description>MANGUN JAYA - BTS. KAB. MURA</description><styleUrl>#pointStyle</styleUrl><Point><coordinates>103.45956599579827,-2.725892958299293,0</coordinates></Point></Placemark><Placemark><name>16.345</name><description>MANGUN JAYA - BTS. KAB. MURA</description><styleUrl>#pointStyle</styleUrl><Point><coordinates>103.45904481827579,-2.7266574820353355,0</coordinates></Point></Placemark><Placemark><name>Rehab Mayor</name><description>Tipe: Rehab Mayor | Visual: Rusak Permukaan (Spot-spot) | Panjang: 75 m</description><styleUrl>#lineStyle55</styleUrl><LineString><tessellate>1</tessellate><extrude>0</extrude><altitudeMode>clampToGround</altitudeMode><coordinates>103.45956599579827,-2.725892958299293,0
103.45904481827579,-2.7266574820353355,0</coordinates></LineString></Placemark><Style id="lineStyle56"><LineStyle><color>ff0000ff</color><width>4</width></LineStyle></Style><Placemark><name>16.345</name><description>MANGUN JAYA - BTS. KAB. MURA</description><styleUrl>#pointStyle</styleUrl><Point><coordinates>103.45904481827579,-2.7266574820353355,0</coordinates></Point></Placemark><Placemark><name>16.4</name><description>MANGUN JAYA - BTS. KAB. MURA</description><styleUrl>#pointStyle</styleUrl><Point><coordinates>103.4584368,-2.7273777,0</coordinates></Point></Placemark><Placemark><name>Rekonstruksi</name><description>Tipe: Rekonstruksi | Visual: Kerusakan parah, lubang besar dan permukaan jalan terkelupas | Panjang: 55 m</description><styleUrl>#lineStyle56</styleUrl><LineString><tessellate>1</tessellate><extrude>0</extrude><altitudeMode>clampToGround</altitudeMode><coordinates>103.45904481827579,-2.7266574820353355,0
103.4584368,-2.7273777,0</coordinates></LineString></Placemark><Style id="lineStyle57"><LineStyle><color>ff00ff00</color><width>4</width></LineStyle></Style><Placemark><name>16.4</name><description>MANGUN JAYA - BTS. KAB. MURA</description><styleUrl>#pointStyle</styleUrl><Point><coordinates>103.4584368,-2.7273777,0</coordinates></Point></Placemark><Placemark><name>16.489</name><description>MANGUN JAYA - BTS. KAB. MURA</description><styleUrl>#pointStyle</styleUrl><Point><coordinates>103.45849186354575,-2.7273195518066093,0</coordinates></Point></Placemark><Placemark><name>Rehab Minor</name><description>Tipe: Rehab Minor | Visual: Aus Permukaan dan retak-ratak halus | Panjang: 89 m</description><styleUrl>#lineStyle57</styleUrl><LineString><tessellate>1</tessellate><extrude>0</extrude><altitudeMode>clampToGround</altitudeMode><coordinates>103.4584368,-2.7273777,0
103.45849186354575,-2.7273195518066093,0</coordinates></LineString></Placemark><Style id="lineStyle58"><LineStyle><color>ff00ffff</color><width>4</width></LineStyle></Style><Placemark><name>16.65</name><description>MANGUN JAYA - BTS. KAB. MURA</description><styleUrl>#pointStyle</styleUrl><Point><coordinates>103.45705899915163,-2.728426770474702,0</coordinates></Point></Placemark><Placemark><name>16.7</name><description>MANGUN JAYA - BTS. KAB. MURA</description><styleUrl>#pointStyle</styleUrl><Point><coordinates>103.45621460000001,-2.7288519100000004,0</coordinates></Point></Placemark><Placemark><name>Rehab Mayor</name><description>Tipe: Rehab Mayor | Visual: Rusak Permukaan (Spot-spot) | Panjang: 50 m</description><styleUrl>#lineStyle58</styleUrl><LineString><tessellate>1</tessellate><extrude>0</extrude><altitudeMode>clampToGround</altitudeMode><coordinates>103.45705899915163,-2.728426770474702,0
103.45621460000001,-2.7288519100000004,0</coordinates></LineString></Placemark><Style id="lineStyle59"><LineStyle><color>ff00ffff</color><width>4</width></LineStyle></Style><Placemark><name>16.7</name><description>MANGUN JAYA - BTS. KAB. MURA</description><styleUrl>#pointStyle</styleUrl><Point><coordinates>103.45621460000001,-2.7288519100000004,0</coordinates></Point></Placemark><Placemark><name>17</name><description>MANGUN JAYA - BTS. KAB. MURA</description><styleUrl>#pointStyle</styleUrl><Point><coordinates>103.4539539,-2.7296775399999995,0</coordinates></Point></Placemark><Placemark><name>Rehab Mayor</name><description>Tipe: Rehab Mayor | Visual: Rusak Permukaan (Spot-spot) | Panjang: 300 m</description><styleUrl>#lineStyle59</styleUrl><LineString><tessellate>1</tessellate><extrude>0</extrude><altitudeMode>clampToGround</altitudeMode><coordinates>103.45621460000001,-2.7288519100000004,0
103.4539539,-2.7296775399999995,0</coordinates></LineString></Placemark><Style id="lineStyle60"><LineStyle><color>ff00ffff</color><width>4</width></LineStyle></Style><Placemark><name>17</name><description>MANGUN JAYA - BTS. KAB. MURA</description><styleUrl>#pointStyle</styleUrl><Point><coordinates>103.4539539,-2.7296775399999995,0</coordinates></Point></Placemark><Placemark><name>17.042</name><description>MANGUN JAYA - BTS. KAB. MURA</description><styleUrl>#pointStyle</styleUrl><Point><coordinates>103.45398993175678,-2.7296890005332304,0</coordinates></Point></Placemark><Placemark><name>Rehab Mayor</name><description>Tipe: Rehab Mayor | Visual: Rusak Permukaan (Spot-spot) | Panjang: 42 m</description><styleUrl>#lineStyle60</styleUrl><LineString><tessellate>1</tessellate><extrude>0</extrude><altitudeMode>clampToGround</altitudeMode><coordinates>103.4539539,-2.7296775399999995,0
103.45398993175678,-2.7296890005332304,0</coordinates></LineString></Placemark><Style id="lineStyle61"><LineStyle><color>ffff0000</color><width>4</width></LineStyle></Style><Placemark><name>17.5</name><description>MANGUN JAYA - BTS. KAB. MURA</description><styleUrl>#pointStyle</styleUrl><Point><coordinates>103.4500055,-2.7275815699999995,0</coordinates></Point></Placemark><Placemark><name>17.7</name><description>MANGUN JAYA - BTS. KAB. MURA</description><styleUrl>#pointStyle</styleUrl><Point><coordinates>103.4484955,-2.72659896,0</coordinates></Point></Placemark><Placemark><name>Non Efektif</name><description>Tipe: Non Efektif | Visual: Kondisi baik, sedikit atau tidak ada retak | Panjang: 200 m</description><styleUrl>#lineStyle61</styleUrl><LineString><tessellate>1</tessellate><extrude>0</extrude><altitudeMode>clampToGround</altitudeMode><coordinates>103.4500055,-2.7275815699999995,0
103.4484955,-2.72659896,0</coordinates></LineString></Placemark><Style id="lineStyle62"><LineStyle><color>ffff0000</color><width>4</width></LineStyle></Style><Placemark><name>18</name><description>MANGUN JAYA - BTS. KAB. MURA</description><styleUrl>#pointStyle</styleUrl><Point><coordinates>103.44659939999998,-2.7246982000000006,0</coordinates></Point></Placemark><Placemark><name>18.1</name><description>MANGUN JAYA - BTS. KAB. MURA</description><styleUrl>#pointStyle</styleUrl><Point><coordinates>103.4457566,-2.7244269599999997,0</coordinates></Point></Placemark><Placemark><name>Non Efektif</name><description>Tipe: Non Efektif | Visual: Kondisi baik, sedikit atau tidak ada retak | Panjang: 100 m</description><styleUrl>#lineStyle62</styleUrl><LineString><tessellate>1</tessellate><extrude>0</extrude><altitudeMode>clampToGround</altitudeMode><coordinates>103.44659939999998,-2.7246982000000006,0
103.4457566,-2.7244269599999997,0</coordinates></LineString></Placemark><Style id="lineStyle63"><LineStyle><color>ffff0000</color><width>4</width></LineStyle></Style><Placemark><name>18.7</name><description>MANGUN JAYA - BTS. KAB. MURA</description><styleUrl>#pointStyle</styleUrl><Point><coordinates>103.440426,-2.7242878200000002,0</coordinates></Point></Placemark><Placemark><name>18.87</name><description>MANGUN JAYA - BTS. KAB. MURA</description><styleUrl>#pointStyle</styleUrl><Point><coordinates>103.43960400295592,-2.7244473669615625,0</coordinates></Point></Placemark><Placemark><name>Non Efektif</name><description>Tipe: Non Efektif | Visual: None | Panjang: 170 m</description><styleUrl>#lineStyle63</styleUrl><LineString><tessellate>1</tessellate><extrude>0</extrude><altitudeMode>clampToGround</altitudeMode><coordinates>103.440426,-2.7242878200000002,0
103.43960400295592,-2.7244473669615625,0</coordinates></LineString></Placemark><Style id="lineStyle64"><LineStyle><color>ff0000ff</color><width>4</width></LineStyle></Style><Placemark><name>18.87</name><description>MANGUN JAYA - BTS. KAB. MURA</description><styleUrl>#pointStyle</styleUrl><Point><coordinates>103.43960400295592,-2.7244473669615625,0</coordinates></Point></Placemark><Placemark><name>19.005</name><description>MANGUN JAYA - BTS. KAB. MURA</description><styleUrl>#pointStyle</styleUrl><Point><coordinates>103.4377713931561,-2.7242326814588487,0</coordinates></Point></Placemark><Placemark><name>Rekonstruksi</name><description>Tipe: Rekonstruksi | Visual: Kerusakan parah, lubang besar dan permukaan jalan terkelupas | Panjang: 135 m</description><styleUrl>#lineStyle64</styleUrl><LineString><tessellate>1</tessellate><extrude>0</extrude><altitudeMode>clampToGround</altitudeMode><coordinates>103.43960400295592,-2.7244473669615625,0
103.4377713931561,-2.7242326814588487,0</coordinates></LineString></Placemark><Style id="lineStyle65"><LineStyle><color>ffff0000</color><width>4</width></LineStyle></Style><Placemark><name>19.2</name><description>MANGUN JAYA - BTS. KAB. MURA</description><styleUrl>#pointStyle</styleUrl><Point><coordinates>103.4359994,-2.7241178299999995,0</coordinates></Point></Placemark><Placemark><name>19.275</name><description>MANGUN JAYA - BTS. KAB. MURA</description><styleUrl>#pointStyle</styleUrl><Point><coordinates>103.43606638249618,-2.7241263660127326,0</coordinates></Point></Placemark><Placemark><name>Non Efektif</name><description>Tipe: Non Efektif | Visual: None | Panjang: 75 m</description><styleUrl>#lineStyle65</styleUrl><LineString><tessellate>1</tessellate><extrude>0</extrude><altitudeMode>clampToGround</altitudeMode><coordinates>103.4359994,-2.7241178299999995,0
103.43606638249618,-2.7241263660127326,0</coordinates></LineString></Placemark><Style id="lineStyle66"><LineStyle><color>ff0000ff</color><width>4</width></LineStyle></Style><Placemark><name>19.275</name><description>MANGUN JAYA - BTS. KAB. MURA</description><styleUrl>#pointStyle</styleUrl><Point><coordinates>103.43606638249618,-2.7241263660127326,0</coordinates></Point></Placemark><Placemark><name>19.385</name><description>MANGUN JAYA - BTS. KAB. MURA</description><styleUrl>#pointStyle</styleUrl><Point><coordinates>103.43518808365077,-2.7240271242400644,0</coordinates></Point></Placemark><Placemark><name>Rekonstruksi</name><description>Tipe: Rekonstruksi | Visual: Kerusakan parah, lubang besar dan permukaan jalan terkelupas | Panjang: 110 m</description><styleUrl>#lineStyle66</styleUrl><LineString><tessellate>1</tessellate><extrude>0</extrude><altitudeMode>clampToGround</altitudeMode><coordinates>103.43606638249618,-2.7241263660127326,0
103.43518808365077,-2.7240271242400644,0</coordinates></LineString></Placemark><Style id="lineStyle67"><LineStyle><color>ff00ffff</color><width>4</width></LineStyle></Style><Placemark><name>19.385</name><description>MANGUN JAYA - BTS. KAB. MURA</description><styleUrl>#pointStyle</styleUrl><Point><coordinates>103.43518808365077,-2.7240271242400644,0</coordinates></Point></Placemark><Placemark><name>19.4</name><description>MANGUN JAYA - BTS. KAB. MURA</description><styleUrl>#pointStyle</styleUrl><Point><coordinates>103.4342531,-2.7237461300000003,0</coordinates></Point></Placemark><Placemark><name>Rehab Mayor</name><description>Tipe: Rehab Mayor | Visual: Rusak Permukaan (Spot-spot) | Panjang: 15 m</description><styleUrl>#lineStyle67</styleUrl><LineString><tessellate>1</tessellate><extrude>0</extrude><altitudeMode>clampToGround</altitudeMode><coordinates>103.43518808365077,-2.7240271242400644,0
103.4342531,-2.7237461300000003,0</coordinates></LineString></Placemark><Style id="lineStyle68"><LineStyle><color>ff00ffff</color><width>4</width></LineStyle></Style><Placemark><name>19.4</name><description>MANGUN JAYA - BTS. KAB. MURA</description><styleUrl>#pointStyle</styleUrl><Point><coordinates>103.4342531,-2.7237461300000003,0</coordinates></Point></Placemark><Placemark><name>19.555</name><description>MANGUN JAYA - BTS. KAB. MURA</description><styleUrl>#pointStyle</styleUrl><Point><coordinates>103.43345856149949,-2.723446110297048,0</coordinates></Point></Placemark><Placemark><name>Rehab Mayor</name><description>Tipe: Rehab Mayor | Visual: Rusak Permukaan (Spot-spot) | Panjang: 155 m</description><styleUrl>#lineStyle68</styleUrl><LineString><tessellate>1</tessellate><extrude>0</extrude><altitudeMode>clampToGround</altitudeMode><coordinates>103.4342531,-2.7237461300000003,0
103.43345856149949,-2.723446110297048,0</coordinates></LineString></Placemark><Style id="lineStyle69"><LineStyle><color>ff00ff00</color><width>4</width></LineStyle></Style><Placemark><name>19.555</name><description>MANGUN JAYA - BTS. KAB. MURA</description><styleUrl>#pointStyle</styleUrl><Point><coordinates>103.43345856149949,-2.723446110297048,0</coordinates></Point></Placemark><Placemark><name>19.581</name><description>MANGUN JAYA - BTS. KAB. MURA</description><styleUrl>#pointStyle</styleUrl><Point><coordinates>103.43348142329926,-2.723451135527705,0</coordinates></Point></Placemark><Placemark><name>Rehab Minor</name><description>Tipe: Rehab Minor | Visual: Aus Permukaan dan retak-ratak halus | Panjang: 26 m</description><styleUrl>#lineStyle69</styleUrl><LineString><tessellate>1</tessellate><extrude>0</extrude><altitudeMode>clampToGround</altitudeMode><coordinates>103.43345856149949,-2.723446110297048,0
103.43348142329926,-2.723451135527705,0</coordinates></LineString></Placemark><Style id="lineStyle70"><LineStyle><color>ffff0000</color><width>4</width></LineStyle></Style><Placemark><name>22.4</name><description>MANGUN JAYA - BTS. KAB. MURA</description><styleUrl>#pointStyle</styleUrl><Point><coordinates>103.4154955,-2.7327143,0</coordinates></Point></Placemark><Placemark><name>22.462</name><description>MANGUN JAYA - BTS. KAB. MURA</description><styleUrl>#pointStyle</styleUrl><Point><coordinates>103.41550404145642,-2.732659198664387,0</coordinates></Point></Placemark><Placemark><name>Non Efektif</name><description>Tipe: Non Efektif | Visual: Kondisi baik, sedikit atau tidak ada retak | Panjang: 62 m</description><styleUrl>#lineStyle70</styleUrl><LineString><tessellate>1</tessellate><extrude>0</extrude><altitudeMode>clampToGround</altitudeMode><coordinates>103.4154955,-2.7327143,0
103.41550404145642,-2.732659198664387,0</coordinates></LineString></Placemark><Style id="lineStyle71"><LineStyle><color>ff00ff00</color><width>4</width></LineStyle></Style><Placemark><name>22.462</name><description>MANGUN JAYA - BTS. KAB. MURA</description><styleUrl>#pointStyle</styleUrl><Point><coordinates>103.41550404145642,-2.732659198664387,0</coordinates></Point></Placemark><Placemark><name>22.5</name><description>MANGUN JAYA - BTS. KAB. MURA</description><styleUrl>#pointStyle</styleUrl><Point><coordinates>103.415357,-2.73360777,0</coordinates></Point></Placemark><Placemark><name>Rehab Minor</name><description>Tipe: Rehab Minor | Visual: Aus Permukaan dan retak-ratak halus | Panjang: 38 m</description><styleUrl>#lineStyle71</styleUrl><LineString><tessellate>1</tessellate><extrude>0</extrude><altitudeMode>clampToGround</altitudeMode><coordinates>103.41550404145642,-2.732659198664387,0
103.415357,-2.73360777,0</coordinates></LineString></Placemark><Style id="lineStyle72"><LineStyle><color>ff00ff00</color><width>4</width></LineStyle></Style><Placemark><name>22.5</name><description>MANGUN JAYA - BTS. KAB. MURA</description><styleUrl>#pointStyle</styleUrl><Point><coordinates>103.415357,-2.73360777,0</coordinates></Point></Placemark><Placemark><name>22.562</name><description>MANGUN JAYA - BTS. KAB. MURA</description><styleUrl>#pointStyle</styleUrl><Point><coordinates>103.41534458698834,-2.7335534081066895,0</coordinates></Point></Placemark><Placemark><name>Rehab Minor</name><description>Tipe: Rehab Minor | Visual: Aus Permukaan dan retak-ratak halus | Panjang: 62 m</description><styleUrl>#lineStyle72</styleUrl><LineString><tessellate>1</tessellate><extrude>0</extrude><altitudeMode>clampToGround</altitudeMode><coordinates>103.415357,-2.73360777,0
103.41534458698834,-2.7335534081066895,0</coordinates></LineString></Placemark><Style id="lineStyle73"><LineStyle><color>ff00ff00</color><width>4</width></LineStyle></Style><Placemark><name>22.7</name><description>MANGUN JAYA - BTS. KAB. MURA</description><styleUrl>#pointStyle</styleUrl><Point><coordinates>103.4162655,-2.73500132,0</coordinates></Point></Placemark><Placemark><name>22.862</name><description>MANGUN JAYA - BTS. KAB. MURA</description><styleUrl>#pointStyle</styleUrl><Point><coordinates>103.4169975916635,-2.7354216804370255,0</coordinates></Point></Placemark><Placemark><name>Rehab Minor</name><description>Tipe: Rehab Minor | Visual: Aus Permukaan dan retak-ratak halus | Panjang: 162 m</description><styleUrl>#lineStyle73</styleUrl><LineString><tessellate>1</tessellate><extrude>0</extrude><altitudeMode>clampToGround</altitudeMode><coordinates>103.4162655,-2.73500132,0
103.4169975916635,-2.7354216804370255,0</coordinates></LineString></Placemark><Style id="lineStyle74"><LineStyle><color>ffff0000</color><width>4</width></LineStyle></Style><Placemark><name>22.862</name><description>MANGUN JAYA - BTS. KAB. MURA</description><styleUrl>#pointStyle</styleUrl><Point><coordinates>103.4169975916635,-2.7354216804370255,0</coordinates></Point></Placemark><Placemark><name>22.88</name><description>MANGUN JAYA - BTS. KAB. MURA</description><styleUrl>#pointStyle</styleUrl><Point><coordinates>103.41698400214646,-2.735412860563563,0</coordinates></Point></Placemark><Placemark><name>Non Efektif</name><description>Tipe: Non Efektif | Visual: Kondisi baik, sedikit atau tidak ada retak | Panjang: 18 m</description><styleUrl>#lineStyle74</styleUrl><LineString><tessellate>1</tessellate><extrude>0</extrude><altitudeMode>clampToGround</altitudeMode><coordinates>103.4169975916635,-2.7354216804370255,0
103.41698400214646,-2.735412860563563,0</coordinates></LineString></Placemark><Style id="lineStyle75"><LineStyle><color>ff00ffff</color><width>4</width></LineStyle></Style><Placemark><name>22.98</name><description>MANGUN JAYA - BTS. KAB. MURA</description><styleUrl>#pointStyle</styleUrl><Point><coordinates>103.4177357926083,-2.7359098564434614,0</coordinates></Point></Placemark><Placemark><name>23.011</name><description>MANGUN JAYA - BTS. KAB. MURA</description><styleUrl>#pointStyle</styleUrl><Point><coordinates>103.4185926675389,-2.736344974764529,0</coordinates></Point></Placemark><Placemark><name>Rehab Mayor</name><description>Tipe: Rehab Mayor | Visual: Rusak Permukaan (Spot-spot) | Panjang: 31 m</description><styleUrl>#lineStyle75</styleUrl><LineString><tessellate>1</tessellate><extrude>0</extrude><altitudeMode>clampToGround</altitudeMode><coordinates>103.4177357926083,-2.7359098564434614,0
103.4185926675389,-2.736344974764529,0</coordinates></LineString></Placemark><Style id="lineStyle76"><LineStyle><color>ff00ffff</color><width>4</width></LineStyle></Style><Placemark><name>23.011</name><description>MANGUN JAYA - BTS. KAB. MURA</description><styleUrl>#pointStyle</styleUrl><Point><coordinates>103.4185926675389,-2.736344974764529,0</coordinates></Point></Placemark><Placemark><name>23.077</name><description>MANGUN JAYA - BTS. KAB. MURA</description><styleUrl>#pointStyle</styleUrl><Point><coordinates>103.41853967277234,-2.7363181233503364,0</coordinates></Point></Placemark><Placemark><name>Rehab Mayor</name><description>Tipe: Rehab Mayor | Visual: Rusak Permukaan (Spot-spot) | Panjang: 66 m</description><styleUrl>#lineStyle76</styleUrl><LineString><tessellate>1</tessellate><extrude>0</extrude><altitudeMode>clampToGround</altitudeMode><coordinates>103.4185926675389,-2.736344974764529,0
103.41853967277234,-2.7363181233503364,0</coordinates></LineString></Placemark><Style id="lineStyle77"><LineStyle><color>ff00ff00</color><width>4</width></LineStyle></Style><Placemark><name>23.077</name><description>MANGUN JAYA - BTS. KAB. MURA</description><styleUrl>#pointStyle</styleUrl><Point><coordinates>103.41853967277234,-2.7363181233503364,0</coordinates></Point></Placemark><Placemark><name>23.185</name><description>MANGUN JAYA - BTS. KAB. MURA</description><styleUrl>#pointStyle</styleUrl><Point><coordinates>103.41933848210783,-2.7367161262139383,0</coordinates></Point></Placemark><Placemark><name>Rehab Minor</name><description>Tipe: Rehab Minor | Visual: Aus Permukaan dan retak-ratak halus | Panjang: 108 m</description><styleUrl>#lineStyle77</styleUrl><LineString><tessellate>1</tessellate><extrude>0</extrude><altitudeMode>clampToGround</altitudeMode><coordinates>103.41853967277234,-2.7363181233503364,0
103.41933848210783,-2.7367161262139383,0</coordinates></LineString></Placemark><Style id="lineStyle78"><LineStyle><color>ff0000ff</color><width>4</width></LineStyle></Style><Placemark><name>23.185</name><description>MANGUN JAYA - BTS. KAB. MURA</description><styleUrl>#pointStyle</styleUrl><Point><coordinates>103.41933848210783,-2.7367161262139383,0</coordinates></Point></Placemark><Placemark><name>23.226</name><description>MANGUN JAYA - BTS. KAB. MURA</description><styleUrl>#pointStyle</styleUrl><Point><coordinates>103.42015314004884,-2.737212024156822,0</coordinates></Point></Placemark><Placemark><name>Rekonstruksi</name><description>Tipe: Rekonstruksi | Visual: Kerusakan parah, lubang besar dan permukaan jalan terkelupas | Panjang: 41 m</description><styleUrl>#lineStyle78</styleUrl><LineString><tessellate>1</tessellate><extrude>0</extrude><altitudeMode>clampToGround</altitudeMode><coordinates>103.41933848210783,-2.7367161262139383,0
103.42015314004884,-2.737212024156822,0</coordinates></LineString></Placemark><Style id="lineStyle79"><LineStyle><color>ff0000ff</color><width>4</width></LineStyle></Style><Placemark><name>23.226</name><description>MANGUN JAYA - BTS. KAB. MURA</description><styleUrl>#pointStyle</styleUrl><Point><coordinates>103.42015314004884,-2.737212024156822,0</coordinates></Point></Placemark><Placemark><name>23.248</name><description>MANGUN JAYA - BTS. KAB. MURA</description><styleUrl>#pointStyle</styleUrl><Point><coordinates>103.42013658932092,-2.7372011545969612,0</coordinates></Point></Placemark><Placemark><name>Rekonstruksi</name><description>Tipe: Rekonstruksi | Visual: Kerusakan parah, lubang besar dan permukaan jalan terkelupas | Panjang: 22 m</description><styleUrl>#lineStyle79</styleUrl><LineString><tessellate>1</tessellate><extrude>0</extrude><altitudeMode>clampToGround</altitudeMode><coordinates>103.42015314004884,-2.737212024156822,0
103.42013658932092,-2.7372011545969612,0</coordinates></LineString></Placemark><Style id="lineStyle80"><LineStyle><color>ff0000ff</color><width>4</width></LineStyle></Style><Placemark><name>23.248</name><description>MANGUN JAYA - BTS. KAB. MURA</description><styleUrl>#pointStyle</styleUrl><Point><coordinates>103.42013658932092,-2.7372011545969612,0</coordinates></Point></Placemark><Placemark><name>23.294</name><description>MANGUN JAYA - BTS. KAB. MURA</description><styleUrl>#pointStyle</styleUrl><Point><coordinates>103.42010198325352,-2.7371784273346966,0</coordinates></Point></Placemark><Placemark><name>Rekonstruksi</name><description>Tipe: Rekonstruksi | Visual: Kerusakan parah, lubang besar dan permukaan jalan terkelupas | Panjang: 46 m</description><styleUrl>#lineStyle80</styleUrl><LineString><tessellate>1</tessellate><extrude>0</extrude><altitudeMode>clampToGround</altitudeMode><coordinates>103.42013658932092,-2.7372011545969612,0
103.42010198325352,-2.7371784273346966,0</coordinates></LineString></Placemark><Style id="lineStyle81"><LineStyle><color>ff0000ff</color><width>4</width></LineStyle></Style><Placemark><name>23.294</name><description>MANGUN JAYA - BTS. KAB. MURA</description><styleUrl>#pointStyle</styleUrl><Point><coordinates>103.42010198325352,-2.7371784273346966,0</coordinates></Point></Placemark><Placemark><name>23.3</name><description>MANGUN JAYA - BTS. KAB. MURA</description><styleUrl>#pointStyle</styleUrl><Point><coordinates>103.42092540000002,-2.7377192,0</coordinates></Point></Placemark><Placemark><name>Rekonstruksi</name><description>Tipe: Rekonstruksi | Visual: Kerusakan parah, lubang besar dan permukaan jalan terkelupas | Panjang: 6 m</description><styleUrl>#lineStyle81</styleUrl><LineString><tessellate>1</tessellate><extrude>0</extrude><altitudeMode>clampToGround</altitudeMode><coordinates>103.42010198325352,-2.7371784273346966,0
103.42092540000002,-2.7377192,0</coordinates></LineString></Placemark><Style id="lineStyle82"><LineStyle><color>ff0000ff</color><width>4</width></LineStyle></Style><Placemark><name>23.3</name><description>MANGUN JAYA - BTS. KAB. MURA</description><styleUrl>#pointStyle</styleUrl><Point><coordinates>103.42092540000002,-2.7377192,0</coordinates></Point></Placemark><Placemark><name>23.335</name><description>MANGUN JAYA - BTS. KAB. MURA</description><styleUrl>#pointStyle</styleUrl><Point><coordinates>103.42090104860627,-2.737699222082519,0</coordinates></Point></Placemark><Placemark><name>Rekonstruksi</name><description>Tipe: Rekonstruksi | Visual: Kerusakan parah, lubang besar dan permukaan jalan terkelupas | Panjang: 35 m</description><styleUrl>#lineStyle82</styleUrl><LineString><tessellate>1</tessellate><extrude>0</extrude><altitudeMode>clampToGround</altitudeMode><coordinates>103.42092540000002,-2.7377192,0
103.42090104860627,-2.737699222082519,0</coordinates></LineString></Placemark><Style id="lineStyle83"><LineStyle><color>ff0000ff</color><width>4</width></LineStyle></Style><Placemark><name>23.335</name><description>MANGUN JAYA - BTS. KAB. MURA</description><styleUrl>#pointStyle</styleUrl><Point><coordinates>103.42090104860627,-2.737699222082519,0</coordinates></Point></Placemark><Placemark><name>23.368</name><description>MANGUN JAYA - BTS. KAB. MURA</description><styleUrl>#pointStyle</styleUrl><Point><coordinates>103.42087808872073,-2.7376803857598713,0</coordinates></Point></Placemark><Placemark><name>Rekonstruksi</name><description>Tipe: Rekonstruksi | Visual: Kerusakan parah, lubang besar dan permukaan jalan terkelupas | Panjang: 33 m</description><styleUrl>#lineStyle83</styleUrl><LineString><tessellate>1</tessellate><extrude>0</extrude><altitudeMode>clampToGround</altitudeMode><coordinates>103.42090104860627,-2.737699222082519,0
103.42087808872073,-2.7376803857598713,0</coordinates></LineString></Placemark><Style id="lineStyle84"><LineStyle><color>ff00ff00</color><width>4</width></LineStyle></Style><Placemark><name>23.368</name><description>MANGUN JAYA - BTS. KAB. MURA</description><styleUrl>#pointStyle</styleUrl><Point><coordinates>103.42087808872073,-2.7376803857598713,0</coordinates></Point></Placemark><Placemark><name>23.508</name><description>MANGUN JAYA - BTS. KAB. MURA</description><styleUrl>#pointStyle</styleUrl><Point><coordinates>103.42208727589141,-2.7390492117075964,0</coordinates></Point></Placemark><Placemark><name>Rehab Minor</name><description>Tipe: Rehab Minor | Visual: Aus Permukaan dan retak-ratak halus | Panjang: 140 m</description><styleUrl>#lineStyle84</styleUrl><LineString><tessellate>1</tessellate><extrude>0</extrude><altitudeMode>clampToGround</altitudeMode><coordinates>103.42087808872073,-2.7376803857598713,0
103.42208727589141,-2.7390492117075964,0</coordinates></LineString></Placemark><Style id="lineStyle85"><LineStyle><color>ff0000ff</color><width>4</width></LineStyle></Style><Placemark><name>23.508</name><description>MANGUN JAYA - BTS. KAB. MURA</description><styleUrl>#pointStyle</styleUrl><Point><coordinates>103.42208727589141,-2.7390492117075964,0</coordinates></Point></Placemark><Placemark><name>23.604</name><description>MANGUN JAYA - BTS. KAB. MURA</description><styleUrl>#pointStyle</styleUrl><Point><coordinates>103.42255622013049,-2.7398247116723016,0</coordinates></Point></Placemark><Placemark><name>Rekonstruksi</name><description>Tipe: Rekonstruksi | Visual: Kerusakan parah, lubang besar dan permukaan jalan terkelupas | Panjang: 96 m</description><styleUrl>#lineStyle85</styleUrl><LineString><tessellate>1</tessellate><extrude>0</extrude><altitudeMode>clampToGround</altitudeMode><coordinates>103.42208727589141,-2.7390492117075964,0
103.42255622013049,-2.7398247116723016,0</coordinates></LineString></Placemark><Style id="lineStyle86"><LineStyle><color>ff0000ff</color><width>4</width></LineStyle></Style><Placemark><name>23.604</name><description>MANGUN JAYA - BTS. KAB. MURA</description><styleUrl>#pointStyle</styleUrl><Point><coordinates>103.42255622013049,-2.7398247116723016,0</coordinates></Point></Placemark><Placemark><name>23.638</name><description>MANGUN JAYA - BTS. KAB. MURA</description><styleUrl>#pointStyle</styleUrl><Point><coordinates>103.42254024123947,-2.7397986308867477,0</coordinates></Point></Placemark><Placemark><name>Rekonstruksi</name><description>Tipe: Rekonstruksi | Visual: Kerusakan parah, lubang besar dan permukaan jalan terkelupas | Panjang: 34 m</description><styleUrl>#lineStyle86</styleUrl><LineString><tessellate>1</tessellate><extrude>0</extrude><altitudeMode>clampToGround</altitudeMode><coordinates>103.42255622013049,-2.7398247116723016,0
103.42254024123947,-2.7397986308867477,0</coordinates></LineString></Placemark><Style id="lineStyle87"><LineStyle><color>ff0000ff</color><width>4</width></LineStyle></Style><Placemark><name>23.638</name><description>MANGUN JAYA - BTS. KAB. MURA</description><styleUrl>#pointStyle</styleUrl><Point><coordinates>103.42254024123947,-2.7397986308867477,0</coordinates></Point></Placemark><Placemark><name>23.662</name><description>MANGUN JAYA - BTS. KAB. MURA</description><styleUrl>#pointStyle</styleUrl><Point><coordinates>103.4225289620223,-2.7397802209203466,0</coordinates></Point></Placemark><Placemark><name>Rekonstruksi</name><description>Tipe: Rekonstruksi | Visual: Kerusakan parah, lubang besar dan permukaan jalan terkelupas | Panjang: 24 m</description><styleUrl>#lineStyle87</styleUrl><LineString><tessellate>1</tessellate><extrude>0</extrude><altitudeMode>clampToGround</altitudeMode><coordinates>103.42254024123947,-2.7397986308867477,0
103.4225289620223,-2.7397802209203466,0</coordinates></LineString></Placemark><Style id="lineStyle88"><LineStyle><color>ff00ffff</color><width>4</width></LineStyle></Style><Placemark><name>23.662</name><description>MANGUN JAYA - BTS. KAB. MURA</description><styleUrl>#pointStyle</styleUrl><Point><coordinates>103.4225289620223,-2.7397802209203466,0</coordinates></Point></Placemark><Placemark><name>23.8</name><description>MANGUN JAYA - BTS. KAB. MURA</description><styleUrl>#pointStyle</styleUrl><Point><coordinates>103.4233895,-2.7414218299999993,0</coordinates></Point></Placemark><Placemark><name>Rehab Mayor</name><description>Tipe: Rehab Mayor | Visual: Rusak Permukaan (Spot-spot) | Panjang: 138 m</description><styleUrl>#lineStyle88</styleUrl><LineString><tessellate>1</tessellate><extrude>0</extrude><altitudeMode>clampToGround</altitudeMode><coordinates>103.4225289620223,-2.7397802209203466,0
103.4233895,-2.7414218299999993,0</coordinates></LineString></Placemark><Style id="lineStyle89"><LineStyle><color>ff00ffff</color><width>4</width></LineStyle></Style><Placemark><name>23.8</name><description>MANGUN JAYA - BTS. KAB. MURA</description><styleUrl>#pointStyle</styleUrl><Point><coordinates>103.4233895,-2.7414218299999993,0</coordinates></Point></Placemark><Placemark><name>23.896</name><description>MANGUN JAYA - BTS. KAB. MURA</description><styleUrl>#pointStyle</styleUrl><Point><coordinates>103.42337581370272,-2.7413365843298805,0</coordinates></Point></Placemark><Placemark><name>Rehab Mayor</name><description>Tipe: Rehab Mayor | Visual: Rusak Permukaan (Spot-spot) | Panjang: 96 m</description><styleUrl>#lineStyle89</styleUrl><LineString><tessellate>1</tessellate><extrude>0</extrude><altitudeMode>clampToGround</altitudeMode><coordinates>103.4233895,-2.7414218299999993,0
103.42337581370272,-2.7413365843298805,0</coordinates></LineString></Placemark><Style id="lineStyle90"><LineStyle><color>ff0000ff</color><width>4</width></LineStyle></Style><Placemark><name>26.081</name><description>MANGUN JAYA - BTS. KAB. MURA</description><styleUrl>#pointStyle</styleUrl><Point><coordinates>103.41939290230948,-2.760191020515941,0</coordinates></Point></Placemark><Placemark><name>26.3</name><description>MANGUN JAYA - BTS. KAB. MURA</description><styleUrl>#pointStyle</styleUrl><Point><coordinates>103.4178938,-2.76252991,0</coordinates></Point></Placemark><Placemark><name>Rekonstruksi</name><description>Tipe: Rekonstruksi | Visual: Kerusakan parah, lubang besar dan permukaan jalan terkelupas | Panjang: 219 m</description><styleUrl>#lineStyle90</styleUrl><LineString><tessellate>1</tessellate><extrude>0</extrude><altitudeMode>clampToGround</altitudeMode><coordinates>103.41939290230948,-2.760191020515941,0
103.4178938,-2.76252991,0</coordinates></LineString></Placemark><Style id="lineStyle91"><LineStyle><color>ff0000ff</color><width>4</width></LineStyle></Style><Placemark><name>26.3</name><description>MANGUN JAYA - BTS. KAB. MURA</description><styleUrl>#pointStyle</styleUrl><Point><coordinates>103.4178938,-2.76252991,0</coordinates></Point></Placemark><Placemark><name>26.459</name><description>MANGUN JAYA - BTS. KAB. MURA</description><styleUrl>#pointStyle</styleUrl><Point><coordinates>103.41724100643782,-2.7630705832474596,0</coordinates></Point></Placemark><Placemark><name>Rekonstruksi</name><description>Tipe: Rekonstruksi | Visual: Kerusakan parah, lubang besar dan permukaan jalan terkelupas | Panjang: 159 m</description><styleUrl>#lineStyle91</styleUrl><LineString><tessellate>1</tessellate><extrude>0</extrude><altitudeMode>clampToGround</altitudeMode><coordinates>103.4178938,-2.76252991,0
103.41724100643782,-2.7630705832474596,0</coordinates></LineString></Placemark><Style id="lineStyle92"><LineStyle><color>ffff0000</color><width>4</width></LineStyle></Style><Placemark><name>27.2</name><description>MANGUN JAYA - BTS. KAB. MURA</description><styleUrl>#pointStyle</styleUrl><Point><coordinates>103.41043770000002,-2.76523788,0</coordinates></Point></Placemark><Placemark><name>27.308</name><description>MANGUN JAYA - BTS. KAB. MURA</description><styleUrl>#pointStyle</styleUrl><Point><coordinates>103.40954585517063,-2.7652041420294027,0</coordinates></Point></Placemark><Placemark><name>Non Efektif</name><description>Tipe: Non Efektif | Visual: Kondisi baik, sedikit atau tidak ada retak | Panjang: 108 m</description><styleUrl>#lineStyle92</styleUrl><LineString><tessellate>1</tessellate><extrude>0</extrude><altitudeMode>clampToGround</altitudeMode><coordinates>103.41043770000002,-2.76523788,0
103.40954585517063,-2.7652041420294027,0</coordinates></LineString></Placemark><Style id="lineStyle93"><LineStyle><color>ff00ffff</color><width>4</width></LineStyle></Style><Placemark><name>27.308</name><description>MANGUN JAYA - BTS. KAB. MURA</description><styleUrl>#pointStyle</styleUrl><Point><coordinates>103.40954585517063,-2.7652041420294027,0</coordinates></Point></Placemark><Placemark><name>27.5</name><description>MANGUN JAYA - BTS. KAB. MURA</description><styleUrl>#pointStyle</styleUrl><Point><coordinates>103.4080376,-2.764273689999999,0</coordinates></Point></Placemark><Placemark><name>Rehab Mayor</name><description>Tipe: Rehab Mayor | Visual: Rusak Permukaan (Spot-spot) | Panjang: 192 m</description><styleUrl>#lineStyle93</styleUrl><LineString><tessellate>1</tessellate><extrude>0</extrude><altitudeMode>clampToGround</altitudeMode><coordinates>103.40954585517063,-2.7652041420294027,0
103.4080376,-2.764273689999999,0</coordinates></LineString></Placemark><Style id="lineStyle94"><LineStyle><color>ff00ffff</color><width>4</width></LineStyle></Style><Placemark><name>27.5</name><description>MANGUN JAYA - BTS. KAB. MURA</description><styleUrl>#pointStyle</styleUrl><Point><coordinates>103.4080376,-2.764273689999999,0</coordinates></Point></Placemark><Placemark><name>27.577</name><description>MANGUN JAYA - BTS. KAB. MURA</description><styleUrl>#pointStyle</styleUrl><Point><coordinates>103.40809254660797,-2.7643159173009813,0</coordinates></Point></Placemark><Placemark><name>Rehab Mayor</name><description>Tipe: Rehab Mayor | Visual: Rusak Permukaan (Spot-spot) | Panjang: 77 m</description><styleUrl>#lineStyle94</styleUrl><LineString><tessellate>1</tessellate><extrude>0</extrude><altitudeMode>clampToGround</altitudeMode><coordinates>103.4080376,-2.764273689999999,0
103.40809254660797,-2.7643159173009813,0</coordinates></LineString></Placemark><Style id="lineStyle95"><LineStyle><color>ffff0000</color><width>4</width></LineStyle></Style><Placemark><name>27.9</name><description>MANGUN JAYA - BTS. KAB. MURA</description><styleUrl>#pointStyle</styleUrl><Point><coordinates>103.40529560000002,-2.7620052,0</coordinates></Point></Placemark><Placemark><name>28</name><description>MANGUN JAYA - BTS. KAB. MURA</description><styleUrl>#pointStyle</styleUrl><Point><coordinates>103.4051901,-2.76121079,0</coordinates></Point></Placemark><Placemark><name>Non Efektif</name><description>Tipe: Non Efektif | Visual: Kondisi baik, sedikit atau tidak ada retak | Panjang: 100 m</description><styleUrl>#lineStyle95</styleUrl><LineString><tessellate>1</tessellate><extrude>0</extrude><altitudeMode>clampToGround</altitudeMode><coordinates>103.40529560000002,-2.7620052,0
103.4051901,-2.76121079,0</coordinates></LineString></Placemark><Style id="lineStyle96"><LineStyle><color>ffff0000</color><width>4</width></LineStyle></Style><Placemark><name>28.6</name><description>MANGUN JAYA - BTS. KAB. MURA</description><styleUrl>#pointStyle</styleUrl><Point><coordinates>103.4012244,-2.7575529099999994,0</coordinates></Point></Placemark><Placemark><name>28.7</name><description>MANGUN JAYA - BTS. KAB. MURA</description><styleUrl>#pointStyle</styleUrl><Point><coordinates>103.4006214,-2.75688376,0</coordinates></Point></Placemark><Placemark><name>Non Efektif</name><description>Tipe: Non Efektif | Visual: Kondisi baik, sedikit atau tidak ada retak | Panjang: 100 m</description><styleUrl>#lineStyle96</styleUrl><LineString><tessellate>1</tessellate><extrude>0</extrude><altitudeMode>clampToGround</altitudeMode><coordinates>103.4012244,-2.7575529099999994,0
103.4006214,-2.75688376,0</coordinates></LineString></Placemark><Style id="lineStyle97"><LineStyle><color>ff00ffff</color><width>4</width></LineStyle></Style><Placemark><name>28.7</name><description>MANGUN JAYA - BTS. KAB. MURA</description><styleUrl>#pointStyle</styleUrl><Point><coordinates>103.4006214,-2.75688376,0</coordinates></Point></Placemark><Placemark><name>28.8</name><description>MANGUN JAYA - BTS. KAB. MURA</description><styleUrl>#pointStyle</styleUrl><Point><coordinates>103.39987410000002,-2.75638197,0</coordinates></Point></Placemark><Placemark><name>Rehab Mayor</name><description>Tipe: Rehab Mayor | Visual: Rusak Permukaan (Spot-spot) | Panjang: 100 m</description><styleUrl>#lineStyle97</styleUrl><LineString><tessellate>1</tessellate><extrude>0</extrude><altitudeMode>clampToGround</altitudeMode><coordinates>103.4006214,-2.75688376,0
103.39987410000002,-2.75638197,0</coordinates></LineString></Placemark><Style id="lineStyle98"><LineStyle><color>ff00ffff</color><width>4</width></LineStyle></Style><Placemark><name>28.8</name><description>MANGUN JAYA - BTS. KAB. MURA</description><styleUrl>#pointStyle</styleUrl><Point><coordinates>103.39987410000002,-2.75638197,0</coordinates></Point></Placemark><Placemark><name>28.9</name><description>MANGUN JAYA - BTS. KAB. MURA</description><styleUrl>#pointStyle</styleUrl><Point><coordinates>103.399067,-2.7559915200000002,0</coordinates></Point></Placemark><Placemark><name>Rehab Mayor</name><description>Tipe: Rehab Mayor | Visual: Rusak Permukaan (Spot-spot) | Panjang: 100 m</description><styleUrl>#lineStyle98</styleUrl><LineString><tessellate>1</tessellate><extrude>0</extrude><altitudeMode>clampToGround</altitudeMode><coordinates>103.39987410000002,-2.75638197,0
103.399067,-2.7559915200000002,0</coordinates></LineString></Placemark><Style id="lineStyle99"><LineStyle><color>ff00ffff</color><width>4</width></LineStyle></Style><Placemark><name>28.9</name><description>MANGUN JAYA - BTS. KAB. MURA</description><styleUrl>#pointStyle</styleUrl><Point><coordinates>103.399067,-2.7559915200000002,0</coordinates></Point></Placemark><Placemark><name>28.991</name><description>MANGUN JAYA - BTS. KAB. MURA</description><styleUrl>#pointStyle</styleUrl><Point><coordinates>103.39914692804572,-2.7560095138598872,0</coordinates></Point></Placemark><Placemark><name>Rehab Mayor</name><description>Tipe: Rehab Mayor | Visual: Rusak Permukaan (Spot-spot) | Panjang: 91 m</description><styleUrl>#lineStyle99</styleUrl><LineString><tessellate>1</tessellate><extrude>0</extrude><altitudeMode>clampToGround</altitudeMode><coordinates>103.399067,-2.7559915200000002,0
103.39914692804572,-2.7560095138598872,0</coordinates></LineString></Placemark><Style id="lineStyle100"><LineStyle><color>ff00ff00</color><width>4</width></LineStyle></Style><Placemark><name>29.82</name><description>MANGUN JAYA - BTS. KAB. MURA</description><styleUrl>#pointStyle</styleUrl><Point><coordinates>103.3912567270266,-2.7572427020812573,0</coordinates></Point></Placemark><Placemark><name>29.955</name><description>MANGUN JAYA - BTS. KAB. MURA</description><styleUrl>#pointStyle</styleUrl><Point><coordinates>103.390822945454,-2.757995994948011,0</coordinates></Point></Placemark><Placemark><name>Rehab Minor</name><description>Tipe: Rehab Minor | Visual: Aus Permukaan dan retak-ratak halus | Panjang: 135 m</description><styleUrl>#lineStyle100</styleUrl><LineString><tessellate>1</tessellate><extrude>0</extrude><altitudeMode>clampToGround</altitudeMode><coordinates>103.3912567270266,-2.7572427020812573,0
103.390822945454,-2.757995994948011,0</coordinates></LineString></Placemark><Style id="lineStyle101"><LineStyle><color>ff0000ff</color><width>4</width></LineStyle></Style><Placemark><name>31.235</name><description>MANGUN JAYA - BTS. KAB. MURA</description><styleUrl>#pointStyle</styleUrl><Point><coordinates>103.39536509256553,-2.768618011618232,0</coordinates></Point></Placemark><Placemark><name>31.285</name><description>MANGUN JAYA - BTS. KAB. MURA</description><styleUrl>#pointStyle</styleUrl><Point><coordinates>103.39534908194487,-2.7685759853583782,0</coordinates></Point></Placemark><Placemark><name>Rekonstruksi</name><description>Tipe: Rekonstruksi | Visual: Kerusakan parah, lubang besar dan permukaan jalan terkelupas | Panjang: 50 m</description><styleUrl>#lineStyle101</styleUrl><LineString><tessellate>1</tessellate><extrude>0</extrude><altitudeMode>clampToGround</altitudeMode><coordinates>103.39536509256553,-2.768618011618232,0
103.39534908194487,-2.7685759853583782,0</coordinates></LineString></Placemark><Style id="lineStyle102"><LineStyle><color>ffff0000</color><width>4</width></LineStyle></Style><Placemark><name>31.5</name><description>MANGUN JAYA - BTS. KAB. MURA</description><styleUrl>#pointStyle</styleUrl><Point><coordinates>103.3965222,-2.7710895500000006,0</coordinates></Point></Placemark><Placemark><name>31.9</name><description>MANGUN JAYA - BTS. KAB. MURA</description><styleUrl>#pointStyle</styleUrl><Point><coordinates>103.3987536,-2.7739123299999995,0</coordinates></Point></Placemark><Placemark><name>Non Efektif</name><description>Tipe: Non Efektif | Visual: Kondisi baik, sedikit atau tidak ada retak | Panjang: 400 m</description><styleUrl>#lineStyle102</styleUrl><LineString><tessellate>1</tessellate><extrude>0</extrude><altitudeMode>clampToGround</altitudeMode><coordinates>103.3965222,-2.7710895500000006,0
103.3987536,-2.7739123299999995,0</coordinates></LineString></Placemark><Style id="lineStyle103"><LineStyle><color>ff0000ff</color><width>4</width></LineStyle></Style><Placemark><name>32.555</name><description>MANGUN JAYA - BTS. KAB. MURA</description><styleUrl>#pointStyle</styleUrl><Point><coordinates>103.39999301797637,-2.778590457250366,0</coordinates></Point></Placemark><Placemark><name>32.595</name><description>MANGUN JAYA - BTS. KAB. MURA</description><styleUrl>#pointStyle</styleUrl><Point><coordinates>103.40001935832281,-2.778565924340844,0</coordinates></Point></Placemark><Placemark><name>Rekonstruksi</name><description>Tipe: Rekonstruksi | Visual: Kerusakan parah, lubang besar dan permukaan jalan terkelupas | Panjang: 40 m</description><styleUrl>#lineStyle103</styleUrl><LineString><tessellate>1</tessellate><extrude>0</extrude><altitudeMode>clampToGround</altitudeMode><coordinates>103.39999301797637,-2.778590457250366,0
103.40001935832281,-2.778565924340844,0</coordinates></LineString></Placemark><Style id="lineStyle104"><LineStyle><color>ffff0000</color><width>4</width></LineStyle></Style><Placemark><name>33.2</name><description>MANGUN JAYA - BTS. KAB. MURA</description><styleUrl>#pointStyle</styleUrl><Point><coordinates>103.39561199999999,-2.78288887,0</coordinates></Point></Placemark><Placemark><name>33.258</name><description>MANGUN JAYA - BTS. KAB. MURA</description><styleUrl>#pointStyle</styleUrl><Point><coordinates>103.39565506938233,-2.7828593719540993,0</coordinates></Point></Placemark><Placemark><name>Non Efektif</name><description>Tipe: Non Efektif | Visual: Kondisi baik, sedikit atau tidak ada retak | Panjang: 58 m</description><styleUrl>#lineStyle104</styleUrl><LineString><tessellate>1</tessellate><extrude>0</extrude><altitudeMode>clampToGround</altitudeMode><coordinates>103.39561199999999,-2.78288887,0
103.39565506938233,-2.7828593719540993,0</coordinates></LineString></Placemark><Style id="lineStyle105"><LineStyle><color>ff0000ff</color><width>4</width></LineStyle></Style><Placemark><name>33.258</name><description>MANGUN JAYA - BTS. KAB. MURA</description><styleUrl>#pointStyle</styleUrl><Point><coordinates>103.39565506938233,-2.7828593719540993,0</coordinates></Point></Placemark><Placemark><name>33.3</name><description>MANGUN JAYA - BTS. KAB. MURA</description><styleUrl>#pointStyle</styleUrl><Point><coordinates>103.3948698,-2.7833972000000005,0</coordinates></Point></Placemark><Placemark><name>Rekonstruksi</name><description>Tipe: Rekonstruksi | Visual: Kerusakan parah, lubang besar dan permukaan jalan terkelupas | Panjang: 42 m</description><styleUrl>#lineStyle105</styleUrl><LineString><tessellate>1</tessellate><extrude>0</extrude><altitudeMode>clampToGround</altitudeMode><coordinates>103.39565506938233,-2.7828593719540993,0
103.3948698,-2.7833972000000005,0</coordinates></LineString></Placemark><Style id="lineStyle106"><LineStyle><color>ff0000ff</color><width>4</width></LineStyle></Style><Placemark><name>33.3</name><description>MANGUN JAYA - BTS. KAB. MURA</description><styleUrl>#pointStyle</styleUrl><Point><coordinates>103.3948698,-2.7833972000000005,0</coordinates></Point></Placemark><Placemark><name>33.375</name><description>MANGUN JAYA - BTS. KAB. MURA</description><styleUrl>#pointStyle</styleUrl><Point><coordinates>103.39491962350898,-2.7833516713758413,0</coordinates></Point></Placemark><Placemark><name>Rekonstruksi</name><description>Tipe: Rekonstruksi | Visual: Kerusakan parah, lubang besar dan permukaan jalan terkelupas | Panjang: 75 m</description><styleUrl>#lineStyle106</styleUrl><LineString><tessellate>1</tessellate><extrude>0</extrude><altitudeMode>clampToGround</altitudeMode><coordinates>103.3948698,-2.7833972000000005,0
103.39491962350898,-2.7833516713758413,0</coordinates></LineString></Placemark><Style id="lineStyle107"><LineStyle><color>ff00ffff</color><width>4</width></LineStyle></Style><Placemark><name>34.5</name><description>MANGUN JAYA - BTS. KAB. MURA</description><styleUrl>#pointStyle</styleUrl><Point><coordinates>103.38582089999998,-2.7891174599999995,0</coordinates></Point></Placemark><Placemark><name>34.914</name><description>MANGUN JAYA - BTS. KAB. MURA</description><styleUrl>#pointStyle</styleUrl><Point><coordinates>103.38274419100495,-2.7909112314854774,0</coordinates></Point></Placemark><Placemark><name>Rehab Mayor</name><description>Tipe: Rehab Mayor | Visual: Rusak Permukaan (Spot-spot) | Panjang: 414 m</description><styleUrl>#lineStyle107</styleUrl><LineString><tessellate>1</tessellate><extrude>0</extrude><altitudeMode>clampToGround</altitudeMode><coordinates>103.38582089999998,-2.7891174599999995,0
103.38274419100495,-2.7909112314854774,0</coordinates></LineString></Placemark><Style id="lineStyle108"><LineStyle><color>ff0000ff</color><width>4</width></LineStyle></Style><Placemark><name>34.914</name><description>MANGUN JAYA - BTS. KAB. MURA</description><styleUrl>#pointStyle</styleUrl><Point><coordinates>103.38274419100495,-2.7909112314854774,0</coordinates></Point></Placemark><Placemark><name>34.991</name><description>MANGUN JAYA - BTS. KAB. MURA</description><styleUrl>#pointStyle</styleUrl><Point><coordinates>103.38280959153217,-2.790888249653454,0</coordinates></Point></Placemark><Placemark><name>Rekonstruksi</name><description>Tipe: Rekonstruksi | Visual: Kerusakan parah, lubang besar dan permukaan jalan terkelupas | Panjang: 77 m</description><styleUrl>#lineStyle108</styleUrl><LineString><tessellate>1</tessellate><extrude>0</extrude><altitudeMode>clampToGround</altitudeMode><coordinates>103.38274419100495,-2.7909112314854774,0
103.38280959153217,-2.790888249653454,0</coordinates></LineString></Placemark><Style id="lineStyle109"><LineStyle><color>ff0000ff</color><width>4</width></LineStyle></Style><Placemark><name>34.991</name><description>MANGUN JAYA - BTS. KAB. MURA</description><styleUrl>#pointStyle</styleUrl><Point><coordinates>103.38280959153217,-2.790888249653454,0</coordinates></Point></Placemark><Placemark><name>35.04</name><description>MANGUN JAYA - BTS. KAB. MURA</description><styleUrl>#pointStyle</styleUrl><Point><coordinates>103.38191775595973,-2.791203278652467,0</coordinates></Point></Placemark><Placemark><name>Rekonstruksi</name><description>Tipe: Rekonstruksi | Visual: Kerusakan parah, lubang besar dan permukaan jalan terkelupas | Panjang: 49 m</description><styleUrl>#lineStyle109</styleUrl><LineString><tessellate>1</tessellate><extrude>0</extrude><altitudeMode>clampToGround</altitudeMode><coordinates>103.38280959153217,-2.790888249653454,0
103.38191775595973,-2.791203278652467,0</coordinates></LineString></Placemark><Style id="lineStyle110"><LineStyle><color>ffff0000</color><width>4</width></LineStyle></Style><Placemark><name>35.9</name><description>MANGUN JAYA - BTS. KAB. MURA</description><styleUrl>#pointStyle</styleUrl><Point><coordinates>103.374046,-2.7930538599999992,0</coordinates></Point></Placemark><Placemark><name>35.921</name><description>MANGUN JAYA - BTS. KAB. MURA</description><styleUrl>#pointStyle</styleUrl><Point><coordinates>103.3740645213123,-2.7930500590492455,0</coordinates></Point></Placemark><Placemark><name>Non Efektif</name><description>Tipe: Non Efektif | Visual: Kondisi baik, sedikit atau tidak ada retak | Panjang: 21 m</description><styleUrl>#lineStyle110</styleUrl><LineString><tessellate>1</tessellate><extrude>0</extrude><altitudeMode>clampToGround</altitudeMode><coordinates>103.374046,-2.7930538599999992,0
103.3740645213123,-2.7930500590492455,0</coordinates></LineString></Placemark><Style id="lineStyle111"><LineStyle><color>ff00ffff</color><width>4</width></LineStyle></Style><Placemark><name>35.921</name><description>MANGUN JAYA - BTS. KAB. MURA</description><styleUrl>#pointStyle</styleUrl><Point><coordinates>103.3740645213123,-2.7930500590492455,0</coordinates></Point></Placemark><Placemark><name>35.966</name><description>MANGUN JAYA - BTS. KAB. MURA</description><styleUrl>#pointStyle</styleUrl><Point><coordinates>103.37410420983863,-2.793041914153792,0</coordinates></Point></Placemark><Placemark><name>Rehab Mayor</name><description>Tipe: Rehab Mayor | Visual: Rusak Permukaan (Spot-spot) | Panjang: 45 m</description><styleUrl>#lineStyle111</styleUrl><LineString><tessellate>1</tessellate><extrude>0</extrude><altitudeMode>clampToGround</altitudeMode><coordinates>103.3740645213123,-2.7930500590492455,0
103.37410420983863,-2.793041914153792,0</coordinates></LineString></Placemark><Style id="lineStyle112"><LineStyle><color>ffff0000</color><width>4</width></LineStyle></Style><Placemark><name>35.966</name><description>MANGUN JAYA - BTS. KAB. MURA</description><styleUrl>#pointStyle</styleUrl><Point><coordinates>103.37410420983863,-2.793041914153792,0</coordinates></Point></Placemark><Placemark><name>36</name><description>MANGUN JAYA - BTS. KAB. MURA</description><styleUrl>#pointStyle</styleUrl><Point><coordinates>103.3731649,-2.7932346799999994,0</coordinates></Point></Placemark><Placemark><name>Non Efektif</name><description>Tipe: Non Efektif | Visual: None | Panjang: 34 m</description><styleUrl>#lineStyle112</styleUrl><LineString><tessellate>1</tessellate><extrude>0</extrude><altitudeMode>clampToGround</altitudeMode><coordinates>103.37410420983863,-2.793041914153792,0
103.3731649,-2.7932346799999994,0</coordinates></LineString></Placemark><Style id="lineStyle113"><LineStyle><color>ffff0000</color><width>4</width></LineStyle></Style><Placemark><name>39.2</name><description>MANGUN JAYA - BTS. KAB. MURA</description><styleUrl>#pointStyle</styleUrl><Point><coordinates>103.35244,-2.8116781699999995,0</coordinates></Point></Placemark><Placemark><name>39.308</name><description>MANGUN JAYA - BTS. KAB. MURA</description><styleUrl>#pointStyle</styleUrl><Point><coordinates>103.35167385543558,-2.812137217894552,0</coordinates></Point></Placemark><Placemark><name>Non Efektif</name><description>Tipe: Non Efektif | Visual: Kondisi baik, sedikit atau tidak ada retak | Panjang: 108 m</description><styleUrl>#lineStyle113</styleUrl><LineString><tessellate>1</tessellate><extrude>0</extrude><altitudeMode>clampToGround</altitudeMode><coordinates>103.35244,-2.8116781699999995,0
103.35167385543558,-2.812137217894552,0</coordinates></LineString></Placemark><Style id="lineStyle114"><LineStyle><color>ff00ffff</color><width>4</width></LineStyle></Style><Placemark><name>39.308</name><description>MANGUN JAYA - BTS. KAB. MURA</description><styleUrl>#pointStyle</styleUrl><Point><coordinates>103.35167385543558,-2.812137217894552,0</coordinates></Point></Placemark><Placemark><name>39.4</name><description>MANGUN JAYA - BTS. KAB. MURA</description><styleUrl>#pointStyle</styleUrl><Point><coordinates>103.3508607,-2.8125393100000005,0</coordinates></Point></Placemark><Placemark><name>Rehab Mayor</name><description>Tipe: Rehab Mayor | Visual: Rusak Permukaan (Spot-spot) | Panjang: 92 m</description><styleUrl>#lineStyle114</styleUrl><LineString><tessellate>1</tessellate><extrude>0</extrude><altitudeMode>clampToGround</altitudeMode><coordinates>103.35167385543558,-2.812137217894552,0
103.3508607,-2.8125393100000005,0</coordinates></LineString></Placemark><Style id="lineStyle115"><LineStyle><color>ff00ffff</color><width>4</width></LineStyle></Style><Placemark><name>39.4</name><description>MANGUN JAYA - BTS. KAB. MURA</description><styleUrl>#pointStyle</styleUrl><Point><coordinates>103.3508607,-2.8125393100000005,0</coordinates></Point></Placemark><Placemark><name>39.406</name><description>MANGUN JAYA - BTS. KAB. MURA</description><styleUrl>#pointStyle</styleUrl><Point><coordinates>103.35086569941225,-2.812537264978655,0</coordinates></Point></Placemark><Placemark><name>Rehab Mayor</name><description>Tipe: Rehab Mayor | Visual: Rusak Permukaan (Spot-spot) | Panjang: 6 m</description><styleUrl>#lineStyle115</styleUrl><LineString><tessellate>1</tessellate><extrude>0</extrude><altitudeMode>clampToGround</altitudeMode><coordinates>103.3508607,-2.8125393100000005,0
103.35086569941225,-2.812537264978655,0</coordinates></LineString></Placemark><Style id="lineStyle116"><LineStyle><color>ff0000ff</color><width>4</width></LineStyle></Style><Placemark><name>39.406</name><description>MANGUN JAYA - BTS. KAB. MURA</description><styleUrl>#pointStyle</styleUrl><Point><coordinates>103.35086569941225,-2.812537264978655,0</coordinates></Point></Placemark><Placemark><name>39.437</name><description>MANGUN JAYA - BTS. KAB. MURA</description><styleUrl>#pointStyle</styleUrl><Point><coordinates>103.35089152970886,-2.8125266990346987,0</coordinates></Point></Placemark><Placemark><name>Rekonstruksi</name><description>Tipe: Rekonstruksi | Visual: Kerusakan parah, lubang besar dan permukaan jalan terkelupas | Panjang: 31 m</description><styleUrl>#lineStyle116</styleUrl><LineString><tessellate>1</tessellate><extrude>0</extrude><altitudeMode>clampToGround</altitudeMode><coordinates>103.35086569941225,-2.812537264978655,0
103.35089152970886,-2.8125266990346987,0</coordinates></LineString></Placemark><Style id="lineStyle117"><LineStyle><color>ffff0000</color><width>4</width></LineStyle></Style><Placemark><name>41</name><description>MANGUN JAYA - BTS. KAB. MURA</description><styleUrl>#pointStyle</styleUrl><Point><coordinates>103.33816580000001,-2.81673634,0</coordinates></Point></Placemark><Placemark><name>41.075</name><description>MANGUN JAYA - BTS. KAB. MURA</description><styleUrl>#pointStyle</styleUrl><Point><coordinates>103.33815281629607,-2.8166701492575634,0</coordinates></Point></Placemark><Placemark><name>Non Efektif</name><description>Tipe: Non Efektif | Visual: Kondisi baik, sedikit atau tidak ada retak | Panjang: 75 m</description><styleUrl>#lineStyle117</styleUrl><LineString><tessellate>1</tessellate><extrude>0</extrude><altitudeMode>clampToGround</altitudeMode><coordinates>103.33816580000001,-2.81673634,0
103.33815281629607,-2.8166701492575634,0</coordinates></LineString></Placemark><Style id="lineStyle118"><LineStyle><color>ff00ff00</color><width>4</width></LineStyle></Style><Placemark><name>41.075</name><description>MANGUN JAYA - BTS. KAB. MURA</description><styleUrl>#pointStyle</styleUrl><Point><coordinates>103.33815281629607,-2.8166701492575634,0</coordinates></Point></Placemark><Placemark><name>41.2</name><description>MANGUN JAYA - BTS. KAB. MURA</description><styleUrl>#pointStyle</styleUrl><Point><coordinates>103.3386404,-2.818474269999999,0</coordinates></Point></Placemark><Placemark><name>Rehab Minor</name><description>Tipe: Rehab Minor | Visual: Aus Permukaan dan retak-ratak halus | Panjang: 125 m</description><styleUrl>#lineStyle118</styleUrl><LineString><tessellate>1</tessellate><extrude>0</extrude><altitudeMode>clampToGround</altitudeMode><coordinates>103.33815281629607,-2.8166701492575634,0
103.3386404,-2.818474269999999,0</coordinates></LineString></Placemark><Style id="lineStyle119"><LineStyle><color>ff00ff00</color><width>4</width></LineStyle></Style><Placemark><name>41.2</name><description>MANGUN JAYA - BTS. KAB. MURA</description><styleUrl>#pointStyle</styleUrl><Point><coordinates>103.3386404,-2.818474269999999,0</coordinates></Point></Placemark><Placemark><name>41.315</name><description>MANGUN JAYA - BTS. KAB. MURA</description><styleUrl>#pointStyle</styleUrl><Point><coordinates>103.33886383995845,-2.8193353360108424,0</coordinates></Point></Placemark><Placemark><name>Rehab Minor</name><description>Tipe: Rehab Minor | Visual: Aus Permukaan dan retak-ratak halus | Panjang: 115 m</description><styleUrl>#lineStyle119</styleUrl><LineString><tessellate>1</tessellate><extrude>0</extrude><altitudeMode>clampToGround</altitudeMode><coordinates>103.3386404,-2.818474269999999,0
103.33886383995845,-2.8193353360108424,0</coordinates></LineString></Placemark><Style id="lineStyle120"><LineStyle><color>ff0000ff</color><width>4</width></LineStyle></Style><Placemark><name>41.315</name><description>MANGUN JAYA - BTS. KAB. MURA</description><styleUrl>#pointStyle</styleUrl><Point><coordinates>103.33886383995845,-2.8193353360108424,0</coordinates></Point></Placemark><Placemark><name>41.351</name><description>MANGUN JAYA - BTS. KAB. MURA</description><styleUrl>#pointStyle</styleUrl><Point><coordinates>103.33885385585867,-2.8193045344368044,0</coordinates></Point></Placemark><Placemark><name>Rekonstruksi</name><description>Tipe: Rekonstruksi | Visual: Kerusakan parah, lubang besar dan permukaan jalan terkelupas | Panjang: 36 m</description><styleUrl>#lineStyle120</styleUrl><LineString><tessellate>1</tessellate><extrude>0</extrude><altitudeMode>clampToGround</altitudeMode><coordinates>103.33886383995845,-2.8193353360108424,0
103.33885385585867,-2.8193045344368044,0</coordinates></LineString></Placemark><Style id="lineStyle121"><LineStyle><color>ff00ffff</color><width>4</width></LineStyle></Style><Placemark><name>41.351</name><description>MANGUN JAYA - BTS. KAB. MURA</description><styleUrl>#pointStyle</styleUrl><Point><coordinates>103.33885385585867,-2.8193045344368044,0</coordinates></Point></Placemark><Placemark><name>41.563</name><description>MANGUN JAYA - BTS. KAB. MURA</description><styleUrl>#pointStyle</styleUrl><Point><coordinates>103.33940435420173,-2.82101290957927,0</coordinates></Point></Placemark><Placemark><name>Rehab Mayor</name><description>Tipe: Rehab Mayor | Visual: Rusak Permukaan (Spot-spot) | Panjang: 212 m</description><styleUrl>#lineStyle121</styleUrl><LineString><tessellate>1</tessellate><extrude>0</extrude><altitudeMode>clampToGround</altitudeMode><coordinates>103.33885385585867,-2.8193045344368044,0
103.33940435420173,-2.82101290957927,0</coordinates></LineString></Placemark><Style id="lineStyle122"><LineStyle><color>ff0000ff</color><width>4</width></LineStyle></Style><Placemark><name>41.563</name><description>MANGUN JAYA - BTS. KAB. MURA</description><styleUrl>#pointStyle</styleUrl><Point><coordinates>103.33940435420173,-2.82101290957927,0</coordinates></Point></Placemark><Placemark><name>41.6</name><description>MANGUN JAYA - BTS. KAB. MURA</description><styleUrl>#pointStyle</styleUrl><Point><coordinates>103.3396018,-2.82195303,0</coordinates></Point></Placemark><Placemark><name>Rekonstruksi</name><description>Tipe: Rekonstruksi | Visual: Kerusakan parah, lubang besar dan permukaan jalan terkelupas | Panjang: 37 m</description><styleUrl>#lineStyle122</styleUrl><LineString><tessellate>1</tessellate><extrude>0</extrude><altitudeMode>clampToGround</altitudeMode><coordinates>103.33940435420173,-2.82101290957927,0
103.3396018,-2.82195303,0</coordinates></LineString></Placemark><Style id="lineStyle123"><LineStyle><color>ff00ffff</color><width>4</width></LineStyle></Style><Placemark><name>41.6</name><description>MANGUN JAYA - BTS. KAB. MURA</description><styleUrl>#pointStyle</styleUrl><Point><coordinates>103.3396018,-2.82195303,0</coordinates></Point></Placemark><Placemark><name>41.888</name><description>MANGUN JAYA - BTS. KAB. MURA</description><styleUrl>#pointStyle</styleUrl><Point><coordinates>103.3399615296107,-2.8236434182958865,0</coordinates></Point></Placemark><Placemark><name>Rehab Mayor</name><description>Tipe: Rehab Mayor | Visual: Rusak Permukaan (Spot-spot) | Panjang: 288 m</description><styleUrl>#lineStyle123</styleUrl><LineString><tessellate>1</tessellate><extrude>0</extrude><altitudeMode>clampToGround</altitudeMode><coordinates>103.3396018,-2.82195303,0
103.3399615296107,-2.8236434182958865,0</coordinates></LineString></Placemark><Style id="lineStyle124"><LineStyle><color>ff0000ff</color><width>4</width></LineStyle></Style><Placemark><name>41.888</name><description>MANGUN JAYA - BTS. KAB. MURA</description><styleUrl>#pointStyle</styleUrl><Point><coordinates>103.3399615296107,-2.8236434182958865,0</coordinates></Point></Placemark><Placemark><name>41.925</name><description>MANGUN JAYA - BTS. KAB. MURA</description><styleUrl>#pointStyle</styleUrl><Point><coordinates>103.3401624819459,-2.824582719268433,0</coordinates></Point></Placemark><Placemark><name>Rekonstruksi</name><description>Tipe: Rekonstruksi | Visual: Kerusakan parah, lubang besar dan permukaan jalan terkelupas | Panjang: 37 m</description><styleUrl>#lineStyle124</styleUrl><LineString><tessellate>1</tessellate><extrude>0</extrude><altitudeMode>clampToGround</altitudeMode><coordinates>103.3399615296107,-2.8236434182958865,0
103.3401624819459,-2.824582719268433,0</coordinates></LineString></Placemark><Style id="lineStyle125"><LineStyle><color>ff00ffff</color><width>4</width></LineStyle></Style><Placemark><name>41.925</name><description>MANGUN JAYA - BTS. KAB. MURA</description><styleUrl>#pointStyle</styleUrl><Point><coordinates>103.3401624819459,-2.824582719268433,0</coordinates></Point></Placemark><Placemark><name>41.955</name><description>MANGUN JAYA - BTS. KAB. MURA</description><styleUrl>#pointStyle</styleUrl><Point><coordinates>103.340158140281,-2.824556090390538,0</coordinates></Point></Placemark><Placemark><name>Rehab Mayor</name><description>Tipe: Rehab Mayor | Visual: Rusak Permukaan (Spot-spot) | Panjang: 30 m</description><styleUrl>#lineStyle125</styleUrl><LineString><tessellate>1</tessellate><extrude>0</extrude><altitudeMode>clampToGround</altitudeMode><coordinates>103.3401624819459,-2.824582719268433,0
103.340158140281,-2.824556090390538,0</coordinates></LineString></Placemark><Style id="lineStyle126"><LineStyle><color>ff00ff00</color><width>4</width></LineStyle></Style><Placemark><name>41.955</name><description>MANGUN JAYA - BTS. KAB. MURA</description><styleUrl>#pointStyle</styleUrl><Point><coordinates>103.340158140281,-2.824556090390538,0</coordinates></Point></Placemark><Placemark><name>42.205</name><description>MANGUN JAYA - BTS. KAB. MURA</description><styleUrl>#pointStyle</styleUrl><Point><coordinates>103.3405195,-2.82681601,0</coordinates></Point></Placemark><Placemark><name>Rehab Minor</name><description>Tipe: Rehab Minor | Visual: Aus Permukaan dan retak-ratak halus | Panjang: 250 m</description><styleUrl>#lineStyle126</styleUrl><LineString><tessellate>1</tessellate><extrude>0</extrude><altitudeMode>clampToGround</altitudeMode><coordinates>103.340158140281,-2.824556090390538,0
103.3405195,-2.82681601,0</coordinates></LineString></Placemark><Style id="lineStyle127"><LineStyle><color>ff00ff00</color><width>4</width></LineStyle></Style><Placemark><name>0</name><description>BTS. KAB. MUBA - MUARA BELITI</description><styleUrl>#pointStyle</styleUrl><Point><coordinates>103.3405195,-2.82681601,0</coordinates></Point></Placemark><Placemark><name>0.185</name><description>BTS. KAB. MUBA - MUARA BELITI</description><styleUrl>#pointStyle</styleUrl><Point><coordinates>103.3406490973771,-2.8276335480430235,0</coordinates></Point></Placemark><Placemark><name>Rehab Minor</name><description>Tipe: Rehab Minor | Visual: Aus Permukaan dan retak-ratak halus | Panjang: 185 m</description><styleUrl>#lineStyle127</styleUrl><LineString><tessellate>1</tessellate><extrude>0</extrude><altitudeMode>clampToGround</altitudeMode><coordinates>103.3405195,-2.82681601,0
103.3406490973771,-2.8276335480430235,0</coordinates></LineString></Placemark><Style id="lineStyle128"><LineStyle><color>ff00ffff</color><width>4</width></LineStyle></Style><Placemark><name>0.417</name><description>BTS. KAB. MUBA - MUARA BELITI</description><styleUrl>#pointStyle</styleUrl><Point><coordinates>103.34107086441931,-2.8303748685709746,0</coordinates></Point></Placemark><Placemark><name>0.917</name><description>BTS. KAB. MUBA - MUARA BELITI</description><styleUrl>#pointStyle</styleUrl><Point><coordinates>103.33937467610357,-2.8343833919717696,0</coordinates></Point></Placemark><Placemark><name>Rehab Mayor</name><description>Tipe: Rehab Mayor | Visual: Rusak Permukaan (Spot-spot) | Panjang: 500 m</description><styleUrl>#lineStyle128</styleUrl><LineString><tessellate>1</tessellate><extrude>0</extrude><altitudeMode>clampToGround</altitudeMode><coordinates>103.34107086441931,-2.8303748685709746,0
103.33937467610357,-2.8343833919717696,0</coordinates></LineString></Placemark><Style id="lineStyle129"><LineStyle><color>ffff0000</color><width>4</width></LineStyle></Style><Placemark><name>0.917</name><description>BTS. KAB. MUBA - MUARA BELITI</description><styleUrl>#pointStyle</styleUrl><Point><coordinates>103.33937467610357,-2.8343833919717696,0</coordinates></Point></Placemark><Placemark><name>1.108</name><description>BTS. KAB. MUBA - MUARA BELITI</description><styleUrl>#pointStyle</styleUrl><Point><coordinates>103.33809716147495,-2.8356681308155345,0</coordinates></Point></Placemark><Placemark><name>Non Efektif</name><description>Tipe: Non Efektif | Visual: Kondisi baik, sedikit atau tidak ada retak | Panjang: 191 m</description><styleUrl>#lineStyle129</styleUrl><LineString><tessellate>1</tessellate><extrude>0</extrude><altitudeMode>clampToGround</altitudeMode><coordinates>103.33937467610357,-2.8343833919717696,0
103.33809716147495,-2.8356681308155345,0</coordinates></LineString></Placemark><Style id="lineStyle130"><LineStyle><color>ff00ffff</color><width>4</width></LineStyle></Style><Placemark><name>1.108</name><description>BTS. KAB. MUBA - MUARA BELITI</description><styleUrl>#pointStyle</styleUrl><Point><coordinates>103.33809716147495,-2.8356681308155345,0</coordinates></Point></Placemark><Placemark><name>1.7</name><description>BTS. KAB. MUBA - MUARA BELITI</description><styleUrl>#pointStyle</styleUrl><Point><coordinates>103.3348481,-2.8399684799999996,0</coordinates></Point></Placemark><Placemark><name>Rehab Mayor</name><description>Tipe: Rehab Mayor | Visual: Rusak Permukaan (Spot-spot) | Panjang: 592 m</description><styleUrl>#lineStyle130</styleUrl><LineString><tessellate>1</tessellate><extrude>0</extrude><altitudeMode>clampToGround</altitudeMode><coordinates>103.33809716147495,-2.8356681308155345,0
103.3348481,-2.8399684799999996,0</coordinates></LineString></Placemark><Style id="lineStyle131"><LineStyle><color>ff00ffff</color><width>4</width></LineStyle></Style><Placemark><name>1.7</name><description>BTS. KAB. MUBA - MUARA BELITI</description><styleUrl>#pointStyle</styleUrl><Point><coordinates>103.3348481,-2.8399684799999996,0</coordinates></Point></Placemark><Placemark><name>1.8</name><description>BTS. KAB. MUBA - MUARA BELITI</description><styleUrl>#pointStyle</styleUrl><Point><coordinates>103.3343884,-2.8407457700000007,0</coordinates></Point></Placemark><Placemark><name>Rehab Mayor</name><description>Tipe: Rehab Mayor | Visual: Rusak Permukaan (Spot-spot) | Panjang: 100 m</description><styleUrl>#lineStyle131</styleUrl><LineString><tessellate>1</tessellate><extrude>0</extrude><altitudeMode>clampToGround</altitudeMode><coordinates>103.3348481,-2.8399684799999996,0
103.3343884,-2.8407457700000007,0</coordinates></LineString></Placemark><Style id="lineStyle132"><LineStyle><color>ff0000ff</color><width>4</width></LineStyle></Style><Placemark><name>1.8</name><description>BTS. KAB. MUBA - MUARA BELITI</description><styleUrl>#pointStyle</styleUrl><Point><coordinates>103.3343884,-2.8407457700000007,0</coordinates></Point></Placemark><Placemark><name>1.85</name><description>BTS. KAB. MUBA - MUARA BELITI</description><styleUrl>#pointStyle</styleUrl><Point><coordinates>103.33441089564887,-2.840706819555258,0</coordinates></Point></Placemark><Placemark><name>Rekonstruksi</name><description>Tipe: Rekonstruksi | Visual: Kerusakan parah, lubang besar dan permukaan jalan terkelupas | Panjang: 50 m</description><styleUrl>#lineStyle132</styleUrl><LineString><tessellate>1</tessellate><extrude>0</extrude><altitudeMode>clampToGround</altitudeMode><coordinates>103.3343884,-2.8407457700000007,0
103.33441089564887,-2.840706819555258,0</coordinates></LineString></Placemark><Style id="lineStyle133"><LineStyle><color>ff00ffff</color><width>4</width></LineStyle></Style><Placemark><name>1.85</name><description>BTS. KAB. MUBA - MUARA BELITI</description><styleUrl>#pointStyle</styleUrl><Point><coordinates>103.33441089564887,-2.840706819555258,0</coordinates></Point></Placemark><Placemark><name>1.9</name><description>BTS. KAB. MUBA - MUARA BELITI</description><styleUrl>#pointStyle</styleUrl><Point><coordinates>103.3339368,-2.8415277,0</coordinates></Point></Placemark><Placemark><name>Rehab Mayor</name><description>Tipe: Rehab Mayor | Visual: Rusak Permukaan (Spot-spot) | Panjang: 50 m</description><styleUrl>#lineStyle133</styleUrl><LineString><tessellate>1</tessellate><extrude>0</extrude><altitudeMode>clampToGround</altitudeMode><coordinates>103.33441089564887,-2.840706819555258,0
103.3339368,-2.8415277,0</coordinates></LineString></Placemark><Style id="lineStyle134"><LineStyle><color>ff00ffff</color><width>4</width></LineStyle></Style><Placemark><name>1.9</name><description>BTS. KAB. MUBA - MUARA BELITI</description><styleUrl>#pointStyle</styleUrl><Point><coordinates>103.3339368,-2.8415277,0</coordinates></Point></Placemark><Placemark><name>2.302</name><description>BTS. KAB. MUBA - MUARA BELITI</description><styleUrl>#pointStyle</styleUrl><Point><coordinates>103.3313502928656,-2.8439692340396725,0</coordinates></Point></Placemark><Placemark><name>Rehab Mayor</name><description>Tipe: Rehab Mayor | Visual: Rusak Permukaan (Spot-spot) | Panjang: 402 m</description><styleUrl>#lineStyle134</styleUrl><LineString><tessellate>1</tessellate><extrude>0</extrude><altitudeMode>clampToGround</altitudeMode><coordinates>103.3339368,-2.8415277,0
103.3313502928656,-2.8439692340396725,0</coordinates></LineString></Placemark><Style id="lineStyle135"><LineStyle><color>ff00ff00</color><width>4</width></LineStyle></Style><Placemark><name>2.302</name><description>BTS. KAB. MUBA - MUARA BELITI</description><styleUrl>#pointStyle</styleUrl><Point><coordinates>103.3313502928656,-2.8439692340396725,0</coordinates></Point></Placemark><Placemark><name>2.402</name><description>BTS. KAB. MUBA - MUARA BELITI</description><styleUrl>#pointStyle</styleUrl><Point><coordinates>103.330603188959,-2.8444726582796074,0</coordinates></Point></Placemark><Placemark><name>Rehab Minor</name><description>Tipe: Rehab Minor | Visual: Aus Permukaan dan retak-ratak halus | Panjang: 100 m</description><styleUrl>#lineStyle135</styleUrl><LineString><tessellate>1</tessellate><extrude>0</extrude><altitudeMode>clampToGround</altitudeMode><coordinates>103.3313502928656,-2.8439692340396725,0
103.330603188959,-2.8444726582796074,0</coordinates></LineString></Placemark><Style id="lineStyle136"><LineStyle><color>ffff0000</color><width>4</width></LineStyle></Style><Placemark><name>3</name><description>BTS. KAB. MUBA - MUARA BELITI</description><styleUrl>#pointStyle</styleUrl><Point><coordinates>103.3258018,-2.8468753400000004,0</coordinates></Point></Placemark><Placemark><name>3.1</name><description>BTS. KAB. MUBA - MUARA BELITI</description><styleUrl>#pointStyle</styleUrl><Point><coordinates>103.32506249999999,-2.8473876199999997,0</coordinates></Point></Placemark><Placemark><name>Non Efektif</name><description>Tipe: Non Efektif | Visual: Kondisi baik, sedikit atau tidak ada retak | Panjang: 100 m</description><styleUrl>#lineStyle136</styleUrl><LineString><tessellate>1</tessellate><extrude>0</extrude><altitudeMode>clampToGround</altitudeMode><coordinates>103.3258018,-2.8468753400000004,0
103.32506249999999,-2.8473876199999997,0</coordinates></LineString></Placemark><Style id="lineStyle137"><LineStyle><color>ff00ffff</color><width>4</width></LineStyle></Style><Placemark><name>3.2</name><description>BTS. KAB. MUBA - MUARA BELITI</description><styleUrl>#pointStyle</styleUrl><Point><coordinates>103.3244524,-2.84805078,0</coordinates></Point></Placemark><Placemark><name>3.224</name><description>BTS. KAB. MUBA - MUARA BELITI</description><styleUrl>#pointStyle</styleUrl><Point><coordinates>103.32446709895109,-2.8480349581429496,0</coordinates></Point></Placemark><Placemark><name>Rehab Mayor</name><description>Tipe: Rehab Mayor | Visual: Rusak Permukaan (Spot-spot) | Panjang: 24 m</description><styleUrl>#lineStyle137</styleUrl><LineString><tessellate>1</tessellate><extrude>0</extrude><altitudeMode>clampToGround</altitudeMode><coordinates>103.3244524,-2.84805078,0
103.32446709895109,-2.8480349581429496,0</coordinates></LineString></Placemark><Style id="lineStyle138"><LineStyle><color>ff0000ff</color><width>4</width></LineStyle></Style><Placemark><name>3.224</name><description>BTS. KAB. MUBA - MUARA BELITI</description><styleUrl>#pointStyle</styleUrl><Point><coordinates>103.32446709895109,-2.8480349581429496,0</coordinates></Point></Placemark><Placemark><name>3.25</name><description>BTS. KAB. MUBA - MUARA BELITI</description><styleUrl>#pointStyle</styleUrl><Point><coordinates>103.32448302281477,-2.8480178177976,0</coordinates></Point></Placemark><Placemark><name>Rekonstruksi</name><description>Tipe: Rekonstruksi | Visual: Kerusakan parah, lubang besar dan permukaan jalan terkelupas | Panjang: 26 m</description><styleUrl>#lineStyle138</styleUrl><LineString><tessellate>1</tessellate><extrude>0</extrude><altitudeMode>clampToGround</altitudeMode><coordinates>103.32446709895109,-2.8480349581429496,0
103.32448302281477,-2.8480178177976,0</coordinates></LineString></Placemark><Style id="lineStyle139"><LineStyle><color>ff00ffff</color><width>4</width></LineStyle></Style><Placemark><name>3.25</name><description>BTS. KAB. MUBA - MUARA BELITI</description><styleUrl>#pointStyle</styleUrl><Point><coordinates>103.32448302281477,-2.8480178177976,0</coordinates></Point></Placemark><Placemark><name>3.4</name><description>BTS. KAB. MUBA - MUARA BELITI</description><styleUrl>#pointStyle</styleUrl><Point><coordinates>103.3231738,-2.84931932,0</coordinates></Point></Placemark><Placemark><name>Rehab Mayor</name><description>Tipe: Rehab Mayor | Visual: Rusak Permukaan (Spot-spot) | Panjang: 150 m</description><styleUrl>#lineStyle139</styleUrl><LineString><tessellate>1</tessellate><extrude>0</extrude><altitudeMode>clampToGround</altitudeMode><coordinates>103.32448302281477,-2.8480178177976,0
103.3231738,-2.84931932,0</coordinates></LineString></Placemark><Style id="lineStyle140"><LineStyle><color>ff00ffff</color><width>4</width></LineStyle></Style><Placemark><name>3.705</name><description>BTS. KAB. MUBA - MUARA BELITI</description><styleUrl>#pointStyle</styleUrl><Point><coordinates>103.32122595300461,-2.8511893157660824,0</coordinates></Point></Placemark><Placemark><name>3.86</name><description>BTS. KAB. MUBA - MUARA BELITI</description><styleUrl>#pointStyle</styleUrl><Point><coordinates>103.32066850475536,-2.8518345374048244,0</coordinates></Point></Placemark><Placemark><name>Rehab Mayor</name><description>Tipe: Rehab Mayor | Visual: Rusak Permukaan (Spot-spot) | Panjang: 155 m</description><styleUrl>#lineStyle140</styleUrl><LineString><tessellate>1</tessellate><extrude>0</extrude><altitudeMode>clampToGround</altitudeMode><coordinates>103.32122595300461,-2.8511893157660824,0
103.32066850475536,-2.8518345374048244,0</coordinates></LineString></Placemark><Style id="lineStyle141"><LineStyle><color>ffff0000</color><width>4</width></LineStyle></Style><Placemark><name>4.1</name><description>BTS. KAB. MUBA - MUARA BELITI</description><styleUrl>#pointStyle</styleUrl><Point><coordinates>103.31864380000002,-2.85370367,0</coordinates></Point></Placemark><Placemark><name>4.145</name><description>BTS. KAB. MUBA - MUARA BELITI</description><styleUrl>#pointStyle</styleUrl><Point><coordinates>103.3186760499469,-2.8536791690394985,0</coordinates></Point></Placemark><Placemark><name>Non Efektif</name><description>Tipe: Non Efektif | Visual: Kondisi baik, sedikit atau tidak ada retak | Panjang: 45 m</description><styleUrl>#lineStyle141</styleUrl><LineString><tessellate>1</tessellate><extrude>0</extrude><altitudeMode>clampToGround</altitudeMode><coordinates>103.31864380000002,-2.85370367,0
103.3186760499469,-2.8536791690394985,0</coordinates></LineString></Placemark><Style id="lineStyle142"><LineStyle><color>ff00ffff</color><width>4</width></LineStyle></Style><Placemark><name>4.145</name><description>BTS. KAB. MUBA - MUARA BELITI</description><styleUrl>#pointStyle</styleUrl><Point><coordinates>103.3186760499469,-2.8536791690394985,0</coordinates></Point></Placemark><Placemark><name>4.465</name><description>BTS. KAB. MUBA - MUARA BELITI</description><styleUrl>#pointStyle</styleUrl><Point><coordinates>103.31635964343616,-2.8549935378461644,0</coordinates></Point></Placemark><Placemark><name>Rehab Mayor</name><description>Tipe: Rehab Mayor | Visual: Rusak Permukaan (Spot-spot) | Panjang: 320 m</description><styleUrl>#lineStyle142</styleUrl><LineString><tessellate>1</tessellate><extrude>0</extrude><altitudeMode>clampToGround</altitudeMode><coordinates>103.3186760499469,-2.8536791690394985,0
103.31635964343616,-2.8549935378461644,0</coordinates></LineString></Placemark><Style id="lineStyle143"><LineStyle><color>ffff0000</color><width>4</width></LineStyle></Style><Placemark><name>4.465</name><description>BTS. KAB. MUBA - MUARA BELITI</description><styleUrl>#pointStyle</styleUrl><Point><coordinates>103.31635964343616,-2.8549935378461644,0</coordinates></Point></Placemark><Placemark><name>4.5</name><description>BTS. KAB. MUBA - MUARA BELITI</description><styleUrl>#pointStyle</styleUrl><Point><coordinates>103.31552240000002,-2.8554511400000004,0</coordinates></Point></Placemark><Placemark><name>Non Efektif</name><description>Tipe: Non Efektif | Visual: None | Panjang: 35 m</description><styleUrl>#lineStyle143</styleUrl><LineString><tessellate>1</tessellate><extrude>0</extrude><altitudeMode>clampToGround</altitudeMode><coordinates>103.31635964343616,-2.8549935378461644,0
103.31552240000002,-2.8554511400000004,0</coordinates></LineString></Placemark><Style id="lineStyle144"><LineStyle><color>ffff0000</color><width>4</width></LineStyle></Style><Placemark><name>5.2</name><description>BTS. KAB. MUBA - MUARA BELITI</description><styleUrl>#pointStyle</styleUrl><Point><coordinates>103.3134637,-2.8609340699999994,0</coordinates></Point></Placemark><Placemark><name>5.261</name><description>BTS. KAB. MUBA - MUARA BELITI</description><styleUrl>#pointStyle</styleUrl><Point><coordinates>103.31347083803539,-2.8608796765872673,0</coordinates></Point></Placemark><Placemark><name>Non Efektif</name><description>Tipe: Non Efektif | Visual: Kondisi baik, sedikit atau tidak ada retak | Panjang: 61 m</description><styleUrl>#lineStyle144</styleUrl><LineString><tessellate>1</tessellate><extrude>0</extrude><altitudeMode>clampToGround</altitudeMode><coordinates>103.3134637,-2.8609340699999994,0
103.31347083803539,-2.8608796765872673,0</coordinates></LineString></Placemark><Style id="lineStyle145"><LineStyle><color>ff00ffff</color><width>4</width></LineStyle></Style><Placemark><name>5.261</name><description>BTS. KAB. MUBA - MUARA BELITI</description><styleUrl>#pointStyle</styleUrl><Point><coordinates>103.31347083803539,-2.8608796765872673,0</coordinates></Point></Placemark><Placemark><name>5.335</name><description>BTS. KAB. MUBA - MUARA BELITI</description><styleUrl>#pointStyle</styleUrl><Point><coordinates>103.3133455946424,-2.861795696734503,0</coordinates></Point></Placemark><Placemark><name>Rehab Mayor</name><description>Tipe: Rehab Mayor | Visual: Rusak Permukaan (Spot-spot) | Panjang: 74 m</description><styleUrl>#lineStyle145</styleUrl><LineString><tessellate>1</tessellate><extrude>0</extrude><altitudeMode>clampToGround</altitudeMode><coordinates>103.31347083803539,-2.8608796765872673,0
103.3133455946424,-2.861795696734503,0</coordinates></LineString></Placemark><Style id="lineStyle146"><LineStyle><color>ff0000ff</color><width>4</width></LineStyle></Style><Placemark><name>5.335</name><description>BTS. KAB. MUBA - MUARA BELITI</description><styleUrl>#pointStyle</styleUrl><Point><coordinates>103.3133455946424,-2.861795696734503,0</coordinates></Point></Placemark><Placemark><name>5.4</name><description>BTS. KAB. MUBA - MUARA BELITI</description><styleUrl>#pointStyle</styleUrl><Point><coordinates>103.31337249999999,-2.8627307199999996,0</coordinates></Point></Placemark><Placemark><name>Rekonstruksi</name><description>Tipe: Rekonstruksi | Visual: Kerusakan parah, lubang besar dan permukaan jalan terkelupas | Panjang: 65 m</description><styleUrl>#lineStyle146</styleUrl><LineString><tessellate>1</tessellate><extrude>0</extrude><altitudeMode>clampToGround</altitudeMode><coordinates>103.3133455946424,-2.861795696734503,0
103.31337249999999,-2.8627307199999996,0</coordinates></LineString></Placemark><Style id="lineStyle147"><LineStyle><color>ff0000ff</color><width>4</width></LineStyle></Style><Placemark><name>5.4</name><description>BTS. KAB. MUBA - MUARA BELITI</description><styleUrl>#pointStyle</styleUrl><Point><coordinates>103.31337249999999,-2.8627307199999996,0</coordinates></Point></Placemark><Placemark><name>5.425</name><description>BTS. KAB. MUBA - MUARA BELITI</description><styleUrl>#pointStyle</styleUrl><Point><coordinates>103.31336792575588,-2.862708706014078,0</coordinates></Point></Placemark><Placemark><name>Rekonstruksi</name><description>Tipe: Rekonstruksi | Visual: Kerusakan parah, lubang besar dan permukaan jalan terkelupas | Panjang: 25 m</description><styleUrl>#lineStyle147</styleUrl><LineString><tessellate>1</tessellate><extrude>0</extrude><altitudeMode>clampToGround</altitudeMode><coordinates>103.31337249999999,-2.8627307199999996,0
103.31336792575588,-2.862708706014078,0</coordinates></LineString></Placemark><Style id="lineStyle148"><LineStyle><color>ff00ffff</color><width>4</width></LineStyle></Style><Placemark><name>5.425</name><description>BTS. KAB. MUBA - MUARA BELITI</description><styleUrl>#pointStyle</styleUrl><Point><coordinates>103.31336792575588,-2.862708706014078,0</coordinates></Point></Placemark><Placemark><name>5.484</name><description>BTS. KAB. MUBA - MUARA BELITI</description><styleUrl>#pointStyle</styleUrl><Point><coordinates>103.31335713053977,-2.862656753007231,0</coordinates></Point></Placemark><Placemark><name>Rehab Mayor</name><description>Tipe: Rehab Mayor | Visual: Rusak Permukaan (Spot-spot) | Panjang: 59 m</description><styleUrl>#lineStyle148</styleUrl><LineString><tessellate>1</tessellate><extrude>0</extrude><altitudeMode>clampToGround</altitudeMode><coordinates>103.31336792575588,-2.862708706014078,0
103.31335713053977,-2.862656753007231,0</coordinates></LineString></Placemark><Style id="lineStyle149"><LineStyle><color>ff0000ff</color><width>4</width></LineStyle></Style><Placemark><name>5.484</name><description>BTS. KAB. MUBA - MUARA BELITI</description><styleUrl>#pointStyle</styleUrl><Point><coordinates>103.31335713053977,-2.862656753007231,0</coordinates></Point></Placemark><Placemark><name>5.514</name><description>BTS. KAB. MUBA - MUARA BELITI</description><styleUrl>#pointStyle</styleUrl><Point><coordinates>103.31354973137367,-2.86360236984631,0</coordinates></Point></Placemark><Placemark><name>Rekonstruksi</name><description>Tipe: Rekonstruksi | Visual: Kerusakan parah, lubang besar dan permukaan jalan terkelupas | Panjang: 30 m</description><styleUrl>#lineStyle149</styleUrl><LineString><tessellate>1</tessellate><extrude>0</extrude><altitudeMode>clampToGround</altitudeMode><coordinates>103.31335713053977,-2.862656753007231,0
103.31354973137367,-2.86360236984631,0</coordinates></LineString></Placemark><Style id="lineStyle150"><LineStyle><color>ff0000ff</color><width>4</width></LineStyle></Style><Placemark><name>10.7</name><description>BTS. KAB. MUBA - MUARA BELITI</description><styleUrl>#pointStyle</styleUrl><Point><coordinates>103.3125323,-2.89959256,0</coordinates></Point></Placemark><Placemark><name>10.947</name><description>BTS. KAB. MUBA - MUARA BELITI</description><styleUrl>#pointStyle</styleUrl><Point><coordinates>103.31137346601889,-2.9009094128584594,0</coordinates></Point></Placemark><Placemark><name>Rekonstruksi</name><description>Tipe: Rekonstruksi | Visual: Kerusakan parah, lubang besar dan permukaan jalan terkelupas | Panjang: 247 m</description><styleUrl>#lineStyle150</styleUrl><LineString><tessellate>1</tessellate><extrude>0</extrude><altitudeMode>clampToGround</altitudeMode><coordinates>103.3125323,-2.89959256,0
103.31137346601889,-2.9009094128584594,0</coordinates></LineString></Placemark><Style id="lineStyle151"><LineStyle><color>ff00ffff</color><width>4</width></LineStyle></Style><Placemark><name>10.947</name><description>BTS. KAB. MUBA - MUARA BELITI</description><styleUrl>#pointStyle</styleUrl><Point><coordinates>103.31137346601889,-2.9009094128584594,0</coordinates></Point></Placemark><Placemark><name>11</name><description>BTS. KAB. MUBA - MUARA BELITI</description><styleUrl>#pointStyle</styleUrl><Point><coordinates>103.3110386,-2.90179406,0</coordinates></Point></Placemark><Placemark><name>Rehab Mayor</name><description>Tipe: Rehab Mayor | Visual: Rusak Permukaan (Spot-spot) | Panjang: 53 m</description><styleUrl>#lineStyle151</styleUrl><LineString><tessellate>1</tessellate><extrude>0</extrude><altitudeMode>clampToGround</altitudeMode><coordinates>103.31137346601889,-2.9009094128584594,0
103.3110386,-2.90179406,0</coordinates></LineString></Placemark><Style id="lineStyle152"><LineStyle><color>ff00ffff</color><width>4</width></LineStyle></Style><Placemark><name>11</name><description>BTS. KAB. MUBA - MUARA BELITI</description><styleUrl>#pointStyle</styleUrl><Point><coordinates>103.3110386,-2.90179406,0</coordinates></Point></Placemark><Placemark><name>11.058</name><description>BTS. KAB. MUBA - MUARA BELITI</description><styleUrl>#pointStyle</styleUrl><Point><coordinates>103.31105551059758,-2.9017447092318123,0</coordinates></Point></Placemark><Placemark><name>Rehab Mayor</name><description>Tipe: Rehab Mayor | Visual: Rusak Permukaan (Spot-spot) | Panjang: 58 m</description><styleUrl>#lineStyle152</styleUrl><LineString><tessellate>1</tessellate><extrude>0</extrude><altitudeMode>clampToGround</altitudeMode><coordinates>103.3110386,-2.90179406,0
103.31105551059758,-2.9017447092318123,0</coordinates></LineString></Placemark><Style id="lineStyle153"><LineStyle><color>ff0000ff</color><width>4</width></LineStyle></Style><Placemark><name>11.058</name><description>BTS. KAB. MUBA - MUARA BELITI</description><styleUrl>#pointStyle</styleUrl><Point><coordinates>103.31105551059758,-2.9017447092318123,0</coordinates></Point></Placemark><Placemark><name>11.108</name><description>BTS. KAB. MUBA - MUARA BELITI</description><styleUrl>#pointStyle</styleUrl><Point><coordinates>103.3107456709544,-2.9026416454856334,0</coordinates></Point></Placemark><Placemark><name>Rekonstruksi</name><description>Tipe: Rekonstruksi | Visual: Kerusakan parah, lubang besar dan permukaan jalan terkelupas | Panjang: 50 m</description><styleUrl>#lineStyle153</styleUrl><LineString><tessellate>1</tessellate><extrude>0</extrude><altitudeMode>clampToGround</altitudeMode><coordinates>103.31105551059758,-2.9017447092318123,0
103.3107456709544,-2.9026416454856334,0</coordinates></LineString></Placemark><Style id="lineStyle154"><LineStyle><color>ff00ffff</color><width>4</width></LineStyle></Style><Placemark><name>11.108</name><description>BTS. KAB. MUBA - MUARA BELITI</description><styleUrl>#pointStyle</styleUrl><Point><coordinates>103.3107456709544,-2.9026416454856334,0</coordinates></Point></Placemark><Placemark><name>11.173</name><description>BTS. KAB. MUBA - MUARA BELITI</description><styleUrl>#pointStyle</styleUrl><Point><coordinates>103.3107454349589,-2.902583190056404,0</coordinates></Point></Placemark><Placemark><name>Rehab Mayor</name><description>Tipe: Rehab Mayor | Visual: Rusak Permukaan (Spot-spot) | Panjang: 65 m</description><styleUrl>#lineStyle154</styleUrl><LineString><tessellate>1</tessellate><extrude>0</extrude><altitudeMode>clampToGround</altitudeMode><coordinates>103.3107456709544,-2.9026416454856334,0
103.3107454349589,-2.902583190056404,0</coordinates></LineString></Placemark><Style id="lineStyle155"><LineStyle><color>ffff0000</color><width>4</width></LineStyle></Style><Placemark><name>14.1</name><description>BTS. KAB. MUBA - MUARA BELITI</description><styleUrl>#pointStyle</styleUrl><Point><coordinates>103.3147688,-2.9172779000000006,0</coordinates></Point></Placemark><Placemark><name>14.225</name><description>BTS. KAB. MUBA - MUARA BELITI</description><styleUrl>#pointStyle</styleUrl><Point><coordinates>103.31389356107043,-2.917330775332051,0</coordinates></Point></Placemark><Placemark><name>Non Efektif</name><description>Tipe: Non Efektif | Visual: Kondisi baik, sedikit atau tidak ada retak | Panjang: 125 m</description><styleUrl>#lineStyle155</styleUrl><LineString><tessellate>1</tessellate><extrude>0</extrude><altitudeMode>clampToGround</altitudeMode><coordinates>103.3147688,-2.9172779000000006,0
103.31389356107043,-2.917330775332051,0</coordinates></LineString></Placemark><Style id="lineStyle156"><LineStyle><color>ff00ffff</color><width>4</width></LineStyle></Style><Placemark><name>14.225</name><description>BTS. KAB. MUBA - MUARA BELITI</description><styleUrl>#pointStyle</styleUrl><Point><coordinates>103.31389356107043,-2.917330775332051,0</coordinates></Point></Placemark><Placemark><name>14.7</name><description>BTS. KAB. MUBA - MUARA BELITI</description><styleUrl>#pointStyle</styleUrl><Point><coordinates>103.3094756,-2.91812657,0</coordinates></Point></Placemark><Placemark><name>Rehab Mayor</name><description>Tipe: Rehab Mayor | Visual: Rusak Permukaan (Spot-spot) | Panjang: 475 m</description><styleUrl>#lineStyle156</styleUrl><LineString><tessellate>1</tessellate><extrude>0</extrude><altitudeMode>clampToGround</altitudeMode><coordinates>103.31389356107043,-2.917330775332051,0
103.3094756,-2.91812657,0</coordinates></LineString></Placemark><Style id="lineStyle157"><LineStyle><color>ff00ffff</color><width>4</width></LineStyle></Style><Placemark><name>14.7</name><description>BTS. KAB. MUBA - MUARA BELITI</description><styleUrl>#pointStyle</styleUrl><Point><coordinates>103.3094756,-2.91812657,0</coordinates></Point></Placemark><Placemark><name>14.704</name><description>BTS. KAB. MUBA - MUARA BELITI</description><styleUrl>#pointStyle</styleUrl><Point><coordinates>103.30947803225351,-2.918123916710602,0</coordinates></Point></Placemark><Placemark><name>Rehab Mayor</name><description>Tipe: Rehab Mayor | Visual: Rusak Permukaan (Spot-spot) | Panjang: 4 m</description><styleUrl>#lineStyle157</styleUrl><LineString><tessellate>1</tessellate><extrude>0</extrude><altitudeMode>clampToGround</altitudeMode><coordinates>103.3094756,-2.91812657,0
103.30947803225351,-2.918123916710602,0</coordinates></LineString></Placemark><Style id="lineStyle158"><LineStyle><color>ff0000ff</color><width>4</width></LineStyle></Style><Placemark><name>14.704</name><description>BTS. KAB. MUBA - MUARA BELITI</description><styleUrl>#pointStyle</styleUrl><Point><coordinates>103.30947803225351,-2.918123916710602,0</coordinates></Point></Placemark><Placemark><name>14.782</name><description>BTS. KAB. MUBA - MUARA BELITI</description><styleUrl>#pointStyle</styleUrl><Point><coordinates>103.3095254611973,-2.91807217756629,0</coordinates></Point></Placemark><Placemark><name>Rekonstruksi</name><description>Tipe: Rekonstruksi | Visual: Kerusakan parah, lubang besar dan permukaan jalan terkelupas | Panjang: 78 m</description><styleUrl>#lineStyle158</styleUrl><LineString><tessellate>1</tessellate><extrude>0</extrude><altitudeMode>clampToGround</altitudeMode><coordinates>103.30947803225351,-2.918123916710602,0
103.3095254611973,-2.91807217756629,0</coordinates></LineString></Placemark><Style id="lineStyle159"><LineStyle><color>ff00ffff</color><width>4</width></LineStyle></Style><Placemark><name>14.782</name><description>BTS. KAB. MUBA - MUARA BELITI</description><styleUrl>#pointStyle</styleUrl><Point><coordinates>103.3095254611973,-2.91807217756629,0</coordinates></Point></Placemark><Placemark><name>14.822</name><description>BTS. KAB. MUBA - MUARA BELITI</description><styleUrl>#pointStyle</styleUrl><Point><coordinates>103.3088817533662,-2.9187617276517255,0</coordinates></Point></Placemark><Placemark><name>Rehab Mayor</name><description>Tipe: Rehab Mayor | Visual: Rusak Permukaan (Spot-spot) | Panjang: 40 m</description><styleUrl>#lineStyle159</styleUrl><LineString><tessellate>1</tessellate><extrude>0</extrude><altitudeMode>clampToGround</altitudeMode><coordinates>103.3095254611973,-2.91807217756629,0
103.3088817533662,-2.9187617276517255,0</coordinates></LineString></Placemark><Style id="lineStyle160"><LineStyle><color>ff0000ff</color><width>4</width></LineStyle></Style><Placemark><name>15.554</name><description>BTS. KAB. MUBA - MUARA BELITI</description><styleUrl>#pointStyle</styleUrl><Point><coordinates>103.30788380876058,-2.9249632009158466,0</coordinates></Point></Placemark><Placemark><name>15.594</name><description>BTS. KAB. MUBA - MUARA BELITI</description><styleUrl>#pointStyle</styleUrl><Point><coordinates>103.30789307450917,-2.9249284386311984,0</coordinates></Point></Placemark><Placemark><name>Rekonstruksi</name><description>Tipe: Rekonstruksi | Visual: Kerusakan parah, lubang besar dan permukaan jalan terkelupas | Panjang: 40 m</description><styleUrl>#lineStyle160</styleUrl><LineString><tessellate>1</tessellate><extrude>0</extrude><altitudeMode>clampToGround</altitudeMode><coordinates>103.30788380876058,-2.9249632009158466,0
103.30789307450917,-2.9249284386311984,0</coordinates></LineString></Placemark><Style id="lineStyle161"><LineStyle><color>ff00ffff</color><width>4</width></LineStyle></Style><Placemark><name>17.495</name><description>BTS. KAB. MUBA - MUARA BELITI</description><styleUrl>#pointStyle</styleUrl><Point><coordinates>103.30441242722213,-2.9404741317096774,0</coordinates></Point></Placemark><Placemark><name>17.613</name><description>BTS. KAB. MUBA - MUARA BELITI</description><styleUrl>#pointStyle</styleUrl><Point><coordinates>103.30321267507223,-2.9418842456168335,0</coordinates></Point></Placemark><Placemark><name>Rehab Mayor</name><description>Tipe: Rehab Mayor | Visual: Rusak Permukaan (Spot-spot) | Panjang: 118 m</description><styleUrl>#lineStyle161</styleUrl><LineString><tessellate>1</tessellate><extrude>0</extrude><altitudeMode>clampToGround</altitudeMode><coordinates>103.30441242722213,-2.9404741317096774,0
103.30321267507223,-2.9418842456168335,0</coordinates></LineString></Placemark><Style id="lineStyle162"><LineStyle><color>ff0000ff</color><width>4</width></LineStyle></Style><Placemark><name>18.889</name><description>BTS. KAB. MUBA - MUARA BELITI</description><styleUrl>#pointStyle</styleUrl><Point><coordinates>103.3066803138811,-2.9511764884654026,0</coordinates></Point></Placemark><Placemark><name>19.01</name><description>BTS. KAB. MUBA - MUARA BELITI</description><styleUrl>#pointStyle</styleUrl><Point><coordinates>103.30736539413645,-2.952925424702363,0</coordinates></Point></Placemark><Placemark><name>Rekonstruksi</name><description>Tipe: Rekonstruksi | Visual: Kerusakan parah, lubang besar dan permukaan jalan terkelupas | Panjang: 121 m</description><styleUrl>#lineStyle162</styleUrl><LineString><tessellate>1</tessellate><extrude>0</extrude><altitudeMode>clampToGround</altitudeMode><coordinates>103.3066803138811,-2.9511764884654026,0
103.30736539413645,-2.952925424702363,0</coordinates></LineString></Placemark><Style id="lineStyle163"><LineStyle><color>ff0000ff</color><width>4</width></LineStyle></Style><Placemark><name>19.33</name><description>BTS. KAB. MUBA - MUARA BELITI</description><styleUrl>#pointStyle</styleUrl><Point><coordinates>103.30783979238373,-2.9555348219319666,0</coordinates></Point></Placemark><Placemark><name>19.37</name><description>BTS. KAB. MUBA - MUARA BELITI</description><styleUrl>#pointStyle</styleUrl><Point><coordinates>103.3078401822287,-2.955498851174589,0</coordinates></Point></Placemark><Placemark><name>Rekonstruksi</name><description>Tipe: Rekonstruksi | Visual: Kerusakan parah, lubang besar dan permukaan jalan terkelupas | Panjang: 40 m</description><styleUrl>#lineStyle163</styleUrl><LineString><tessellate>1</tessellate><extrude>0</extrude><altitudeMode>clampToGround</altitudeMode><coordinates>103.30783979238373,-2.9555348219319666,0
103.3078401822287,-2.955498851174589,0</coordinates></LineString></Placemark><Style id="lineStyle164"><LineStyle><color>ff0000ff</color><width>4</width></LineStyle></Style><Placemark><name>19.416</name><description>BTS. KAB. MUBA - MUARA BELITI</description><styleUrl>#pointStyle</styleUrl><Point><coordinates>103.30783012330366,-2.9564516570655104,0</coordinates></Point></Placemark><Placemark><name>19.456</name><description>BTS. KAB. MUBA - MUARA BELITI</description><styleUrl>#pointStyle</styleUrl><Point><coordinates>103.30783118156273,-2.9564156997292854,0</coordinates></Point></Placemark><Placemark><name>Rekonstruksi</name><description>Tipe: Rekonstruksi | Visual: Kerusakan parah, lubang besar dan permukaan jalan terkelupas | Panjang: 40 m</description><styleUrl>#lineStyle164</styleUrl><LineString><tessellate>1</tessellate><extrude>0</extrude><altitudeMode>clampToGround</altitudeMode><coordinates>103.30783012330366,-2.9564516570655104,0
103.30783118156273,-2.9564156997292854,0</coordinates></LineString></Placemark><Style id="lineStyle165"><LineStyle><color>ffff0000</color><width>4</width></LineStyle></Style><Placemark><name>19.9</name><description>BTS. KAB. MUBA - MUARA BELITI</description><styleUrl>#pointStyle</styleUrl><Point><coordinates>103.3075512,-2.9609769100000003,0</coordinates></Point></Placemark><Placemark><name>20.089</name><description>BTS. KAB. MUBA - MUARA BELITI</description><styleUrl>#pointStyle</styleUrl><Point><coordinates>103.30745268326082,-2.9617937716304583,0</coordinates></Point></Placemark><Placemark><name>Non Efektif</name><description>Tipe: Non Efektif | Visual: Kondisi baik, sedikit atau tidak ada retak | Panjang: 189 m</description><styleUrl>#lineStyle165</styleUrl><LineString><tessellate>1</tessellate><extrude>0</extrude><altitudeMode>clampToGround</altitudeMode><coordinates>103.3075512,-2.9609769100000003,0
103.30745268326082,-2.9617937716304583,0</coordinates></LineString></Placemark><Style id="lineStyle166"><LineStyle><color>ff00ffff</color><width>4</width></LineStyle></Style><Placemark><name>20.089</name><description>BTS. KAB. MUBA - MUARA BELITI</description><styleUrl>#pointStyle</styleUrl><Point><coordinates>103.30745268326082,-2.9617937716304583,0</coordinates></Point></Placemark><Placemark><name>20.293</name><description>BTS. KAB. MUBA - MUARA BELITI</description><styleUrl>#pointStyle</styleUrl><Point><coordinates>103.30708683222356,-2.96356687254057,0</coordinates></Point></Placemark><Placemark><name>Rehab Mayor</name><description>Tipe: Rehab Mayor | Visual: Rusak Permukaan (Spot-spot) | Panjang: 204 m</description><styleUrl>#lineStyle166</styleUrl><LineString><tessellate>1</tessellate><extrude>0</extrude><altitudeMode>clampToGround</altitudeMode><coordinates>103.30745268326082,-2.9617937716304583,0
103.30708683222356,-2.96356687254057,0</coordinates></LineString></Placemark><Style id="lineStyle167"><LineStyle><color>ff0000ff</color><width>4</width></LineStyle></Style><Placemark><name>20.293</name><description>BTS. KAB. MUBA - MUARA BELITI</description><styleUrl>#pointStyle</styleUrl><Point><coordinates>103.30708683222356,-2.96356687254057,0</coordinates></Point></Placemark><Placemark><name>20.344</name><description>BTS. KAB. MUBA - MUARA BELITI</description><styleUrl>#pointStyle</styleUrl><Point><coordinates>103.30648000525537,-2.9642870777220724,0</coordinates></Point></Placemark><Placemark><name>Rekonstruksi</name><description>Tipe: Rekonstruksi | Visual: Kerusakan parah, lubang besar dan permukaan jalan terkelupas | Panjang: 51 m</description><styleUrl>#lineStyle167</styleUrl><LineString><tessellate>1</tessellate><extrude>0</extrude><altitudeMode>clampToGround</altitudeMode><coordinates>103.30708683222356,-2.96356687254057,0
103.30648000525537,-2.9642870777220724,0</coordinates></LineString></Placemark><Style id="lineStyle168"><LineStyle><color>ff00ffff</color><width>4</width></LineStyle></Style><Placemark><name>20.344</name><description>BTS. KAB. MUBA - MUARA BELITI</description><styleUrl>#pointStyle</styleUrl><Point><coordinates>103.30648000525537,-2.9642870777220724,0</coordinates></Point></Placemark><Placemark><name>20.5</name><description>BTS. KAB. MUBA - MUARA BELITI</description><styleUrl>#pointStyle</styleUrl><Point><coordinates>103.30518479999999,-2.9655986799999994,0</coordinates></Point></Placemark><Placemark><name>Rehab Mayor</name><description>Tipe: Rehab Mayor | Visual: Rusak Permukaan (Spot-spot) | Panjang: 156 m</description><styleUrl>#lineStyle168</styleUrl><LineString><tessellate>1</tessellate><extrude>0</extrude><altitudeMode>clampToGround</altitudeMode><coordinates>103.30648000525537,-2.9642870777220724,0
103.30518479999999,-2.9655986799999994,0</coordinates></LineString></Placemark><Style id="lineStyle169"><LineStyle><color>ff00ffff</color><width>4</width></LineStyle></Style><Placemark><name>20.5</name><description>BTS. KAB. MUBA - MUARA BELITI</description><styleUrl>#pointStyle</styleUrl><Point><coordinates>103.30518479999999,-2.9655986799999994,0</coordinates></Point></Placemark><Placemark><name>20.585</name><description>BTS. KAB. MUBA - MUARA BELITI</description><styleUrl>#pointStyle</styleUrl><Point><coordinates>103.30523861537448,-2.965544319276556,0</coordinates></Point></Placemark><Placemark><name>Rehab Mayor</name><description>Tipe: Rehab Mayor | Visual: Rusak Permukaan (Spot-spot) | Panjang: 85 m</description><styleUrl>#lineStyle169</styleUrl><LineString><tessellate>1</tessellate><extrude>0</extrude><altitudeMode>clampToGround</altitudeMode><coordinates>103.30518479999999,-2.9655986799999994,0
103.30523861537448,-2.965544319276556,0</coordinates></LineString></Placemark><Style id="lineStyle170"><LineStyle><color>ff00ffff</color><width>4</width></LineStyle></Style><Placemark><name>23.964</name><description>BTS. KAB. MUBA - MUARA BELITI</description><styleUrl>#pointStyle</styleUrl><Point><coordinates>103.28153325960838,-2.9750243443091735,0</coordinates></Point></Placemark><Placemark><name>24.024</name><description>BTS. KAB. MUBA - MUARA BELITI</description><styleUrl>#pointStyle</styleUrl><Point><coordinates>103.28169188708542,-2.9759496197155455,0</coordinates></Point></Placemark><Placemark><name>Rehab Mayor</name><description>Tipe: Rehab Mayor | Visual: Rusak Permukaan (Spot-spot) | Panjang: 60 m</description><styleUrl>#lineStyle170</styleUrl><LineString><tessellate>1</tessellate><extrude>0</extrude><altitudeMode>clampToGround</altitudeMode><coordinates>103.28153325960838,-2.9750243443091735,0
103.28169188708542,-2.9759496197155455,0</coordinates></LineString></Placemark><Style id="lineStyle171"><LineStyle><color>ff0000ff</color><width>4</width></LineStyle></Style><Placemark><name>24.024</name><description>BTS. KAB. MUBA - MUARA BELITI</description><styleUrl>#pointStyle</styleUrl><Point><coordinates>103.28169188708542,-2.9759496197155455,0</coordinates></Point></Placemark><Placemark><name>24.066</name><description>BTS. KAB. MUBA - MUARA BELITI</description><styleUrl>#pointStyle</styleUrl><Point><coordinates>103.28168801448487,-2.97591204671774,0</coordinates></Point></Placemark><Placemark><name>Rekonstruksi</name><description>Tipe: Rekonstruksi | Visual: Kerusakan parah, lubang besar dan permukaan jalan terkelupas | Panjang: 42 m</description><styleUrl>#lineStyle171</styleUrl><LineString><tessellate>1</tessellate><extrude>0</extrude><altitudeMode>clampToGround</altitudeMode><coordinates>103.28169188708542,-2.9759496197155455,0
103.28168801448487,-2.97591204671774,0</coordinates></LineString></Placemark><Style id="lineStyle172"><LineStyle><color>ff00ffff</color><width>4</width></LineStyle></Style><Placemark><name>24.066</name><description>BTS. KAB. MUBA - MUARA BELITI</description><styleUrl>#pointStyle</styleUrl><Point><coordinates>103.28168801448487,-2.97591204671774,0</coordinates></Point></Placemark><Placemark><name>24.1</name><description>BTS. KAB. MUBA - MUARA BELITI</description><styleUrl>#pointStyle</styleUrl><Point><coordinates>103.28178680000002,-2.9768704900000005,0</coordinates></Point></Placemark><Placemark><name>Rehab Mayor</name><description>Tipe: Rehab Mayor | Visual: Rusak Permukaan (Spot-spot) | Panjang: 34 m</description><styleUrl>#lineStyle172</styleUrl><LineString><tessellate>1</tessellate><extrude>0</extrude><altitudeMode>clampToGround</altitudeMode><coordinates>103.28168801448487,-2.97591204671774,0
103.28178680000002,-2.9768704900000005,0</coordinates></LineString></Placemark><Style id="lineStyle173"><LineStyle><color>ff00ffff</color><width>4</width></LineStyle></Style><Placemark><name>24.1</name><description>BTS. KAB. MUBA - MUARA BELITI</description><styleUrl>#pointStyle</styleUrl><Point><coordinates>103.28178680000002,-2.9768704900000005,0</coordinates></Point></Placemark><Placemark><name>24.272</name><description>BTS. KAB. MUBA - MUARA BELITI</description><styleUrl>#pointStyle</styleUrl><Point><coordinates>103.2818757903222,-2.977705671667332,0</coordinates></Point></Placemark><Placemark><name>Rehab Mayor</name><description>Tipe: Rehab Mayor | Visual: Rusak Permukaan (Spot-spot) | Panjang: 172 m</description><styleUrl>#lineStyle173</styleUrl><LineString><tessellate>1</tessellate><extrude>0</extrude><altitudeMode>clampToGround</altitudeMode><coordinates>103.28178680000002,-2.9768704900000005,0
103.2818757903222,-2.977705671667332,0</coordinates></LineString></Placemark><Style id="lineStyle174"><LineStyle><color>ff0000ff</color><width>4</width></LineStyle></Style><Placemark><name>24.272</name><description>BTS. KAB. MUBA - MUARA BELITI</description><styleUrl>#pointStyle</styleUrl><Point><coordinates>103.2818757903222,-2.977705671667332,0</coordinates></Point></Placemark><Placemark><name>24.302</name><description>BTS. KAB. MUBA - MUARA BELITI</description><styleUrl>#pointStyle</styleUrl><Point><coordinates>103.28185689334771,-2.97867175477558,0</coordinates></Point></Placemark><Placemark><name>Rekonstruksi</name><description>Tipe: Rekonstruksi | Visual: Kerusakan parah, lubang besar dan permukaan jalan terkelupas | Panjang: 30 m</description><styleUrl>#lineStyle174</styleUrl><LineString><tessellate>1</tessellate><extrude>0</extrude><altitudeMode>clampToGround</altitudeMode><coordinates>103.2818757903222,-2.977705671667332,0
103.28185689334771,-2.97867175477558,0</coordinates></LineString></Placemark><Style id="lineStyle175"><LineStyle><color>ff00ffff</color><width>4</width></LineStyle></Style><Placemark><name>24.302</name><description>BTS. KAB. MUBA - MUARA BELITI</description><styleUrl>#pointStyle</styleUrl><Point><coordinates>103.28185689334771,-2.97867175477558,0</coordinates></Point></Placemark><Placemark><name>24.451</name><description>BTS. KAB. MUBA - MUARA BELITI</description><styleUrl>#pointStyle</styleUrl><Point><coordinates>103.28167917898465,-2.9795121235516886,0</coordinates></Point></Placemark><Placemark><name>Rehab Mayor</name><description>Tipe: Rehab Mayor | Visual: Rusak Permukaan (Spot-spot) | Panjang: 149 m</description><styleUrl>#lineStyle175</styleUrl><LineString><tessellate>1</tessellate><extrude>0</extrude><altitudeMode>clampToGround</altitudeMode><coordinates>103.28185689334771,-2.97867175477558,0
103.28167917898465,-2.9795121235516886,0</coordinates></LineString></Placemark><Style id="lineStyle176"><LineStyle><color>ff0000ff</color><width>4</width></LineStyle></Style><Placemark><name>24.451</name><description>BTS. KAB. MUBA - MUARA BELITI</description><styleUrl>#pointStyle</styleUrl><Point><coordinates>103.28167917898465,-2.9795121235516886,0</coordinates></Point></Placemark><Placemark><name>24.5</name><description>BTS. KAB. MUBA - MUARA BELITI</description><styleUrl>#pointStyle</styleUrl><Point><coordinates>103.28126960000002,-2.9803640099999997,0</coordinates></Point></Placemark><Placemark><name>Rekonstruksi</name><description>Tipe: Rekonstruksi | Visual: Kerusakan parah, lubang besar dan permukaan jalan terkelupas | Panjang: 49 m</description><styleUrl>#lineStyle176</styleUrl><LineString><tessellate>1</tessellate><extrude>0</extrude><altitudeMode>clampToGround</altitudeMode><coordinates>103.28167917898465,-2.9795121235516886,0
103.28126960000002,-2.9803640099999997,0</coordinates></LineString></Placemark><Style id="lineStyle177"><LineStyle><color>ff0000ff</color><width>4</width></LineStyle></Style><Placemark><name>24.5</name><description>BTS. KAB. MUBA - MUARA BELITI</description><styleUrl>#pointStyle</styleUrl><Point><coordinates>103.28126960000002,-2.9803640099999997,0</coordinates></Point></Placemark><Placemark><name>24.7</name><description>BTS. KAB. MUBA - MUARA BELITI</description><styleUrl>#pointStyle</styleUrl><Point><coordinates>103.2800203,-2.981662160000001,0</coordinates></Point></Placemark><Placemark><name>Rekonstruksi</name><description>Tipe: Rekonstruksi | Visual: Kerusakan parah, lubang besar dan permukaan jalan terkelupas | Panjang: 200 m</description><styleUrl>#lineStyle177</styleUrl><LineString><tessellate>1</tessellate><extrude>0</extrude><altitudeMode>clampToGround</altitudeMode><coordinates>103.28126960000002,-2.9803640099999997,0
103.2800203,-2.981662160000001,0</coordinates></LineString></Placemark><Style id="lineStyle178"><LineStyle><color>ff0000ff</color><width>4</width></LineStyle></Style><Placemark><name>24.7</name><description>BTS. KAB. MUBA - MUARA BELITI</description><styleUrl>#pointStyle</styleUrl><Point><coordinates>103.2800203,-2.981662160000001,0</coordinates></Point></Placemark><Placemark><name>24.798</name><description>BTS. KAB. MUBA - MUARA BELITI</description><styleUrl>#pointStyle</styleUrl><Point><coordinates>103.28005944011275,-2.9815831681424463,0</coordinates></Point></Placemark><Placemark><name>Rekonstruksi</name><description>Tipe: Rekonstruksi | Visual: Kerusakan parah, lubang besar dan permukaan jalan terkelupas | Panjang: 98 m</description><styleUrl>#lineStyle178</styleUrl><LineString><tessellate>1</tessellate><extrude>0</extrude><altitudeMode>clampToGround</altitudeMode><coordinates>103.2800203,-2.981662160000001,0
103.28005944011275,-2.9815831681424463,0</coordinates></LineString></Placemark><Style id="lineStyle179"><LineStyle><color>ff00ffff</color><width>4</width></LineStyle></Style><Placemark><name>24.798</name><description>BTS. KAB. MUBA - MUARA BELITI</description><styleUrl>#pointStyle</styleUrl><Point><coordinates>103.28005944011275,-2.9815831681424463,0</coordinates></Point></Placemark><Placemark><name>24.862</name><description>BTS. KAB. MUBA - MUARA BELITI</description><styleUrl>#pointStyle</styleUrl><Point><coordinates>103.27963791812672,-2.982414883386652,0</coordinates></Point></Placemark><Placemark><name>Rehab Mayor</name><description>Tipe: Rehab Mayor | Visual: Rusak Permukaan (Spot-spot) | Panjang: 64 m</description><styleUrl>#lineStyle179</styleUrl><LineString><tessellate>1</tessellate><extrude>0</extrude><altitudeMode>clampToGround</altitudeMode><coordinates>103.28005944011275,-2.9815831681424463,0
103.27963791812672,-2.982414883386652,0</coordinates></LineString></Placemark><Style id="lineStyle180"><LineStyle><color>ffff0000</color><width>4</width></LineStyle></Style><Placemark><name>24.9</name><description>BTS. KAB. MUBA - MUARA BELITI</description><styleUrl>#pointStyle</styleUrl><Point><coordinates>103.2793468,-2.98332923,0</coordinates></Point></Placemark><Placemark><name>25.046</name><description>BTS. KAB. MUBA - MUARA BELITI</description><styleUrl>#pointStyle</styleUrl><Point><coordinates>103.27919449010619,-2.98417372240723,0</coordinates></Point></Placemark><Placemark><name>Non Efektif</name><description>Tipe: Non Efektif | Visual: Kondisi baik, sedikit atau tidak ada retak | Panjang: 146 m</description><styleUrl>#lineStyle180</styleUrl><LineString><tessellate>1</tessellate><extrude>0</extrude><altitudeMode>clampToGround</altitudeMode><coordinates>103.2793468,-2.98332923,0
103.27919449010619,-2.98417372240723,0</coordinates></LineString></Placemark><Style id="lineStyle181"><LineStyle><color>ff00ffff</color><width>4</width></LineStyle></Style><Placemark><name>25.046</name><description>BTS. KAB. MUBA - MUARA BELITI</description><styleUrl>#pointStyle</styleUrl><Point><coordinates>103.27919449010619,-2.98417372240723,0</coordinates></Point></Placemark><Placemark><name>25.15</name><description>BTS. KAB. MUBA - MUARA BELITI</description><styleUrl>#pointStyle</styleUrl><Point><coordinates>103.27897961202699,-2.985035428010218,0</coordinates></Point></Placemark><Placemark><name>Rehab Mayor</name><description>Tipe: Rehab Mayor | Visual: Rusak Permukaan (Spot-spot) | Panjang: 104 m</description><styleUrl>#lineStyle181</styleUrl><LineString><tessellate>1</tessellate><extrude>0</extrude><altitudeMode>clampToGround</altitudeMode><coordinates>103.27919449010619,-2.98417372240723,0
103.27897961202699,-2.985035428010218,0</coordinates></LineString></Placemark><Style id="lineStyle182"><LineStyle><color>ff00ffff</color><width>4</width></LineStyle></Style><Placemark><name>25.184</name><description>BTS. KAB. MUBA - MUARA BELITI</description><styleUrl>#pointStyle</styleUrl><Point><coordinates>103.2789969602053,-2.9850102326568284,0</coordinates></Point></Placemark><Placemark><name>25.251</name><description>BTS. KAB. MUBA - MUARA BELITI</description><styleUrl>#pointStyle</styleUrl><Point><coordinates>103.27846673855356,-2.985777159802022,0</coordinates></Point></Placemark><Placemark><name>Rehab Mayor</name><description>Tipe: Rehab Mayor | Visual: Rusak Permukaan (Spot-spot) | Panjang: 67 m</description><styleUrl>#lineStyle182</styleUrl><LineString><tessellate>1</tessellate><extrude>0</extrude><altitudeMode>clampToGround</altitudeMode><coordinates>103.2789969602053,-2.9850102326568284,0
103.27846673855356,-2.985777159802022,0</coordinates></LineString></Placemark><Style id="lineStyle183"><LineStyle><color>ff0000ff</color><width>4</width></LineStyle></Style><Placemark><name>25.251</name><description>BTS. KAB. MUBA - MUARA BELITI</description><styleUrl>#pointStyle</styleUrl><Point><coordinates>103.27846673855356,-2.985777159802022,0</coordinates></Point></Placemark><Placemark><name>25.28</name><description>BTS. KAB. MUBA - MUARA BELITI</description><styleUrl>#pointStyle</styleUrl><Point><coordinates>103.27848069184874,-2.9857551140029273,0</coordinates></Point></Placemark><Placemark><name>Rekonstruksi</name><description>Tipe: Rekonstruksi | Visual: Kerusakan parah, lubang besar dan permukaan jalan terkelupas | Panjang: 29 m</description><styleUrl>#lineStyle183</styleUrl><LineString><tessellate>1</tessellate><extrude>0</extrude><altitudeMode>clampToGround</altitudeMode><coordinates>103.27846673855356,-2.985777159802022,0
103.27848069184874,-2.9857551140029273,0</coordinates></LineString></Placemark><Style id="lineStyle184"><LineStyle><color>ff00ffff</color><width>4</width></LineStyle></Style><Placemark><name>25.28</name><description>BTS. KAB. MUBA - MUARA BELITI</description><styleUrl>#pointStyle</styleUrl><Point><coordinates>103.27848069184874,-2.9857551140029273,0</coordinates></Point></Placemark><Placemark><name>25.317</name><description>BTS. KAB. MUBA - MUARA BELITI</description><styleUrl>#pointStyle</styleUrl><Point><coordinates>103.27796694309328,-2.986565436112066,0</coordinates></Point></Placemark><Placemark><name>Rehab Mayor</name><description>Tipe: Rehab Mayor | Visual: Rusak Permukaan (Spot-spot) | Panjang: 37 m</description><styleUrl>#lineStyle184</styleUrl><LineString><tessellate>1</tessellate><extrude>0</extrude><altitudeMode>clampToGround</altitudeMode><coordinates>103.27848069184874,-2.9857551140029273,0
103.27796694309328,-2.986565436112066,0</coordinates></LineString></Placemark><Style id="lineStyle185"><LineStyle><color>ffff0000</color><width>4</width></LineStyle></Style><Placemark><name>25.317</name><description>BTS. KAB. MUBA - MUARA BELITI</description><styleUrl>#pointStyle</styleUrl><Point><coordinates>103.27796694309328,-2.986565436112066,0</coordinates></Point></Placemark><Placemark><name>25.381</name><description>BTS. KAB. MUBA - MUARA BELITI</description><styleUrl>#pointStyle</styleUrl><Point><coordinates>103.2779953406209,-2.9865153508864406,0</coordinates></Point></Placemark><Placemark><name>Non Efektif</name><description>Tipe: Non Efektif | Visual: Kondisi baik, sedikit atau tidak ada retak | Panjang: 64 m</description><styleUrl>#lineStyle185</styleUrl><LineString><tessellate>1</tessellate><extrude>0</extrude><altitudeMode>clampToGround</altitudeMode><coordinates>103.27796694309328,-2.986565436112066,0
103.2779953406209,-2.9865153508864406,0</coordinates></LineString></Placemark><Style id="lineStyle186"><LineStyle><color>ffff0000</color><width>4</width></LineStyle></Style><Placemark><name>25.381</name><description>BTS. KAB. MUBA - MUARA BELITI</description><styleUrl>#pointStyle</styleUrl><Point><coordinates>103.2779953406209,-2.9865153508864406,0</coordinates></Point></Placemark><Placemark><name>25.5</name><description>BTS. KAB. MUBA - MUARA BELITI</description><styleUrl>#pointStyle</styleUrl><Point><coordinates>103.2771183,-2.98817612,0</coordinates></Point></Placemark><Placemark><name>Non Efektif</name><description>Tipe: Non Efektif | Visual: Kondisi baik, sedikit atau tidak ada retak | Panjang: 119 m</description><styleUrl>#lineStyle186</styleUrl><LineString><tessellate>1</tessellate><extrude>0</extrude><altitudeMode>clampToGround</altitudeMode><coordinates>103.2779953406209,-2.9865153508864406,0
103.2771183,-2.98817612,0</coordinates></LineString></Placemark><Style id="lineStyle187"><LineStyle><color>ff00ffff</color><width>4</width></LineStyle></Style><Placemark><name>26.759</name><description>BTS. KAB. MUBA - MUARA BELITI</description><styleUrl>#pointStyle</styleUrl><Point><coordinates>103.26970535680714,-2.99491716906487,0</coordinates></Point></Placemark><Placemark><name>26.8</name><description>BTS. KAB. MUBA - MUARA BELITI</description><styleUrl>#pointStyle</styleUrl><Point><coordinates>103.2688971,-2.99542162,0</coordinates></Point></Placemark><Placemark><name>Rehab Mayor</name><description>Tipe: Rehab Mayor | Visual: Rusak Permukaan (Spot-spot) | Panjang: 41 m</description><styleUrl>#lineStyle187</styleUrl><LineString><tessellate>1</tessellate><extrude>0</extrude><altitudeMode>clampToGround</altitudeMode><coordinates>103.26970535680714,-2.99491716906487,0
103.2688971,-2.99542162,0</coordinates></LineString></Placemark><Style id="lineStyle188"><LineStyle><color>ff00ffff</color><width>4</width></LineStyle></Style><Placemark><name>26.8</name><description>BTS. KAB. MUBA - MUARA BELITI</description><styleUrl>#pointStyle</styleUrl><Point><coordinates>103.2688971,-2.99542162,0</coordinates></Point></Placemark><Placemark><name>26.85</name><description>BTS. KAB. MUBA - MUARA BELITI</description><styleUrl>#pointStyle</styleUrl><Point><coordinates>103.26893231982483,-2.995393603940078,0</coordinates></Point></Placemark><Placemark><name>Rehab Mayor</name><description>Tipe: Rehab Mayor | Visual: Rusak Permukaan (Spot-spot) | Panjang: 50 m</description><styleUrl>#lineStyle188</styleUrl><LineString><tessellate>1</tessellate><extrude>0</extrude><altitudeMode>clampToGround</altitudeMode><coordinates>103.2688971,-2.99542162,0
103.26893231982483,-2.995393603940078,0</coordinates></LineString></Placemark><Style id="lineStyle189"><LineStyle><color>ffff0000</color><width>4</width></LineStyle></Style><Placemark><name>26.85</name><description>BTS. KAB. MUBA - MUARA BELITI</description><styleUrl>#pointStyle</styleUrl><Point><coordinates>103.26893231982483,-2.995393603940078,0</coordinates></Point></Placemark><Placemark><name>26.9</name><description>BTS. KAB. MUBA - MUARA BELITI</description><styleUrl>#pointStyle</styleUrl><Point><coordinates>103.268205,-2.9959721599999996,0</coordinates></Point></Placemark><Placemark><name>Non Efektif</name><description>Tipe: Non Efektif | Visual: Kondisi baik, sedikit atau tidak ada retak | Panjang: 50 m</description><styleUrl>#lineStyle189</styleUrl><LineString><tessellate>1</tessellate><extrude>0</extrude><altitudeMode>clampToGround</altitudeMode><coordinates>103.26893231982483,-2.995393603940078,0
103.268205,-2.9959721599999996,0</coordinates></LineString></Placemark><Style id="lineStyle190"><LineStyle><color>ffff0000</color><width>4</width></LineStyle></Style><Placemark><name>26.9</name><description>BTS. KAB. MUBA - MUARA BELITI</description><styleUrl>#pointStyle</styleUrl><Point><coordinates>103.268205,-2.9959721599999996,0</coordinates></Point></Placemark><Placemark><name>26.959</name><description>BTS. KAB. MUBA - MUARA BELITI</description><styleUrl>#pointStyle</styleUrl><Point><coordinates>103.26823090150056,-2.9959258317593,0</coordinates></Point></Placemark><Placemark><name>Non Efektif</name><description>Tipe: Non Efektif | Visual: Kondisi baik, sedikit atau tidak ada retak | Panjang: 59 m</description><styleUrl>#lineStyle190</styleUrl><LineString><tessellate>1</tessellate><extrude>0</extrude><altitudeMode>clampToGround</altitudeMode><coordinates>103.268205,-2.9959721599999996,0
103.26823090150056,-2.9959258317593,0</coordinates></LineString></Placemark><Style id="lineStyle191"><LineStyle><color>ff00ffff</color><width>4</width></LineStyle></Style><Placemark><name>26.959</name><description>BTS. KAB. MUBA - MUARA BELITI</description><styleUrl>#pointStyle</styleUrl><Point><coordinates>103.26823090150056,-2.9959258317593,0</coordinates></Point></Placemark><Placemark><name>27</name><description>BTS. KAB. MUBA - MUARA BELITI</description><styleUrl>#pointStyle</styleUrl><Point><coordinates>103.2677643,-2.99676041,0</coordinates></Point></Placemark><Placemark><name>Rehab Mayor</name><description>Tipe: Rehab Mayor | Visual: Rusak Permukaan (Spot-spot) | Panjang: 41 m</description><styleUrl>#lineStyle191</styleUrl><LineString><tessellate>1</tessellate><extrude>0</extrude><altitudeMode>clampToGround</altitudeMode><coordinates>103.26823090150056,-2.9959258317593,0
103.2677643,-2.99676041,0</coordinates></LineString></Placemark><Style id="lineStyle192"><LineStyle><color>ff00ffff</color><width>4</width></LineStyle></Style><Placemark><name>27</name><description>BTS. KAB. MUBA - MUARA BELITI</description><styleUrl>#pointStyle</styleUrl><Point><coordinates>103.2677643,-2.99676041,0</coordinates></Point></Placemark><Placemark><name>27.025</name><description>BTS. KAB. MUBA - MUARA BELITI</description><styleUrl>#pointStyle</styleUrl><Point><coordinates>103.26777390816402,-2.996740077203946,0</coordinates></Point></Placemark><Placemark><name>Rehab Mayor</name><description>Tipe: Rehab Mayor | Visual: Rusak Permukaan (Spot-spot) | Panjang: 25 m</description><styleUrl>#lineStyle192</styleUrl><LineString><tessellate>1</tessellate><extrude>0</extrude><altitudeMode>clampToGround</altitudeMode><coordinates>103.2677643,-2.99676041,0
103.26777390816402,-2.996740077203946,0</coordinates></LineString></Placemark><Style id="lineStyle193"><LineStyle><color>ff0000ff</color><width>4</width></LineStyle></Style><Placemark><name>28.158</name><description>BTS. KAB. MUBA - MUARA BELITI</description><styleUrl>#pointStyle</styleUrl><Point><coordinates>103.2719428018458,-3.0026911981520583,0</coordinates></Point></Placemark><Placemark><name>28.282</name><description>BTS. KAB. MUBA - MUARA BELITI</description><styleUrl>#pointStyle</styleUrl><Point><coordinates>103.27229439784317,-3.003486854519284,0</coordinates></Point></Placemark><Placemark><name>Rekonstruksi</name><description>Tipe: Rekonstruksi | Visual: Kerusakan parah, lubang besar dan permukaan jalan terkelupas | Panjang: 124 m</description><styleUrl>#lineStyle193</styleUrl><LineString><tessellate>1</tessellate><extrude>0</extrude><altitudeMode>clampToGround</altitudeMode><coordinates>103.2719428018458,-3.0026911981520583,0
103.27229439784317,-3.003486854519284,0</coordinates></LineString></Placemark><Style id="lineStyle194"><LineStyle><color>ffff0000</color><width>4</width></LineStyle></Style><Placemark><name>29.5</name><description>BTS. KAB. MUBA - MUARA BELITI</description><styleUrl>#pointStyle</styleUrl><Point><coordinates>103.2741691,-3.01473398,0</coordinates></Point></Placemark><Placemark><name>29.8</name><description>BTS. KAB. MUBA - MUARA BELITI</description><styleUrl>#pointStyle</styleUrl><Point><coordinates>103.2719213,-3.01616146,0</coordinates></Point></Placemark><Placemark><name>Non Efektif</name><description>Tipe: Non Efektif | Visual: Kondisi baik, sedikit atau tidak ada retak | Panjang: 300 m</description><styleUrl>#lineStyle194</styleUrl><LineString><tessellate>1</tessellate><extrude>0</extrude><altitudeMode>clampToGround</altitudeMode><coordinates>103.2741691,-3.01473398,0
103.2719213,-3.01616146,0</coordinates></LineString></Placemark><Style id="lineStyle195"><LineStyle><color>ff0000ff</color><width>4</width></LineStyle></Style><Placemark><name>32.418</name><description>BTS. KAB. MUBA - MUARA BELITI</description><styleUrl>#pointStyle</styleUrl><Point><coordinates>103.25235179904605,-3.023518798494622,0</coordinates></Point></Placemark><Placemark><name>32.483</name><description>BTS. KAB. MUBA - MUARA BELITI</description><styleUrl>#pointStyle</styleUrl><Point><coordinates>103.25234204560134,-3.023461159725145,0</coordinates></Point></Placemark><Placemark><name>Rekonstruksi</name><description>Tipe: Rekonstruksi | Visual: Kerusakan parah, lubang besar dan permukaan jalan terkelupas | Panjang: 65 m</description><styleUrl>#lineStyle195</styleUrl><LineString><tessellate>1</tessellate><extrude>0</extrude><altitudeMode>clampToGround</altitudeMode><coordinates>103.25235179904605,-3.023518798494622,0
103.25234204560134,-3.023461159725145,0</coordinates></LineString></Placemark><Style id="lineStyle196"><LineStyle><color>ff0000ff</color><width>4</width></LineStyle></Style><Placemark><name>32.99</name><description>BTS. KAB. MUBA - MUARA BELITI</description><styleUrl>#pointStyle</styleUrl><Point><coordinates>103.25382932125298,-3.0276339835523367,0</coordinates></Point></Placemark><Placemark><name>33.03</name><description>BTS. KAB. MUBA - MUARA BELITI</description><styleUrl>#pointStyle</styleUrl><Point><coordinates>103.2545520516584,-3.0282590429943843,0</coordinates></Point></Placemark><Placemark><name>Rekonstruksi</name><description>Tipe: Rekonstruksi | Visual: Kerusakan parah, lubang besar dan permukaan jalan terkelupas | Panjang: 40 m</description><styleUrl>#lineStyle196</styleUrl><LineString><tessellate>1</tessellate><extrude>0</extrude><altitudeMode>clampToGround</altitudeMode><coordinates>103.25382932125298,-3.0276339835523367,0
103.2545520516584,-3.0282590429943843,0</coordinates></LineString></Placemark><Style id="lineStyle197"><LineStyle><color>ffff0000</color><width>4</width></LineStyle></Style><Placemark><name>33.68</name><description>BTS. KAB. MUBA - MUARA BELITI</description><styleUrl>#pointStyle</styleUrl><Point><coordinates>103.25777182449407,-3.0323456966964115,0</coordinates></Point></Placemark><Placemark><name>33.8</name><description>BTS. KAB. MUBA - MUARA BELITI</description><styleUrl>#pointStyle</styleUrl><Point><coordinates>103.2569674,-3.03403165,0</coordinates></Point></Placemark><Placemark><name>Non Efektif</name><description>Tipe: Non Efektif | Visual: Kondisi baik, sedikit atau tidak ada retak | Panjang: 120 m</description><styleUrl>#lineStyle197</styleUrl><LineString><tessellate>1</tessellate><extrude>0</extrude><altitudeMode>clampToGround</altitudeMode><coordinates>103.25777182449407,-3.0323456966964115,0
103.2569674,-3.03403165,0</coordinates></LineString></Placemark><Style id="lineStyle198"><LineStyle><color>ff00ffff</color><width>4</width></LineStyle></Style><Placemark><name>33.876</name><description>BTS. KAB. MUBA - MUARA BELITI</description><styleUrl>#pointStyle</styleUrl><Point><coordinates>103.2570192127216,-3.033986990484975,0</coordinates></Point></Placemark><Placemark><name>34.026</name><description>BTS. KAB. MUBA - MUARA BELITI</description><styleUrl>#pointStyle</styleUrl><Point><coordinates>103.25544289574444,-3.0347635429669535,0</coordinates></Point></Placemark><Placemark><name>Rehab Mayor</name><description>Tipe: Rehab Mayor | Visual: Rusak Permukaan (Spot-spot) | Panjang: 150 m</description><styleUrl>#lineStyle198</styleUrl><LineString><tessellate>1</tessellate><extrude>0</extrude><altitudeMode>clampToGround</altitudeMode><coordinates>103.2570192127216,-3.033986990484975,0
103.25544289574444,-3.0347635429669535,0</coordinates></LineString></Placemark><Style id="lineStyle199"><LineStyle><color>ffff0000</color><width>4</width></LineStyle></Style><Placemark><name>40.5</name><description>BTS. KAB. MUBA - MUARA BELITI</description><styleUrl>#pointStyle</styleUrl><Point><coordinates>103.2222525,-3.0609673899999996,0</coordinates></Point></Placemark><Placemark><name>40.58</name><description>BTS. KAB. MUBA - MUARA BELITI</description><styleUrl>#pointStyle</styleUrl><Point><coordinates>103.22221287746136,-3.060907300742093,0</coordinates></Point></Placemark><Placemark><name>Non Efektif</name><description>Tipe: Non Efektif | Visual: Kondisi baik, sedikit atau tidak ada retak | Panjang: 80 m</description><styleUrl>#lineStyle199</styleUrl><LineString><tessellate>1</tessellate><extrude>0</extrude><altitudeMode>clampToGround</altitudeMode><coordinates>103.2222525,-3.0609673899999996,0
103.22221287746136,-3.060907300742093,0</coordinates></LineString></Placemark><Style id="lineStyle200"><LineStyle><color>ff00ffff</color><width>4</width></LineStyle></Style><Placemark><name>40.62</name><description>BTS. KAB. MUBA - MUARA BELITI</description><styleUrl>#pointStyle</styleUrl><Point><coordinates>103.22274311961274,-3.0617041023310914,0</coordinates></Point></Placemark><Placemark><name>40.68</name><description>BTS. KAB. MUBA - MUARA BELITI</description><styleUrl>#pointStyle</styleUrl><Point><coordinates>103.222724278451,-3.0616535293241434,0</coordinates></Point></Placemark><Placemark><name>Rehab Mayor</name><description>Tipe: Rehab Mayor | Visual: Rusak Permukaan (Spot-spot) | Panjang: 60 m</description><styleUrl>#lineStyle200</styleUrl><LineString><tessellate>1</tessellate><extrude>0</extrude><altitudeMode>clampToGround</altitudeMode><coordinates>103.22274311961274,-3.0617041023310914,0
103.222724278451,-3.0616535293241434,0</coordinates></LineString></Placemark><Style id="lineStyle201"><LineStyle><color>ff00ffff</color><width>4</width></LineStyle></Style><Placemark><name>40.68</name><description>BTS. KAB. MUBA - MUARA BELITI</description><styleUrl>#pointStyle</styleUrl><Point><coordinates>103.222724278451,-3.0616535293241434,0</coordinates></Point></Placemark><Placemark><name>40.8</name><description>BTS. KAB. MUBA - MUARA BELITI</description><styleUrl>#pointStyle</styleUrl><Point><coordinates>103.2231134,-3.06346152,0</coordinates></Point></Placemark><Placemark><name>Rehab Mayor</name><description>Tipe: Rehab Mayor | Visual: Rusak Permukaan (Spot-spot) | Panjang: 120 m</description><styleUrl>#lineStyle201</styleUrl><LineString><tessellate>1</tessellate><extrude>0</extrude><altitudeMode>clampToGround</altitudeMode><coordinates>103.222724278451,-3.0616535293241434,0
103.2231134,-3.06346152,0</coordinates></LineString></Placemark><Style id="lineStyle202"><LineStyle><color>ff00ffff</color><width>4</width></LineStyle></Style><Placemark><name>40.8</name><description>BTS. KAB. MUBA - MUARA BELITI</description><styleUrl>#pointStyle</styleUrl><Point><coordinates>103.2231134,-3.06346152,0</coordinates></Point></Placemark><Placemark><name>40.88</name><description>BTS. KAB. MUBA - MUARA BELITI</description><styleUrl>#pointStyle</styleUrl><Point><coordinates>103.22311090170149,-3.0633896175370614,0</coordinates></Point></Placemark><Placemark><name>Rehab Mayor</name><description>Tipe: Rehab Mayor | Visual: Rusak Permukaan (Spot-spot) | Panjang: 80 m</description><styleUrl>#lineStyle202</styleUrl><LineString><tessellate>1</tessellate><extrude>0</extrude><altitudeMode>clampToGround</altitudeMode><coordinates>103.2231134,-3.06346152,0
103.22311090170149,-3.0633896175370614,0</coordinates></LineString></Placemark><Style id="lineStyle203"><LineStyle><color>ff00ffff</color><width>4</width></LineStyle></Style><Placemark><name>40.88</name><description>BTS. KAB. MUBA - MUARA BELITI</description><styleUrl>#pointStyle</styleUrl><Point><coordinates>103.22311090170149,-3.0633896175370614,0</coordinates></Point></Placemark><Placemark><name>41.005</name><description>BTS. KAB. MUBA - MUARA BELITI</description><styleUrl>#pointStyle</styleUrl><Point><coordinates>103.22317328666327,-3.0652644784411005,0</coordinates></Point></Placemark><Placemark><name>Rehab Mayor</name><description>Tipe: Rehab Mayor | Visual: Rusak Permukaan (Spot-spot) | Panjang: 125 m</description><styleUrl>#lineStyle203</styleUrl><LineString><tessellate>1</tessellate><extrude>0</extrude><altitudeMode>clampToGround</altitudeMode><coordinates>103.22311090170149,-3.0633896175370614,0
103.22317328666327,-3.0652644784411005,0</coordinates></LineString></Placemark><Style id="lineStyle204"><LineStyle><color>ffff0000</color><width>4</width></LineStyle></Style><Placemark><name>41.18</name><description>BTS. KAB. MUBA - MUARA BELITI</description><styleUrl>#pointStyle</styleUrl><Point><coordinates>103.2232135196656,-3.066100291786388,0</coordinates></Point></Placemark><Placemark><name>41.425</name><description>BTS. KAB. MUBA - MUARA BELITI</description><styleUrl>#pointStyle</styleUrl><Point><coordinates>103.22329220926106,-3.0688612808296027,0</coordinates></Point></Placemark><Placemark><name>Non Efektif</name><description>Tipe: Non Efektif | Visual: Kondisi baik, sedikit atau tidak ada retak | Panjang: 245 m</description><styleUrl>#lineStyle204</styleUrl><LineString><tessellate>1</tessellate><extrude>0</extrude><altitudeMode>clampToGround</altitudeMode><coordinates>103.2232135196656,-3.066100291786388,0
103.22329220926106,-3.0688612808296027,0</coordinates></LineString></Placemark><Style id="lineStyle205"><LineStyle><color>ff00ff00</color><width>4</width></LineStyle></Style><Placemark><name>41.425</name><description>BTS. KAB. MUBA - MUARA BELITI</description><styleUrl>#pointStyle</styleUrl><Point><coordinates>103.22329220926106,-3.0688612808296027,0</coordinates></Point></Placemark><Placemark><name>41.475</name><description>BTS. KAB. MUBA - MUARA BELITI</description><styleUrl>#pointStyle</styleUrl><Point><coordinates>103.22329062778317,-3.0688163424888057,0</coordinates></Point></Placemark><Placemark><name>Rehab Minor</name><description>Tipe: Rehab Minor | Visual: Aus Permukaan dan retak-ratak halus | Panjang: 50 m</description><styleUrl>#lineStyle205</styleUrl><LineString><tessellate>1</tessellate><extrude>0</extrude><altitudeMode>clampToGround</altitudeMode><coordinates>103.22329220926106,-3.0688612808296027,0
103.22329062778317,-3.0688163424888057,0</coordinates></LineString></Placemark><Style id="lineStyle206"><LineStyle><color>ff00ffff</color><width>4</width></LineStyle></Style><Placemark><name>41.475</name><description>BTS. KAB. MUBA - MUARA BELITI</description><styleUrl>#pointStyle</styleUrl><Point><coordinates>103.22329062778317,-3.0688163424888057,0</coordinates></Point></Placemark><Placemark><name>41.58</name><description>BTS. KAB. MUBA - MUARA BELITI</description><styleUrl>#pointStyle</styleUrl><Point><coordinates>103.22331348284011,-3.069716307364198,0</coordinates></Point></Placemark><Placemark><name>Rehab Mayor</name><description>Tipe: Rehab Mayor | Visual: Rusak Permukaan (Spot-spot) | Panjang: 105 m</description><styleUrl>#lineStyle206</styleUrl><LineString><tessellate>1</tessellate><extrude>0</extrude><altitudeMode>clampToGround</altitudeMode><coordinates>103.22329062778317,-3.0688163424888057,0
103.22331348284011,-3.069716307364198,0</coordinates></LineString></Placemark><Style id="lineStyle207"><LineStyle><color>ff00ffff</color><width>4</width></LineStyle></Style><Placemark><name>41.58</name><description>BTS. KAB. MUBA - MUARA BELITI</description><styleUrl>#pointStyle</styleUrl><Point><coordinates>103.22331348284011,-3.069716307364198,0</coordinates></Point></Placemark><Placemark><name>41.825</name><description>BTS. KAB. MUBA - MUARA BELITI</description><styleUrl>#pointStyle</styleUrl><Point><coordinates>103.22415508859076,-3.0723050742379887,0</coordinates></Point></Placemark><Placemark><name>Rehab Mayor</name><description>Tipe: Rehab Mayor | Visual: Rusak Permukaan (Spot-spot) | Panjang: 245 m</description><styleUrl>#lineStyle207</styleUrl><LineString><tessellate>1</tessellate><extrude>0</extrude><altitudeMode>clampToGround</altitudeMode><coordinates>103.22331348284011,-3.069716307364198,0
103.22415508859076,-3.0723050742379887,0</coordinates></LineString></Placemark><Style id="lineStyle208"><LineStyle><color>ffff0000</color><width>4</width></LineStyle></Style><Placemark><name>46.3</name><description>BTS. KAB. MUBA - MUARA BELITI</description><styleUrl>#pointStyle</styleUrl><Point><coordinates>103.2054221,-3.094829820000001,0</coordinates></Point></Placemark><Placemark><name>46.38</name><description>BTS. KAB. MUBA - MUARA BELITI</description><styleUrl>#pointStyle</styleUrl><Point><coordinates>103.20549410852202,-3.094827355366693,0</coordinates></Point></Placemark><Placemark><name>Non Efektif</name><description>Tipe: Non Efektif | Visual: penyesuain dana | Panjang: 80 m</description><styleUrl>#lineStyle208</styleUrl><LineString><tessellate>1</tessellate><extrude>0</extrude><altitudeMode>clampToGround</altitudeMode><coordinates>103.2054221,-3.094829820000001,0
103.20549410852202,-3.094827355366693,0</coordinates></LineString></Placemark><Style id="lineStyle209"><LineStyle><color>ffff0000</color><width>4</width></LineStyle></Style><Placemark><name>46.58</name><description>BTS. KAB. MUBA - MUARA BELITI</description><styleUrl>#pointStyle</styleUrl><Point><coordinates>103.20378047430215,-3.0951800149546735,0</coordinates></Point></Placemark><Placemark><name>46.6</name><description>BTS. KAB. MUBA - MUARA BELITI</description><styleUrl>#pointStyle</styleUrl><Point><coordinates>103.20282339999999,-3.0953389800000006,0</coordinates></Point></Placemark><Placemark><name>Non Efektif</name><description>Tipe: Non Efektif | Visual: Kondisi baik, sedikit atau tidak ada retak | Panjang: 20 m</description><styleUrl>#lineStyle209</styleUrl><LineString><tessellate>1</tessellate><extrude>0</extrude><altitudeMode>clampToGround</altitudeMode><coordinates>103.20378047430215,-3.0951800149546735,0
103.20282339999999,-3.0953389800000006,0</coordinates></LineString></Placemark><Style id="lineStyle210"><LineStyle><color>ffff0000</color><width>4</width></LineStyle></Style><Placemark><name>48.9</name><description>BTS. KAB. MUBA - MUARA BELITI</description><styleUrl>#pointStyle</styleUrl><Point><coordinates>103.1885416,-3.10499715,0</coordinates></Point></Placemark><Placemark><name>49.292</name><description>BTS. KAB. MUBA - MUARA BELITI</description><styleUrl>#pointStyle</styleUrl><Point><coordinates>103.1860047600238,-3.105184625052293,0</coordinates></Point></Placemark><Placemark><name>Non Efektif</name><description>Tipe: Non Efektif | Visual: Kondisi baik, sedikit atau tidak ada retak | Panjang: 392 m</description><styleUrl>#lineStyle210</styleUrl><LineString><tessellate>1</tessellate><extrude>0</extrude><altitudeMode>clampToGround</altitudeMode><coordinates>103.1885416,-3.10499715,0
103.1860047600238,-3.105184625052293,0</coordinates></LineString></Placemark><Style id="lineStyle211"><LineStyle><color>ff00ffff</color><width>4</width></LineStyle></Style><Placemark><name>49.292</name><description>BTS. KAB. MUBA - MUARA BELITI</description><styleUrl>#pointStyle</styleUrl><Point><coordinates>103.1860047600238,-3.105184625052293,0</coordinates></Point></Placemark><Placemark><name>49.3</name><description>BTS. KAB. MUBA - MUARA BELITI</description><styleUrl>#pointStyle</styleUrl><Point><coordinates>103.1850622,-3.1049064,0</coordinates></Point></Placemark><Placemark><name>Rehab Mayor</name><description>Tipe: Rehab Mayor | Visual: Rusak Permukaan (Spot-spot) | Panjang: 8 m</description><styleUrl>#lineStyle211</styleUrl><LineString><tessellate>1</tessellate><extrude>0</extrude><altitudeMode>clampToGround</altitudeMode><coordinates>103.1860047600238,-3.105184625052293,0
103.1850622,-3.1049064,0</coordinates></LineString></Placemark><Style id="lineStyle212"><LineStyle><color>ff00ffff</color><width>4</width></LineStyle></Style><Placemark><name>49.3</name><description>BTS. KAB. MUBA - MUARA BELITI</description><styleUrl>#pointStyle</styleUrl><Point><coordinates>103.1850622,-3.1049064,0</coordinates></Point></Placemark><Placemark><name>49.335</name><description>BTS. KAB. MUBA - MUARA BELITI</description><styleUrl>#pointStyle</styleUrl><Point><coordinates>103.18509168063855,-3.104917544344441,0</coordinates></Point></Placemark><Placemark><name>Rehab Mayor</name><description>Tipe: Rehab Mayor | Visual: Rusak Permukaan (Spot-spot) | Panjang: 35 m</description><styleUrl>#lineStyle212</styleUrl><LineString><tessellate>1</tessellate><extrude>0</extrude><altitudeMode>clampToGround</altitudeMode><coordinates>103.1850622,-3.1049064,0
103.18509168063855,-3.104917544344441,0</coordinates></LineString></Placemark><Style id="lineStyle213"><LineStyle><color>ff0000ff</color><width>4</width></LineStyle></Style><Placemark><name>49.335</name><description>BTS. KAB. MUBA - MUARA BELITI</description><styleUrl>#pointStyle</styleUrl><Point><coordinates>103.18509168063855,-3.104917544344441,0</coordinates></Point></Placemark><Placemark><name>49.51</name><description>BTS. KAB. MUBA - MUARA BELITI</description><styleUrl>#pointStyle</styleUrl><Point><coordinates>103.18338495836369,-3.104283897902256,0</coordinates></Point></Placemark><Placemark><name>Rekonstruksi</name><description>Tipe: Rekonstruksi | Visual: Kerusakan parah, lubang besar dan permukaan jalan terkelupas | Panjang: 175 m</description><styleUrl>#lineStyle213</styleUrl><LineString><tessellate>1</tessellate><extrude>0</extrude><altitudeMode>clampToGround</altitudeMode><coordinates>103.18509168063855,-3.104917544344441,0
103.18338495836369,-3.104283897902256,0</coordinates></LineString></Placemark><Style id="lineStyle214"><LineStyle><color>ff00ffff</color><width>4</width></LineStyle></Style><Placemark><name>49.51</name><description>BTS. KAB. MUBA - MUARA BELITI</description><styleUrl>#pointStyle</styleUrl><Point><coordinates>103.18338495836369,-3.104283897902256,0</coordinates></Point></Placemark><Placemark><name>49.8</name><description>BTS. KAB. MUBA - MUARA BELITI</description><styleUrl>#pointStyle</styleUrl><Point><coordinates>103.1807298,-3.10455739,0</coordinates></Point></Placemark><Placemark><name>Rehab Mayor</name><description>Tipe: Rehab Mayor | Visual: Rusak Permukaan (Spot-spot) | Panjang: 290 m</description><styleUrl>#lineStyle214</styleUrl><LineString><tessellate>1</tessellate><extrude>0</extrude><altitudeMode>clampToGround</altitudeMode><coordinates>103.18338495836369,-3.104283897902256,0
103.1807298,-3.10455739,0</coordinates></LineString></Placemark><Style id="lineStyle215"><LineStyle><color>ff00ffff</color><width>4</width></LineStyle></Style><Placemark><name>49.8</name><description>BTS. KAB. MUBA - MUARA BELITI</description><styleUrl>#pointStyle</styleUrl><Point><coordinates>103.1807298,-3.10455739,0</coordinates></Point></Placemark><Placemark><name>50.115</name><description>BTS. KAB. MUBA - MUARA BELITI</description><styleUrl>#pointStyle</styleUrl><Point><coordinates>103.17821820985098,-3.1055061924365783,0</coordinates></Point></Placemark><Placemark><name>Rehab Mayor</name><description>Tipe: Rehab Mayor | Visual: Rusak Permukaan (Spot-spot) | Panjang: 315 m</description><styleUrl>#lineStyle215</styleUrl><LineString><tessellate>1</tessellate><extrude>0</extrude><altitudeMode>clampToGround</altitudeMode><coordinates>103.1807298,-3.10455739,0
103.17821820985098,-3.1055061924365783,0</coordinates></LineString></Placemark><Style id="lineStyle216"><LineStyle><color>ffff0000</color><width>4</width></LineStyle></Style><Placemark><name>51.4</name><description>BTS. KAB. MUBA - MUARA BELITI</description><styleUrl>#pointStyle</styleUrl><Point><coordinates>103.1675604,-3.10900957,0</coordinates></Point></Placemark><Placemark><name>51.5</name><description>BTS. KAB. MUBA - MUARA BELITI</description><styleUrl>#pointStyle</styleUrl><Point><coordinates>103.1667648,-3.10937724,0</coordinates></Point></Placemark><Placemark><name>Non Efektif</name><description>Tipe: Non Efektif | Visual: Kondisi baik, sedikit atau tidak ada retak | Panjang: 100 m</description><styleUrl>#lineStyle216</styleUrl><LineString><tessellate>1</tessellate><extrude>0</extrude><altitudeMode>clampToGround</altitudeMode><coordinates>103.1675604,-3.10900957,0
103.1667648,-3.10937724,0</coordinates></LineString></Placemark><Style id="lineStyle217"><LineStyle><color>ffff0000</color><width>4</width></LineStyle></Style><Placemark><name>51.5</name><description>BTS. KAB. MUBA - MUARA BELITI</description><styleUrl>#pointStyle</styleUrl><Point><coordinates>103.1667648,-3.10937724,0</coordinates></Point></Placemark><Placemark><name>51.7</name><description>BTS. KAB. MUBA - MUARA BELITI</description><styleUrl>#pointStyle</styleUrl><Point><coordinates>103.1658088,-3.1108800199999997,0</coordinates></Point></Placemark><Placemark><name>Non Efektif</name><description>Tipe: Non Efektif | Visual: Kondisi baik, sedikit atau tidak ada retak | Panjang: 200 m</description><styleUrl>#lineStyle217</styleUrl><LineString><tessellate>1</tessellate><extrude>0</extrude><altitudeMode>clampToGround</altitudeMode><coordinates>103.1667648,-3.10937724,0
103.1658088,-3.1108800199999997,0</coordinates></LineString></Placemark><Style id="lineStyle218"><LineStyle><color>ffff0000</color><width>4</width></LineStyle></Style><Placemark><name>51.7</name><description>BTS. KAB. MUBA - MUARA BELITI</description><styleUrl>#pointStyle</styleUrl><Point><coordinates>103.1658088,-3.1108800199999997,0</coordinates></Point></Placemark><Placemark><name>51.8</name><description>BTS. KAB. MUBA - MUARA BELITI</description><styleUrl>#pointStyle</styleUrl><Point><coordinates>103.1652799,-3.11160725,0</coordinates></Point></Placemark><Placemark><name>Non Efektif</name><description>Tipe: Non Efektif | Visual: Kondisi baik, sedikit atau tidak ada retak | Panjang: 100 m</description><styleUrl>#lineStyle218</styleUrl><LineString><tessellate>1</tessellate><extrude>0</extrude><altitudeMode>clampToGround</altitudeMode><coordinates>103.1658088,-3.1108800199999997,0
103.1652799,-3.11160725,0</coordinates></LineString></Placemark><Style id="lineStyle219"><LineStyle><color>ff00ffff</color><width>4</width></LineStyle></Style><Placemark><name>51.8</name><description>BTS. KAB. MUBA - MUARA BELITI</description><styleUrl>#pointStyle</styleUrl><Point><coordinates>103.1652799,-3.11160725,0</coordinates></Point></Placemark><Placemark><name>52.081</name><description>BTS. KAB. MUBA - MUARA BELITI</description><styleUrl>#pointStyle</styleUrl><Point><coordinates>103.16404654172365,-3.1128204319345705,0</coordinates></Point></Placemark><Placemark><name>Rehab Mayor</name><description>Tipe: Rehab Mayor | Visual: Rusak Permukaan (Spot-spot) | Panjang: 281 m</description><styleUrl>#lineStyle219</styleUrl><LineString><tessellate>1</tessellate><extrude>0</extrude><altitudeMode>clampToGround</altitudeMode><coordinates>103.1652799,-3.11160725,0
103.16404654172365,-3.1128204319345705,0</coordinates></LineString></Placemark><Style id="lineStyle220"><LineStyle><color>ff0000ff</color><width>4</width></LineStyle></Style><Placemark><name>52.119</name><description>BTS. KAB. MUBA - MUARA BELITI</description><styleUrl>#pointStyle</styleUrl><Point><coordinates>103.16332479755143,-3.113449178781775,0</coordinates></Point></Placemark><Placemark><name>52.5</name><description>BTS. KAB. MUBA - MUARA BELITI</description><styleUrl>#pointStyle</styleUrl><Point><coordinates>103.1615896,-3.11645395,0</coordinates></Point></Placemark><Placemark><name>Rekonstruksi</name><description>Tipe: Rekonstruksi | Visual: Kerusakan parah, lubang besar dan permukaan jalan terkelupas | Panjang: 381 m</description><styleUrl>#lineStyle220</styleUrl><LineString><tessellate>1</tessellate><extrude>0</extrude><altitudeMode>clampToGround</altitudeMode><coordinates>103.16332479755143,-3.113449178781775,0
103.1615896,-3.11645395,0</coordinates></LineString></Placemark><Style id="lineStyle221"><LineStyle><color>ff0000ff</color><width>4</width></LineStyle></Style><Placemark><name>52.5</name><description>BTS. KAB. MUBA - MUARA BELITI</description><styleUrl>#pointStyle</styleUrl><Point><coordinates>103.1615896,-3.11645395,0</coordinates></Point></Placemark><Placemark><name>52.6</name><description>BTS. KAB. MUBA - MUARA BELITI</description><styleUrl>#pointStyle</styleUrl><Point><coordinates>103.16070750000002,-3.11654662,0</coordinates></Point></Placemark><Placemark><name>Rekonstruksi</name><description>Tipe: Rekonstruksi | Visual: Kerusakan parah, lubang besar dan permukaan jalan terkelupas | Panjang: 100 m</description><styleUrl>#lineStyle221</styleUrl><LineString><tessellate>1</tessellate><extrude>0</extrude><altitudeMode>clampToGround</altitudeMode><coordinates>103.1615896,-3.11645395,0
103.16070750000002,-3.11654662,0</coordinates></LineString></Placemark><Style id="lineStyle222"><LineStyle><color>ff0000ff</color><width>4</width></LineStyle></Style><Placemark><name>52.6</name><description>BTS. KAB. MUBA - MUARA BELITI</description><styleUrl>#pointStyle</styleUrl><Point><coordinates>103.16070750000002,-3.11654662,0</coordinates></Point></Placemark><Placemark><name>52.8</name><description>BTS. KAB. MUBA - MUARA BELITI</description><styleUrl>#pointStyle</styleUrl><Point><coordinates>103.1589148,-3.11639795,0</coordinates></Point></Placemark><Placemark><name>Rekonstruksi</name><description>Tipe: Rekonstruksi | Visual: Kerusakan parah, lubang besar dan permukaan jalan terkelupas | Panjang: 200 m</description><styleUrl>#lineStyle222</styleUrl><LineString><tessellate>1</tessellate><extrude>0</extrude><altitudeMode>clampToGround</altitudeMode><coordinates>103.16070750000002,-3.11654662,0
103.1589148,-3.11639795,0</coordinates></LineString></Placemark><Style id="lineStyle223"><LineStyle><color>ff0000ff</color><width>4</width></LineStyle></Style><Placemark><name>52.8</name><description>BTS. KAB. MUBA - MUARA BELITI</description><styleUrl>#pointStyle</styleUrl><Point><coordinates>103.1589148,-3.11639795,0</coordinates></Point></Placemark><Placemark><name>52.893</name><description>BTS. KAB. MUBA - MUARA BELITI</description><styleUrl>#pointStyle</styleUrl><Point><coordinates>103.15899605136985,-3.1163776310614613,0</coordinates></Point></Placemark><Placemark><name>Rekonstruksi</name><description>Tipe: Rekonstruksi | Visual: Kerusakan parah, lubang besar dan permukaan jalan terkelupas | Panjang: 93 m</description><styleUrl>#lineStyle223</styleUrl><LineString><tessellate>1</tessellate><extrude>0</extrude><altitudeMode>clampToGround</altitudeMode><coordinates>103.1589148,-3.11639795,0
103.15899605136985,-3.1163776310614613,0</coordinates></LineString></Placemark><Style id="lineStyle224"><LineStyle><color>ff00ffff</color><width>4</width></LineStyle></Style><Placemark><name>52.893</name><description>BTS. KAB. MUBA - MUARA BELITI</description><styleUrl>#pointStyle</styleUrl><Point><coordinates>103.15899605136985,-3.1163776310614613,0</coordinates></Point></Placemark><Placemark><name>52.945</name><description>BTS. KAB. MUBA - MUARA BELITI</description><styleUrl>#pointStyle</styleUrl><Point><coordinates>103.15809205933235,-3.1166038859678493,0</coordinates></Point></Placemark><Placemark><name>Rehab Mayor</name><description>Tipe: Rehab Mayor | Visual: Rusak Permukaan (Spot-spot) | Panjang: 52 m</description><styleUrl>#lineStyle224</styleUrl><LineString><tessellate>1</tessellate><extrude>0</extrude><altitudeMode>clampToGround</altitudeMode><coordinates>103.15899605136985,-3.1163776310614613,0
103.15809205933235,-3.1166038859678493,0</coordinates></LineString></Placemark><Style id="lineStyle225"><LineStyle><color>ffff0000</color><width>4</width></LineStyle></Style><Placemark><name>52.945</name><description>BTS. KAB. MUBA - MUARA BELITI</description><styleUrl>#pointStyle</styleUrl><Point><coordinates>103.15809205933235,-3.1166038859678493,0</coordinates></Point></Placemark><Placemark><name>53</name><description>BTS. KAB. MUBA - MUARA BELITI</description><styleUrl>#pointStyle</styleUrl><Point><coordinates>103.1571841,-3.11682659,0</coordinates></Point></Placemark><Placemark><name>Non Efektif</name><description>Tipe: Non Efektif | Visual: Kondisi baik, sedikit atau tidak ada retak | Panjang: 55 m</description><styleUrl>#lineStyle225</styleUrl><LineString><tessellate>1</tessellate><extrude>0</extrude><altitudeMode>clampToGround</altitudeMode><coordinates>103.15809205933235,-3.1166038859678493,0
103.1571841,-3.11682659,0</coordinates></LineString></Placemark><Style id="lineStyle226"><LineStyle><color>ff00ffff</color><width>4</width></LineStyle></Style><Placemark><name>53.215</name><description>BTS. KAB. MUBA - MUARA BELITI</description><styleUrl>#pointStyle</styleUrl><Point><coordinates>103.15549829892983,-3.117384101758765,0</coordinates></Point></Placemark><Placemark><name>53.431</name><description>BTS. KAB. MUBA - MUARA BELITI</description><styleUrl>#pointStyle</styleUrl><Point><coordinates>103.15389191586915,-3.1180969253725643,0</coordinates></Point></Placemark><Placemark><name>Rehab Mayor</name><description>Tipe: Rehab Mayor | Visual: None | Panjang: 216 m</description><styleUrl>#lineStyle226</styleUrl><LineString><tessellate>1</tessellate><extrude>0</extrude><altitudeMode>clampToGround</altitudeMode><coordinates>103.15549829892983,-3.117384101758765,0
103.15389191586915,-3.1180969253725643,0</coordinates></LineString></Placemark><Style id="lineStyle227"><LineStyle><color>ff0000ff</color><width>4</width></LineStyle></Style><Placemark><name>54.04</name><description>BTS. KAB. MUBA - MUARA BELITI</description><styleUrl>#pointStyle</styleUrl><Point><coordinates>103.15369860110388,-3.123383662997887,0</coordinates></Point></Placemark><Placemark><name>54.08</name><description>BTS. KAB. MUBA - MUARA BELITI</description><styleUrl>#pointStyle</styleUrl><Point><coordinates>103.15370450220777,-3.123348175995739,0</coordinates></Point></Placemark><Placemark><name>Rekonstruksi</name><description>Tipe: Rekonstruksi | Visual: Kerusakan parah, lubang besar dan permukaan jalan terkelupas | Panjang: 40 m</description><styleUrl>#lineStyle227</styleUrl><LineString><tessellate>1</tessellate><extrude>0</extrude><altitudeMode>clampToGround</altitudeMode><coordinates>103.15369860110388,-3.123383662997887,0
103.15370450220777,-3.123348175995739,0</coordinates></LineString></Placemark><Style id="lineStyle228"><LineStyle><color>ffff0000</color><width>4</width></LineStyle></Style><Placemark><name>55.4</name><description>BTS. KAB. MUBA - MUARA BELITI</description><styleUrl>#pointStyle</styleUrl><Point><coordinates>103.1444176,-3.12878004,0</coordinates></Point></Placemark><Placemark><name>55.7</name><description>BTS. KAB. MUBA - MUARA BELITI</description><styleUrl>#pointStyle</styleUrl><Point><coordinates>103.1420076,-3.1280051600000003,0</coordinates></Point></Placemark><Placemark><name>Non Efektif</name><description>Tipe: Non Efektif | Visual: Kondisi baik, sedikit atau tidak ada retak | Panjang: 300 m</description><styleUrl>#lineStyle228</styleUrl><LineString><tessellate>1</tessellate><extrude>0</extrude><altitudeMode>clampToGround</altitudeMode><coordinates>103.1444176,-3.12878004,0
103.1420076,-3.1280051600000003,0</coordinates></LineString></Placemark><Style id="lineStyle229"><LineStyle><color>ffff0000</color><width>4</width></LineStyle></Style><Placemark><name>55.7</name><description>BTS. KAB. MUBA - MUARA BELITI</description><styleUrl>#pointStyle</styleUrl><Point><coordinates>103.1420076,-3.1280051600000003,0</coordinates></Point></Placemark><Placemark><name>55.9</name><description>BTS. KAB. MUBA - MUARA BELITI</description><styleUrl>#pointStyle</styleUrl><Point><coordinates>103.14079600000001,-3.12931073,0</coordinates></Point></Placemark><Placemark><name>Non Efektif</name><description>Tipe: Non Efektif | Visual: Kondisi baik, sedikit atau tidak ada retak | Panjang: 200 m</description><styleUrl>#lineStyle229</styleUrl><LineString><tessellate>1</tessellate><extrude>0</extrude><altitudeMode>clampToGround</altitudeMode><coordinates>103.1420076,-3.1280051600000003,0
103.14079600000001,-3.12931073,0</coordinates></LineString></Placemark><Style id="lineStyle230"><LineStyle><color>ff00ffff</color><width>4</width></LineStyle></Style><Placemark><name>55.9</name><description>BTS. KAB. MUBA - MUARA BELITI</description><styleUrl>#pointStyle</styleUrl><Point><coordinates>103.14079600000001,-3.12931073,0</coordinates></Point></Placemark><Placemark><name>56</name><description>BTS. KAB. MUBA - MUARA BELITI</description><styleUrl>#pointStyle</styleUrl><Point><coordinates>103.1402398,-3.13001936,0</coordinates></Point></Placemark><Placemark><name>Rehab Mayor</name><description>Tipe: Rehab Mayor | Visual: Rusak Permukaan (Spot-spot) | Panjang: 100 m</description><styleUrl>#lineStyle230</styleUrl><LineString><tessellate>1</tessellate><extrude>0</extrude><altitudeMode>clampToGround</altitudeMode><coordinates>103.14079600000001,-3.12931073,0
103.1402398,-3.13001936,0</coordinates></LineString></Placemark><Style id="lineStyle231"><LineStyle><color>ff00ffff</color><width>4</width></LineStyle></Style><Placemark><name>56</name><description>BTS. KAB. MUBA - MUARA BELITI</description><styleUrl>#pointStyle</styleUrl><Point><coordinates>103.1402398,-3.13001936,0</coordinates></Point></Placemark><Placemark><name>56.08</name><description>BTS. KAB. MUBA - MUARA BELITI</description><styleUrl>#pointStyle</styleUrl><Point><coordinates>103.14028025468879,-3.1299598244193896,0</coordinates></Point></Placemark><Placemark><name>Rehab Mayor</name><description>Tipe: Rehab Mayor | Visual: Rusak Permukaan (Spot-spot) | Panjang: 80 m</description><styleUrl>#lineStyle231</styleUrl><LineString><tessellate>1</tessellate><extrude>0</extrude><altitudeMode>clampToGround</altitudeMode><coordinates>103.1402398,-3.13001936,0
103.14028025468879,-3.1299598244193896,0</coordinates></LineString></Placemark><Style id="lineStyle232"><LineStyle><color>ff0000ff</color><width>4</width></LineStyle></Style><Placemark><name>56.08</name><description>BTS. KAB. MUBA - MUARA BELITI</description><styleUrl>#pointStyle</styleUrl><Point><coordinates>103.14028025468879,-3.1299598244193896,0</coordinates></Point></Placemark><Placemark><name>56.175</name><description>BTS. KAB. MUBA - MUARA BELITI</description><styleUrl>#pointStyle</styleUrl><Point><coordinates>103.13977140381263,-3.130703548617383,0</coordinates></Point></Placemark><Placemark><name>Rekonstruksi</name><description>Tipe: Rekonstruksi | Visual: Kerusakan parah, lubang besar dan permukaan jalan terkelupas | Panjang: 95 m</description><styleUrl>#lineStyle232</styleUrl><LineString><tessellate>1</tessellate><extrude>0</extrude><altitudeMode>clampToGround</altitudeMode><coordinates>103.14028025468879,-3.1299598244193896,0
103.13977140381263,-3.130703548617383,0</coordinates></LineString></Placemark><Style id="lineStyle233"><LineStyle><color>ff00ffff</color><width>4</width></LineStyle></Style><Placemark><name>56.19</name><description>BTS. KAB. MUBA - MUARA BELITI</description><styleUrl>#pointStyle</styleUrl><Point><coordinates>103.13977850457516,-3.1306920723407163,0</coordinates></Point></Placemark><Placemark><name>56.45</name><description>BTS. KAB. MUBA - MUARA BELITI</description><styleUrl>#pointStyle</styleUrl><Point><coordinates>103.13804476771556,-3.132771266779771,0</coordinates></Point></Placemark><Placemark><name>Rehab Mayor</name><description>Tipe: Rehab Mayor | Visual: Rusak Permukaan (Spot-spot) | Panjang: 260 m</description><styleUrl>#lineStyle233</styleUrl><LineString><tessellate>1</tessellate><extrude>0</extrude><altitudeMode>clampToGround</altitudeMode><coordinates>103.13977850457516,-3.1306920723407163,0
103.13804476771556,-3.132771266779771,0</coordinates></LineString></Placemark><Style id="lineStyle234"><LineStyle><color>ffff0000</color><width>4</width></LineStyle></Style><Placemark><name>57.8</name><description>BTS. KAB. MUBA - MUARA BELITI</description><styleUrl>#pointStyle</styleUrl><Point><coordinates>103.1269255,-3.1379146799999997,0</coordinates></Point></Placemark><Placemark><name>58.036</name><description>BTS. KAB. MUBA - MUARA BELITI</description><styleUrl>#pointStyle</styleUrl><Point><coordinates>103.12520144829755,-3.1382320662332357,0</coordinates></Point></Placemark><Placemark><name>Non Efektif</name><description>Tipe: Non Efektif | Visual: Kondisi baik, sedikit atau tidak ada retak | Panjang: 236 m</description><styleUrl>#lineStyle234</styleUrl><LineString><tessellate>1</tessellate><extrude>0</extrude><altitudeMode>clampToGround</altitudeMode><coordinates>103.1269255,-3.1379146799999997,0
103.12520144829755,-3.1382320662332357,0</coordinates></LineString></Placemark><Style id="lineStyle235"><LineStyle><color>ff00ffff</color><width>4</width></LineStyle></Style><Placemark><name>58.036</name><description>BTS. KAB. MUBA - MUARA BELITI</description><styleUrl>#pointStyle</styleUrl><Point><coordinates>103.12520144829755,-3.1382320662332357,0</coordinates></Point></Placemark><Placemark><name>58.257</name><description>BTS. KAB. MUBA - MUARA BELITI</description><styleUrl>#pointStyle</styleUrl><Point><coordinates>103.12368816059212,-3.1391726388386227,0</coordinates></Point></Placemark><Placemark><name>Rehab Mayor</name><description>Tipe: Rehab Mayor | Visual: Rusak Permukaan (Spot-spot) | Panjang: 221 m</description><styleUrl>#lineStyle235</styleUrl><LineString><tessellate>1</tessellate><extrude>0</extrude><altitudeMode>clampToGround</altitudeMode><coordinates>103.12520144829755,-3.1382320662332357,0
103.12368816059212,-3.1391726388386227,0</coordinates></LineString></Placemark><Style id="lineStyle236"><LineStyle><color>ff00ffff</color><width>4</width></LineStyle></Style><Placemark><name>58.257</name><description>BTS. KAB. MUBA - MUARA BELITI</description><styleUrl>#pointStyle</styleUrl><Point><coordinates>103.12368816059212,-3.1391726388386227,0</coordinates></Point></Placemark><Placemark><name>58.267</name><description>BTS. KAB. MUBA - MUARA BELITI</description><styleUrl>#pointStyle</styleUrl><Point><coordinates>103.12369599578372,-3.139168203546957,0</coordinates></Point></Placemark><Placemark><name>Rehab Mayor</name><description>Tipe: Rehab Mayor | Visual: Rusak Permukaan (Spot-spot) | Panjang: 10 m</description><styleUrl>#lineStyle236</styleUrl><LineString><tessellate>1</tessellate><extrude>0</extrude><altitudeMode>clampToGround</altitudeMode><coordinates>103.12368816059212,-3.1391726388386227,0
103.12369599578372,-3.139168203546957,0</coordinates></LineString></Placemark><Style id="lineStyle237"><LineStyle><color>ffff0000</color><width>4</width></LineStyle></Style><Placemark><name>58.267</name><description>BTS. KAB. MUBA - MUARA BELITI</description><styleUrl>#pointStyle</styleUrl><Point><coordinates>103.12369599578372,-3.139168203546957,0</coordinates></Point></Placemark><Placemark><name>58.3</name><description>BTS. KAB. MUBA - MUARA BELITI</description><styleUrl>#pointStyle</styleUrl><Point><coordinates>103.1228624,-3.13964008,0</coordinates></Point></Placemark><Placemark><name>Non Efektif</name><description>Tipe: Non Efektif | Visual: Kondisi baik, sedikit atau tidak ada retak | Panjang: 33 m</description><styleUrl>#lineStyle237</styleUrl><LineString><tessellate>1</tessellate><extrude>0</extrude><altitudeMode>clampToGround</altitudeMode><coordinates>103.12369599578372,-3.139168203546957,0
103.1228624,-3.13964008,0</coordinates></LineString></Placemark><Style id="lineStyle238"><LineStyle><color>ffff0000</color><width>4</width></LineStyle></Style><Placemark><name>61</name><description>BTS. KAB. MUBA - MUARA BELITI</description><styleUrl>#pointStyle</styleUrl><Point><coordinates>103.1047406,-3.14439488,0</coordinates></Point></Placemark><Placemark><name>61.475</name><description>BTS. KAB. MUBA - MUARA BELITI</description><styleUrl>#pointStyle</styleUrl><Point><coordinates>103.10479339655524,-3.147936323211384,0</coordinates></Point></Placemark><Placemark><name>Non Efektif</name><description>Tipe: Non Efektif | Visual: Kondisi baik, sedikit atau tidak ada retak | Panjang: 475 m</description><styleUrl>#lineStyle238</styleUrl><LineString><tessellate>1</tessellate><extrude>0</extrude><altitudeMode>clampToGround</altitudeMode><coordinates>103.1047406,-3.14439488,0
103.10479339655524,-3.147936323211384,0</coordinates></LineString></Placemark><Style id="lineStyle239"><LineStyle><color>ff00ffff</color><width>4</width></LineStyle></Style><Placemark><name>61.475</name><description>BTS. KAB. MUBA - MUARA BELITI</description><styleUrl>#pointStyle</styleUrl><Point><coordinates>103.10479339655524,-3.147936323211384,0</coordinates></Point></Placemark><Placemark><name>61.65</name><description>BTS. KAB. MUBA - MUARA BELITI</description><styleUrl>#pointStyle</styleUrl><Point><coordinates>103.10476286930745,-3.1497611592372463,0</coordinates></Point></Placemark><Placemark><name>Rehab Mayor</name><description>Tipe: Rehab Mayor | Visual: Rusak Permukaan (Spot-spot) | Panjang: 175 m</description><styleUrl>#lineStyle239</styleUrl><LineString><tessellate>1</tessellate><extrude>0</extrude><altitudeMode>clampToGround</altitudeMode><coordinates>103.10479339655524,-3.147936323211384,0
103.10476286930745,-3.1497611592372463,0</coordinates></LineString></Placemark><Style id="lineStyle240"><LineStyle><color>ff00ffff</color><width>4</width></LineStyle></Style><Placemark><name>61.65</name><description>BTS. KAB. MUBA - MUARA BELITI</description><styleUrl>#pointStyle</styleUrl><Point><coordinates>103.10476286930745,-3.1497611592372463,0</coordinates></Point></Placemark><Placemark><name>61.9</name><description>BTS. KAB. MUBA - MUARA BELITI</description><styleUrl>#pointStyle</styleUrl><Point><coordinates>103.1053995,-3.15241162,0</coordinates></Point></Placemark><Placemark><name>Rehab Mayor</name><description>Tipe: Rehab Mayor | Visual: Rusak Permukaan (Spot-spot) | Panjang: 250 m</description><styleUrl>#lineStyle240</styleUrl><LineString><tessellate>1</tessellate><extrude>0</extrude><altitudeMode>clampToGround</altitudeMode><coordinates>103.10476286930745,-3.1497611592372463,0
103.1053995,-3.15241162,0</coordinates></LineString></Placemark><Style id="lineStyle241"><LineStyle><color>ff00ffff</color><width>4</width></LineStyle></Style><Placemark><name>61.9</name><description>BTS. KAB. MUBA - MUARA BELITI</description><styleUrl>#pointStyle</styleUrl><Point><coordinates>103.1053995,-3.15241162,0</coordinates></Point></Placemark><Placemark><name>62.1</name><description>BTS. KAB. MUBA - MUARA BELITI</description><styleUrl>#pointStyle</styleUrl><Point><coordinates>103.1055048,-3.15419573,0</coordinates></Point></Placemark><Placemark><name>Rehab Mayor</name><description>Tipe: Rehab Mayor | Visual: Rusak Permukaan (Spot-spot) | Panjang: 200 m</description><styleUrl>#lineStyle241</styleUrl><LineString><tessellate>1</tessellate><extrude>0</extrude><altitudeMode>clampToGround</altitudeMode><coordinates>103.1053995,-3.15241162,0
103.1055048,-3.15419573,0</coordinates></LineString></Placemark><Style id="lineStyle242"><LineStyle><color>ff00ffff</color><width>4</width></LineStyle></Style><Placemark><name>62.1</name><description>BTS. KAB. MUBA - MUARA BELITI</description><styleUrl>#pointStyle</styleUrl><Point><coordinates>103.1055048,-3.15419573,0</coordinates></Point></Placemark><Placemark><name>62.115</name><description>BTS. KAB. MUBA - MUARA BELITI</description><styleUrl>#pointStyle</styleUrl><Point><coordinates>103.10549774783807,-3.154184223787053,0</coordinates></Point></Placemark><Placemark><name>Rehab Mayor</name><description>Tipe: Rehab Mayor | Visual: Rusak Permukaan (Spot-spot) | Panjang: 15 m</description><styleUrl>#lineStyle242</styleUrl><LineString><tessellate>1</tessellate><extrude>0</extrude><altitudeMode>clampToGround</altitudeMode><coordinates>103.1055048,-3.15419573,0
103.10549774783807,-3.154184223787053,0</coordinates></LineString></Placemark><Style id="lineStyle243"><LineStyle><color>ffff0000</color><width>4</width></LineStyle></Style><Placemark><name>62.115</name><description>BTS. KAB. MUBA - MUARA BELITI</description><styleUrl>#pointStyle</styleUrl><Point><coordinates>103.10549774783807,-3.154184223787053,0</coordinates></Point></Placemark><Placemark><name>62.2</name><description>BTS. KAB. MUBA - MUARA BELITI</description><styleUrl>#pointStyle</styleUrl><Point><coordinates>103.10597240000001,-3.15495866,0</coordinates></Point></Placemark><Placemark><name>Non Efektif</name><description>Tipe: Non Efektif | Visual: Kondisi baik, sedikit atau tidak ada retak | Panjang: 85 m</description><styleUrl>#lineStyle243</styleUrl><LineString><tessellate>1</tessellate><extrude>0</extrude><altitudeMode>clampToGround</altitudeMode><coordinates>103.10549774783807,-3.154184223787053,0
103.10597240000001,-3.15495866,0</coordinates></LineString></Placemark><Style id="lineStyle244"><LineStyle><color>ff00ff00</color><width>4</width></LineStyle></Style><Placemark><name>63.525</name><description>BTS. KAB. MUBA - MUARA BELITI</description><styleUrl>#pointStyle</styleUrl><Point><coordinates>103.11030075467613,-3.16481109332243,0</coordinates></Point></Placemark><Placemark><name>63.676</name><description>BTS. KAB. MUBA - MUARA BELITI</description><styleUrl>#pointStyle</styleUrl><Point><coordinates>103.11038568077926,-3.1656508193902573,0</coordinates></Point></Placemark><Placemark><name>Rehab Minor</name><description>Tipe: Rehab Minor | Visual: Aus Permukaan dan retak-ratak halus | Panjang: 151 m</description><styleUrl>#lineStyle244</styleUrl><LineString><tessellate>1</tessellate><extrude>0</extrude><altitudeMode>clampToGround</altitudeMode><coordinates>103.11030075467613,-3.16481109332243,0
103.11038568077926,-3.1656508193902573,0</coordinates></LineString></Placemark><Style id="lineStyle245"><LineStyle><color>ffff0000</color><width>4</width></LineStyle></Style><Placemark><name>63.9</name><description>BTS. KAB. MUBA - MUARA BELITI</description><styleUrl>#pointStyle</styleUrl><Point><coordinates>103.1092135,-3.16806776,0</coordinates></Point></Placemark><Placemark><name>64.4</name><description>BTS. KAB. MUBA - MUARA BELITI</description><styleUrl>#pointStyle</styleUrl><Point><coordinates>103.10518,-3.16986558,0</coordinates></Point></Placemark><Placemark><name>Non Efektif</name><description>Tipe: Non Efektif | Visual: Kondisi baik, sedikit atau tidak ada retak | Panjang: 500 m</description><styleUrl>#lineStyle245</styleUrl><LineString><tessellate>1</tessellate><extrude>0</extrude><altitudeMode>clampToGround</altitudeMode><coordinates>103.1092135,-3.16806776,0
103.10518,-3.16986558,0</coordinates></LineString></Placemark><Style id="lineStyle246"><LineStyle><color>ff00ffff</color><width>4</width></LineStyle></Style><Placemark><name>64.5</name><description>BTS. KAB. MUBA - MUARA BELITI</description><styleUrl>#pointStyle</styleUrl><Point><coordinates>103.10437860000002,-3.17027223,0</coordinates></Point></Placemark><Placemark><name>64.62</name><description>BTS. KAB. MUBA - MUARA BELITI</description><styleUrl>#pointStyle</styleUrl><Point><coordinates>103.1035479434835,-3.170545960017805,0</coordinates></Point></Placemark><Placemark><name>Rehab Mayor</name><description>Tipe: Rehab Mayor | Visual: Rusak Permukaan (Spot-spot) | Panjang: 120 m</description><styleUrl>#lineStyle246</styleUrl><LineString><tessellate>1</tessellate><extrude>0</extrude><altitudeMode>clampToGround</altitudeMode><coordinates>103.10437860000002,-3.17027223,0
103.1035479434835,-3.170545960017805,0</coordinates></LineString></Placemark><Style id="lineStyle247"><LineStyle><color>ff00ffff</color><width>4</width></LineStyle></Style><Placemark><name>64.62</name><description>BTS. KAB. MUBA - MUARA BELITI</description><styleUrl>#pointStyle</styleUrl><Point><coordinates>103.1035479434835,-3.170545960017805,0</coordinates></Point></Placemark><Placemark><name>64.645</name><description>BTS. KAB. MUBA - MUARA BELITI</description><styleUrl>#pointStyle</styleUrl><Point><coordinates>103.1035703728379,-3.1705439725396243,0</coordinates></Point></Placemark><Placemark><name>Rehab Mayor</name><description>Tipe: Rehab Mayor | Visual: Rusak Permukaan (Spot-spot) | Panjang: 25 m</description><styleUrl>#lineStyle247</styleUrl><LineString><tessellate>1</tessellate><extrude>0</extrude><altitudeMode>clampToGround</altitudeMode><coordinates>103.1035479434835,-3.170545960017805,0
103.1035703728379,-3.1705439725396243,0</coordinates></LineString></Placemark><Style id="lineStyle248"><LineStyle><color>ff00ffff</color><width>4</width></LineStyle></Style><Placemark><name>64.645</name><description>BTS. KAB. MUBA - MUARA BELITI</description><styleUrl>#pointStyle</styleUrl><Point><coordinates>103.1035703728379,-3.1705439725396243,0</coordinates></Point></Placemark><Placemark><name>64.675</name><description>BTS. KAB. MUBA - MUARA BELITI</description><styleUrl>#pointStyle</styleUrl><Point><coordinates>103.10359728806317,-3.170541587565167,0</coordinates></Point></Placemark><Placemark><name>Rehab Mayor</name><description>Tipe: Rehab Mayor | Visual: Rusak Permukaan (Spot-spot) | Panjang: 30 m</description><styleUrl>#lineStyle248</styleUrl><LineString><tessellate>1</tessellate><extrude>0</extrude><altitudeMode>clampToGround</altitudeMode><coordinates>103.1035703728379,-3.1705439725396243,0
103.10359728806317,-3.170541587565167,0</coordinates></LineString></Placemark><Style id="lineStyle249"><LineStyle><color>ffff0000</color><width>4</width></LineStyle></Style><Placemark><name>65.7</name><description>BTS. KAB. MUBA - MUARA BELITI</description><styleUrl>#pointStyle</styleUrl><Point><coordinates>103.0937362,-3.17158285,0</coordinates></Point></Placemark><Placemark><name>66.1</name><description>BTS. KAB. MUBA - MUARA BELITI</description><styleUrl>#pointStyle</styleUrl><Point><coordinates>103.09026789999999,-3.17074285,0</coordinates></Point></Placemark><Placemark><name>Non Efektif</name><description>Tipe: Non Efektif | Visual: Kondisi baik, sedikit atau tidak ada retak | Panjang: 400 m</description><styleUrl>#lineStyle249</styleUrl><LineString><tessellate>1</tessellate><extrude>0</extrude><altitudeMode>clampToGround</altitudeMode><coordinates>103.0937362,-3.17158285,0
103.09026789999999,-3.17074285,0</coordinates></LineString></Placemark><Style id="lineStyle250"><LineStyle><color>ffff0000</color><width>4</width></LineStyle></Style><Placemark><name>66.5</name><description>BTS. KAB. MUBA - MUARA BELITI</description><styleUrl>#pointStyle</styleUrl><Point><coordinates>103.0869905,-3.17202467,0</coordinates></Point></Placemark><Placemark><name>66.91</name><description>BTS. KAB. MUBA - MUARA BELITI</description><styleUrl>#pointStyle</styleUrl><Point><coordinates>103.08418333965638,-3.17413357315374,0</coordinates></Point></Placemark><Placemark><name>Non Efektif</name><description>Tipe: Non Efektif | Visual: Kondisi baik, sedikit atau tidak ada retak | Panjang: 410 m</description><styleUrl>#lineStyle250</styleUrl><LineString><tessellate>1</tessellate><extrude>0</extrude><altitudeMode>clampToGround</altitudeMode><coordinates>103.0869905,-3.17202467,0
103.08418333965638,-3.17413357315374,0</coordinates></LineString></Placemark><Style id="lineStyle251"><LineStyle><color>ff00ffff</color><width>4</width></LineStyle></Style><Placemark><name>66.91</name><description>BTS. KAB. MUBA - MUARA BELITI</description><styleUrl>#pointStyle</styleUrl><Point><coordinates>103.08418333965638,-3.17413357315374,0</coordinates></Point></Placemark><Placemark><name>67.2</name><description>BTS. KAB. MUBA - MUARA BELITI</description><styleUrl>#pointStyle</styleUrl><Point><coordinates>103.0821426,-3.17592036,0</coordinates></Point></Placemark><Placemark><name>Rehab Mayor</name><description>Tipe: Rehab Mayor | Visual: Rusak Permukaan (Spot-spot) | Panjang: 290 m</description><styleUrl>#lineStyle251</styleUrl><LineString><tessellate>1</tessellate><extrude>0</extrude><altitudeMode>clampToGround</altitudeMode><coordinates>103.08418333965638,-3.17413357315374,0
103.0821426,-3.17592036,0</coordinates></LineString></Placemark><Style id="lineStyle252"><LineStyle><color>ff000000</color><width>4</width></LineStyle></Style><Placemark><name>67.2</name><description>BTS. KAB. MUBA - MUARA BELITI</description><styleUrl>#pointStyle</styleUrl><Point><coordinates>103.0821426,-3.17592036,0</coordinates></Point></Placemark><Placemark><name>67.232</name><description>BTS. KAB. MUBA - MUARA BELITI</description><styleUrl>#pointStyle</styleUrl><Point><coordinates>103.08215969574141,-3.175897190564218,0</coordinates></Point></Placemark><Placemark><name>Jembatan Petunang</name><description>Tipe: Jembatan Petunang | Visual: None | Panjang: 32 m</description><styleUrl>#lineStyle252</styleUrl><LineString><tessellate>1</tessellate><extrude>0</extrude><altitudeMode>clampToGround</altitudeMode><coordinates>103.0821426,-3.17592036,0
103.08215969574141,-3.175897190564218,0</coordinates></LineString></Placemark><Style id="lineStyle253"><LineStyle><color>ff00ffff</color><width>4</width></LineStyle></Style><Placemark><name>67.232</name><description>BTS. KAB. MUBA - MUARA BELITI</description><styleUrl>#pointStyle</styleUrl><Point><coordinates>103.08215969574141,-3.175897190564218,0</coordinates></Point></Placemark><Placemark><name>67.3</name><description>BTS. KAB. MUBA - MUARA BELITI</description><styleUrl>#pointStyle</styleUrl><Point><coordinates>103.0816109,-3.17664096,0</coordinates></Point></Placemark><Placemark><name>Rehab Mayor</name><description>Tipe: Rehab Mayor | Visual: Rusak Permukaan (Spot-spot) | Panjang: 68 m</description><styleUrl>#lineStyle253</styleUrl><LineString><tessellate>1</tessellate><extrude>0</extrude><altitudeMode>clampToGround</altitudeMode><coordinates>103.08215969574141,-3.175897190564218,0
103.0816109,-3.17664096,0</coordinates></LineString></Placemark><Style id="lineStyle254"><LineStyle><color>ff00ffff</color><width>4</width></LineStyle></Style><Placemark><name>67.3</name><description>BTS. KAB. MUBA - MUARA BELITI</description><styleUrl>#pointStyle</styleUrl><Point><coordinates>103.0816109,-3.17664096,0</coordinates></Point></Placemark><Placemark><name>67.8</name><description>BTS. KAB. MUBA - MUARA BELITI</description><styleUrl>#pointStyle</styleUrl><Point><coordinates>103.0822775,-3.18101707,0</coordinates></Point></Placemark><Placemark><name>Rehab Mayor</name><description>Tipe: Rehab Mayor | Visual: Rusak Permukaan (Spot-spot) | Panjang: 500 m</description><styleUrl>#lineStyle254</styleUrl><LineString><tessellate>1</tessellate><extrude>0</extrude><altitudeMode>clampToGround</altitudeMode><coordinates>103.0816109,-3.17664096,0
103.0822775,-3.18101707,0</coordinates></LineString></Placemark><Style id="lineStyle255"><LineStyle><color>ff00ff00</color><width>4</width></LineStyle></Style><Placemark><name>68.5</name><description>BTS. KAB. MUBA - MUARA BELITI</description><styleUrl>#pointStyle</styleUrl><Point><coordinates>103.0802446,-3.1864637999999994,0</coordinates></Point></Placemark><Placemark><name>68.625</name><description>BTS. KAB. MUBA - MUARA BELITI</description><styleUrl>#pointStyle</styleUrl><Point><coordinates>103.08046211672149,-3.187313478270578,0</coordinates></Point></Placemark><Placemark><name>Rehab Minor</name><description>Tipe: Rehab Minor | Visual: Aus Permukaan dan retak-ratak halus | Panjang: 125 m</description><styleUrl>#lineStyle255</styleUrl><LineString><tessellate>1</tessellate><extrude>0</extrude><altitudeMode>clampToGround</altitudeMode><coordinates>103.0802446,-3.1864637999999994,0
103.08046211672149,-3.187313478270578,0</coordinates></LineString></Placemark><Style id="lineStyle256"><LineStyle><color>ff00ffff</color><width>4</width></LineStyle></Style><Placemark><name>68.625</name><description>BTS. KAB. MUBA - MUARA BELITI</description><styleUrl>#pointStyle</styleUrl><Point><coordinates>103.08046211672149,-3.187313478270578,0</coordinates></Point></Placemark><Placemark><name>68.7</name><description>BTS. KAB. MUBA - MUARA BELITI</description><styleUrl>#pointStyle</styleUrl><Point><coordinates>103.0808674,-3.1881418900000003,0</coordinates></Point></Placemark><Placemark><name>Rehab Mayor</name><description>Tipe: Rehab Mayor | Visual: Rusak Permukaan (Spot-spot) | Panjang: 75 m</description><styleUrl>#lineStyle256</styleUrl><LineString><tessellate>1</tessellate><extrude>0</extrude><altitudeMode>clampToGround</altitudeMode><coordinates>103.08046211672149,-3.187313478270578,0
103.0808674,-3.1881418900000003,0</coordinates></LineString></Placemark><Style id="lineStyle257"><LineStyle><color>ff00ffff</color><width>4</width></LineStyle></Style><Placemark><name>68.7</name><description>BTS. KAB. MUBA - MUARA BELITI</description><styleUrl>#pointStyle</styleUrl><Point><coordinates>103.0808674,-3.1881418900000003,0</coordinates></Point></Placemark><Placemark><name>68.725</name><description>BTS. KAB. MUBA - MUARA BELITI</description><styleUrl>#pointStyle</styleUrl><Point><coordinates>103.0808695770437,-3.188119512282632,0</coordinates></Point></Placemark><Placemark><name>Rehab Mayor</name><description>Tipe: Rehab Mayor | Visual: Rusak Permukaan (Spot-spot) | Panjang: 25 m</description><styleUrl>#lineStyle257</styleUrl><LineString><tessellate>1</tessellate><extrude>0</extrude><altitudeMode>clampToGround</altitudeMode><coordinates>103.0808674,-3.1881418900000003,0
103.0808695770437,-3.188119512282632,0</coordinates></LineString></Placemark><Style id="lineStyle258"><LineStyle><color>ff00ff00</color><width>4</width></LineStyle></Style><Placemark><name>68.725</name><description>BTS. KAB. MUBA - MUARA BELITI</description><styleUrl>#pointStyle</styleUrl><Point><coordinates>103.0808695770437,-3.188119512282632,0</coordinates></Point></Placemark><Placemark><name>68.795</name><description>BTS. KAB. MUBA - MUARA BELITI</description><styleUrl>#pointStyle</styleUrl><Point><coordinates>103.08087567276601,-3.1880568546739783,0</coordinates></Point></Placemark><Placemark><name>Rehab Minor</name><description>Tipe: Rehab Minor | Visual: Aus Permukaan dan retak-ratak halus | Panjang: 70 m</description><styleUrl>#lineStyle258</styleUrl><LineString><tessellate>1</tessellate><extrude>0</extrude><altitudeMode>clampToGround</altitudeMode><coordinates>103.0808695770437,-3.188119512282632,0
103.08087567276601,-3.1880568546739783,0</coordinates></LineString></Placemark><Style id="lineStyle259"><LineStyle><color>ff0000ff</color><width>4</width></LineStyle></Style><Placemark><name>68.795</name><description>BTS. KAB. MUBA - MUARA BELITI</description><styleUrl>#pointStyle</styleUrl><Point><coordinates>103.08087567276601,-3.1880568546739783,0</coordinates></Point></Placemark><Placemark><name>68.815</name><description>BTS. KAB. MUBA - MUARA BELITI</description><styleUrl>#pointStyle</styleUrl><Point><coordinates>103.08079177617172,-3.1890115346514563,0</coordinates></Point></Placemark><Placemark><name>Rekonstruksi</name><description>Tipe: Rekonstruksi | Visual: BOX CULVERT | Panjang: 20 m</description><styleUrl>#lineStyle259</styleUrl><LineString><tessellate>1</tessellate><extrude>0</extrude><altitudeMode>clampToGround</altitudeMode><coordinates>103.08087567276601,-3.1880568546739783,0
103.08079177617172,-3.1890115346514563,0</coordinates></LineString></Placemark><Style id="lineStyle260"><LineStyle><color>ffff0000</color><width>4</width></LineStyle></Style><Placemark><name>68.9</name><description>BTS. KAB. MUBA - MUARA BELITI</description><styleUrl>#pointStyle</styleUrl><Point><coordinates>103.0801266,-3.18963153,0</coordinates></Point></Placemark><Placemark><name>69</name><description>BTS. KAB. MUBA - MUARA BELITI</description><styleUrl>#pointStyle</styleUrl><Point><coordinates>103.0793964,-3.19015942,0</coordinates></Point></Placemark><Placemark><name>Non Efektif</name><description>Tipe: Non Efektif | Visual: Kondisi baik, sedikit atau tidak ada retak | Panjang: 100 m</description><styleUrl>#lineStyle260</styleUrl><LineString><tessellate>1</tessellate><extrude>0</extrude><altitudeMode>clampToGround</altitudeMode><coordinates>103.0801266,-3.18963153,0
103.0793964,-3.19015942,0</coordinates></LineString></Placemark><Style id="lineStyle261"><LineStyle><color>ffff0000</color><width>4</width></LineStyle></Style><Placemark><name>69.2</name><description>BTS. KAB. MUBA - MUARA BELITI</description><styleUrl>#pointStyle</styleUrl><Point><coordinates>103.0781751,-3.1914714700000006,0</coordinates></Point></Placemark><Placemark><name>69.445</name><description>BTS. KAB. MUBA - MUARA BELITI</description><styleUrl>#pointStyle</styleUrl><Point><coordinates>103.07707280757667,-3.19284565983483,0</coordinates></Point></Placemark><Placemark><name>Non Efektif</name><description>Tipe: Non Efektif | Visual: Kondisi baik, sedikit atau tidak ada retak | Panjang: 245 m</description><styleUrl>#lineStyle261</styleUrl><LineString><tessellate>1</tessellate><extrude>0</extrude><altitudeMode>clampToGround</altitudeMode><coordinates>103.0781751,-3.1914714700000006,0
103.07707280757667,-3.19284565983483,0</coordinates></LineString></Placemark><Style id="lineStyle262"><LineStyle><color>ff0000ff</color><width>4</width></LineStyle></Style><Placemark><name>69.445</name><description>BTS. KAB. MUBA - MUARA BELITI</description><styleUrl>#pointStyle</styleUrl><Point><coordinates>103.07707280757667,-3.19284565983483,0</coordinates></Point></Placemark><Placemark><name>69.6</name><description>BTS. KAB. MUBA - MUARA BELITI</description><styleUrl>#pointStyle</styleUrl><Point><coordinates>103.0759319,-3.1942958,0</coordinates></Point></Placemark><Placemark><name>Rekonstruksi</name><description>Tipe: Rekonstruksi | Visual: Kerusakan parah, lubang besar dan permukaan jalan terkelupas | Panjang: 155 m</description><styleUrl>#lineStyle262</styleUrl><LineString><tessellate>1</tessellate><extrude>0</extrude><altitudeMode>clampToGround</altitudeMode><coordinates>103.07707280757667,-3.19284565983483,0
103.0759319,-3.1942958,0</coordinates></LineString></Placemark><Style id="lineStyle263"><LineStyle><color>ff0000ff</color><width>4</width></LineStyle></Style><Placemark><name>69.6</name><description>BTS. KAB. MUBA - MUARA BELITI</description><styleUrl>#pointStyle</styleUrl><Point><coordinates>103.0759319,-3.1942958,0</coordinates></Point></Placemark><Placemark><name>69.613</name><description>BTS. KAB. MUBA - MUARA BELITI</description><styleUrl>#pointStyle</styleUrl><Point><coordinates>103.07593685800322,-3.1942852085770617,0</coordinates></Point></Placemark><Placemark><name>Rekonstruksi</name><description>Tipe: Rekonstruksi | Visual: Kerusakan parah, lubang besar dan permukaan jalan terkelupas | Panjang: 13 m</description><styleUrl>#lineStyle263</styleUrl><LineString><tessellate>1</tessellate><extrude>0</extrude><altitudeMode>clampToGround</altitudeMode><coordinates>103.0759319,-3.1942958,0
103.07593685800322,-3.1942852085770617,0</coordinates></LineString></Placemark><Style id="lineStyle264"><LineStyle><color>ff00ffff</color><width>4</width></LineStyle></Style><Placemark><name>69.613</name><description>BTS. KAB. MUBA - MUARA BELITI</description><styleUrl>#pointStyle</styleUrl><Point><coordinates>103.07593685800322,-3.1942852085770617,0</coordinates></Point></Placemark><Placemark><name>69.8</name><description>BTS. KAB. MUBA - MUARA BELITI</description><styleUrl>#pointStyle</styleUrl><Point><coordinates>103.0752381,-3.19595702,0</coordinates></Point></Placemark><Placemark><name>Rehab Mayor</name><description>Tipe: Rehab Mayor | Visual: Rusak Permukaan (Spot-spot) | Panjang: 187 m</description><styleUrl>#lineStyle264</styleUrl><LineString><tessellate>1</tessellate><extrude>0</extrude><altitudeMode>clampToGround</altitudeMode><coordinates>103.07593685800322,-3.1942852085770617,0
103.0752381,-3.19595702,0</coordinates></LineString></Placemark><Style id="lineStyle265"><LineStyle><color>ff00ffff</color><width>4</width></LineStyle></Style><Placemark><name>69.8</name><description>BTS. KAB. MUBA - MUARA BELITI</description><styleUrl>#pointStyle</styleUrl><Point><coordinates>103.0752381,-3.19595702,0</coordinates></Point></Placemark><Placemark><name>69.812</name><description>BTS. KAB. MUBA - MUARA BELITI</description><styleUrl>#pointStyle</styleUrl><Point><coordinates>103.0752449052799,-3.195948635708854,0</coordinates></Point></Placemark><Placemark><name>Rehab Mayor</name><description>Tipe: Rehab Mayor | Visual: Rusak Permukaan (Spot-spot) | Panjang: 12 m</description><styleUrl>#lineStyle265</styleUrl><LineString><tessellate>1</tessellate><extrude>0</extrude><altitudeMode>clampToGround</altitudeMode><coordinates>103.0752381,-3.19595702,0
103.0752449052799,-3.195948635708854,0</coordinates></LineString></Placemark><Style id="lineStyle266"><LineStyle><color>ff00ffff</color><width>4</width></LineStyle></Style><Placemark><name>69.836</name><description>BTS. KAB. MUBA - MUARA BELITI</description><styleUrl>#pointStyle</styleUrl><Point><coordinates>103.07525851583966,-3.1959318671264265,0</coordinates></Point></Placemark><Placemark><name>70</name><description>BTS. KAB. MUBA - MUARA BELITI</description><styleUrl>#pointStyle</styleUrl><Point><coordinates>103.0739181,-3.1971391199999997,0</coordinates></Point></Placemark><Placemark><name>Rehab Mayor</name><description>Tipe: Rehab Mayor | Visual: Rusak Permukaan (Spot-spot) | Panjang: 164 m</description><styleUrl>#lineStyle266</styleUrl><LineString><tessellate>1</tessellate><extrude>0</extrude><altitudeMode>clampToGround</altitudeMode><coordinates>103.07525851583966,-3.1959318671264265,0
103.0739181,-3.1971391199999997,0</coordinates></LineString></Placemark><Style id="lineStyle267"><LineStyle><color>ff00ff00</color><width>4</width></LineStyle></Style><Placemark><name>70</name><description>BTS. KAB. MUBA - MUARA BELITI</description><styleUrl>#pointStyle</styleUrl><Point><coordinates>103.0739181,-3.1971391199999997,0</coordinates></Point></Placemark><Placemark><name>70.125</name><description>BTS. KAB. MUBA - MUARA BELITI</description><styleUrl>#pointStyle</styleUrl><Point><coordinates>103.07315510751172,-3.1975738768997686,0</coordinates></Point></Placemark><Placemark><name>Rehab Minor</name><description>Tipe: Rehab Minor | Visual: Aus Permukaan dan retak-ratak halus | Panjang: 125 m</description><styleUrl>#lineStyle267</styleUrl><LineString><tessellate>1</tessellate><extrude>0</extrude><altitudeMode>clampToGround</altitudeMode><coordinates>103.0739181,-3.1971391199999997,0
103.07315510751172,-3.1975738768997686,0</coordinates></LineString></Placemark><Style id="lineStyle268"><LineStyle><color>ff00ffff</color><width>4</width></LineStyle></Style><Placemark><name>70.125</name><description>BTS. KAB. MUBA - MUARA BELITI</description><styleUrl>#pointStyle</styleUrl><Point><coordinates>103.07315510751172,-3.1975738768997686,0</coordinates></Point></Placemark><Placemark><name>70.537</name><description>BTS. KAB. MUBA - MUARA BELITI</description><styleUrl>#pointStyle</styleUrl><Point><coordinates>103.07208870741886,-3.200818686615886,0</coordinates></Point></Placemark><Placemark><name>Rehab Mayor</name><description>Tipe: Rehab Mayor | Visual: Rusak Permukaan (Spot-spot) | Panjang: 412 m</description><styleUrl>#lineStyle268</styleUrl><LineString><tessellate>1</tessellate><extrude>0</extrude><altitudeMode>clampToGround</altitudeMode><coordinates>103.07315510751172,-3.1975738768997686,0
103.07208870741886,-3.200818686615886,0</coordinates></LineString></Placemark><Style id="lineStyle269"><LineStyle><color>ff0000ff</color><width>4</width></LineStyle></Style><Placemark><name>70.537</name><description>BTS. KAB. MUBA - MUARA BELITI</description><styleUrl>#pointStyle</styleUrl><Point><coordinates>103.07208870741886,-3.200818686615886,0</coordinates></Point></Placemark><Placemark><name>70.65</name><description>BTS. KAB. MUBA - MUARA BELITI</description><styleUrl>#pointStyle</styleUrl><Point><coordinates>103.0725053439353,-3.201606729430989,0</coordinates></Point></Placemark><Placemark><name>Rekonstruksi</name><description>Tipe: Rekonstruksi | Visual: Kerusakan parah, lubang besar dan permukaan jalan terkelupas | Panjang: 113 m</description><styleUrl>#lineStyle269</styleUrl><LineString><tessellate>1</tessellate><extrude>0</extrude><altitudeMode>clampToGround</altitudeMode><coordinates>103.07208870741886,-3.200818686615886,0
103.0725053439353,-3.201606729430989,0</coordinates></LineString></Placemark><Style id="lineStyle270"><LineStyle><color>ff00ffff</color><width>4</width></LineStyle></Style><Placemark><name>70.65</name><description>BTS. KAB. MUBA - MUARA BELITI</description><styleUrl>#pointStyle</styleUrl><Point><coordinates>103.0725053439353,-3.201606729430989,0</coordinates></Point></Placemark><Placemark><name>70.7</name><description>BTS. KAB. MUBA - MUARA BELITI</description><styleUrl>#pointStyle</styleUrl><Point><coordinates>103.0731831,-3.20226609,0</coordinates></Point></Placemark><Placemark><name>Rehab Mayor</name><description>Tipe: Rehab Mayor | Visual: Rusak Permukaan (Spot-spot) | Panjang: 50 m</description><styleUrl>#lineStyle270</styleUrl><LineString><tessellate>1</tessellate><extrude>0</extrude><altitudeMode>clampToGround</altitudeMode><coordinates>103.0725053439353,-3.201606729430989,0
103.0731831,-3.20226609,0</coordinates></LineString></Placemark><Style id="lineStyle271"><LineStyle><color>ff00ffff</color><width>4</width></LineStyle></Style><Placemark><name>70.7</name><description>BTS. KAB. MUBA - MUARA BELITI</description><styleUrl>#pointStyle</styleUrl><Point><coordinates>103.0731831,-3.20226609,0</coordinates></Point></Placemark><Placemark><name>70.79</name><description>BTS. KAB. MUBA - MUARA BELITI</description><styleUrl>#pointStyle</styleUrl><Point><coordinates>103.07312890500448,-3.202205897139606,0</coordinates></Point></Placemark><Placemark><name>Rehab Mayor</name><description>Tipe: Rehab Mayor | Visual: Rusak Permukaan (Spot-spot) | Panjang: 90 m</description><styleUrl>#lineStyle271</styleUrl><LineString><tessellate>1</tessellate><extrude>0</extrude><altitudeMode>clampToGround</altitudeMode><coordinates>103.0731831,-3.20226609,0
103.07312890500448,-3.202205897139606,0</coordinates></LineString></Placemark><Style id="lineStyle272"><LineStyle><color>ff0000ff</color><width>4</width></LineStyle></Style><Placemark><name>70.79</name><description>BTS. KAB. MUBA - MUARA BELITI</description><styleUrl>#pointStyle</styleUrl><Point><coordinates>103.07312890500448,-3.202205897139606,0</coordinates></Point></Placemark><Placemark><name>70.85</name><description>BTS. KAB. MUBA - MUARA BELITI</description><styleUrl>#pointStyle</styleUrl><Point><coordinates>103.07376100812145,-3.2028975993772004,0</coordinates></Point></Placemark><Placemark><name>Rekonstruksi</name><description>Tipe: Rekonstruksi | Visual: Kerusakan parah, lubang besar dan permukaan jalan terkelupas | Panjang: 60 m</description><styleUrl>#lineStyle272</styleUrl><LineString><tessellate>1</tessellate><extrude>0</extrude><altitudeMode>clampToGround</altitudeMode><coordinates>103.07312890500448,-3.202205897139606,0
103.07376100812145,-3.2028975993772004,0</coordinates></LineString></Placemark><Style id="lineStyle273"><LineStyle><color>ff00ffff</color><width>4</width></LineStyle></Style><Placemark><name>70.85</name><description>BTS. KAB. MUBA - MUARA BELITI</description><styleUrl>#pointStyle</styleUrl><Point><coordinates>103.07376100812145,-3.2028975993772004,0</coordinates></Point></Placemark><Placemark><name>71.15</name><description>BTS. KAB. MUBA - MUARA BELITI</description><styleUrl>#pointStyle</styleUrl><Point><coordinates>103.07432663323813,-3.205366823099523,0</coordinates></Point></Placemark><Placemark><name>Rehab Mayor</name><description>Tipe: Rehab Mayor | Visual: Rusak Permukaan (Spot-spot) | Panjang: 300 m</description><styleUrl>#lineStyle273</styleUrl><LineString><tessellate>1</tessellate><extrude>0</extrude><altitudeMode>clampToGround</altitudeMode><coordinates>103.07376100812145,-3.2028975993772004,0
103.07432663323813,-3.205366823099523,0</coordinates></LineString></Placemark><Style id="lineStyle274"><LineStyle><color>ff0000ff</color><width>4</width></LineStyle></Style><Placemark><name>71.15</name><description>BTS. KAB. MUBA - MUARA BELITI</description><styleUrl>#pointStyle</styleUrl><Point><coordinates>103.07432663323813,-3.205366823099523,0</coordinates></Point></Placemark><Placemark><name>71.2</name><description>BTS. KAB. MUBA - MUARA BELITI</description><styleUrl>#pointStyle</styleUrl><Point><coordinates>103.0737474,-3.2061111,0</coordinates></Point></Placemark><Placemark><name>Rekonstruksi</name><description>Tipe: Rekonstruksi | Visual: Kerusakan parah, lubang besar dan permukaan jalan terkelupas | Panjang: 50 m</description><styleUrl>#lineStyle274</styleUrl><LineString><tessellate>1</tessellate><extrude>0</extrude><altitudeMode>clampToGround</altitudeMode><coordinates>103.07432663323813,-3.205366823099523,0
103.0737474,-3.2061111,0</coordinates></LineString></Placemark><Style id="lineStyle275"><LineStyle><color>ff00ffff</color><width>4</width></LineStyle></Style><Placemark><name>71.2</name><description>BTS. KAB. MUBA - MUARA BELITI</description><styleUrl>#pointStyle</styleUrl><Point><coordinates>103.0737474,-3.2061111,0</coordinates></Point></Placemark><Placemark><name>71.25</name><description>BTS. KAB. MUBA - MUARA BELITI</description><styleUrl>#pointStyle</styleUrl><Point><coordinates>103.07377710530282,-3.2060773020192714,0</coordinates></Point></Placemark><Placemark><name>Rehab Mayor</name><description>Tipe: Rehab Mayor | Visual: Rusak Permukaan (Spot-spot) | Panjang: 50 m</description><styleUrl>#lineStyle275</styleUrl><LineString><tessellate>1</tessellate><extrude>0</extrude><altitudeMode>clampToGround</altitudeMode><coordinates>103.0737474,-3.2061111,0
103.07377710530282,-3.2060773020192714,0</coordinates></LineString></Placemark><Style id="lineStyle276"><LineStyle><color>ff00ff00</color><width>4</width></LineStyle></Style><Placemark><name>71.25</name><description>BTS. KAB. MUBA - MUARA BELITI</description><styleUrl>#pointStyle</styleUrl><Point><coordinates>103.07377710530282,-3.2060773020192714,0</coordinates></Point></Placemark><Placemark><name>71.35</name><description>BTS. KAB. MUBA - MUARA BELITI</description><styleUrl>#pointStyle</styleUrl><Point><coordinates>103.07317108880994,-3.206743576879373,0</coordinates></Point></Placemark><Placemark><name>Rehab Minor</name><description>Tipe: Rehab Minor | Visual: Aus Permukaan dan retak-ratak halus | Panjang: 100 m</description><styleUrl>#lineStyle276</styleUrl><LineString><tessellate>1</tessellate><extrude>0</extrude><altitudeMode>clampToGround</altitudeMode><coordinates>103.07377710530282,-3.2060773020192714,0
103.07317108880994,-3.206743576879373,0</coordinates></LineString></Placemark><Style id="lineStyle277"><LineStyle><color>ff00ffff</color><width>4</width></LineStyle></Style><Placemark><name>71.35</name><description>BTS. KAB. MUBA - MUARA BELITI</description><styleUrl>#pointStyle</styleUrl><Point><coordinates>103.07317108880994,-3.206743576879373,0</coordinates></Point></Placemark><Placemark><name>71.6</name><description>BTS. KAB. MUBA - MUARA BELITI</description><styleUrl>#pointStyle</styleUrl><Point><coordinates>103.0715669,-3.2088994900000007,0</coordinates></Point></Placemark><Placemark><name>Rehab Mayor</name><description>Tipe: Rehab Mayor | Visual: Rusak Permukaan (Spot-spot) | Panjang: 250 m</description><styleUrl>#lineStyle277</styleUrl><LineString><tessellate>1</tessellate><extrude>0</extrude><altitudeMode>clampToGround</altitudeMode><coordinates>103.07317108880994,-3.206743576879373,0
103.0715669,-3.2088994900000007,0</coordinates></LineString></Placemark><Style id="lineStyle278"><LineStyle><color>ff00ffff</color><width>4</width></LineStyle></Style><Placemark><name>71.6</name><description>BTS. KAB. MUBA - MUARA BELITI</description><styleUrl>#pointStyle</styleUrl><Point><coordinates>103.0715669,-3.2088994900000007,0</coordinates></Point></Placemark><Placemark><name>72.011</name><description>BTS. KAB. MUBA - MUARA BELITI</description><styleUrl>#pointStyle</styleUrl><Point><coordinates>103.06856029871685,-3.210863965342064,0</coordinates></Point></Placemark><Placemark><name>Rehab Mayor</name><description>Tipe: Rehab Mayor | Visual: Rusak Permukaan (Spot-spot) | Panjang: 411 m</description><styleUrl>#lineStyle278</styleUrl><LineString><tessellate>1</tessellate><extrude>0</extrude><altitudeMode>clampToGround</altitudeMode><coordinates>103.0715669,-3.2088994900000007,0
103.06856029871685,-3.210863965342064,0</coordinates></LineString></Placemark><Style id="lineStyle279"><LineStyle><color>ff00ffff</color><width>4</width></LineStyle></Style><Placemark><name>72.038</name><description>BTS. KAB. MUBA - MUARA BELITI</description><styleUrl>#pointStyle</styleUrl><Point><coordinates>103.06858042284001,-3.2108503311813954,0</coordinates></Point></Placemark><Placemark><name>72.166</name><description>BTS. KAB. MUBA - MUARA BELITI</description><styleUrl>#pointStyle</styleUrl><Point><coordinates>103.06785970047656,-3.2113489909653987,0</coordinates></Point></Placemark><Placemark><name>Rehab Mayor</name><description>Tipe: Rehab Mayor | Visual: Rusak Permukaan (Spot-spot) | Panjang: 128 m</description><styleUrl>#lineStyle279</styleUrl><LineString><tessellate>1</tessellate><extrude>0</extrude><altitudeMode>clampToGround</altitudeMode><coordinates>103.06858042284001,-3.2108503311813954,0
103.06785970047656,-3.2113489909653987,0</coordinates></LineString></Placemark><Style id="lineStyle280"><LineStyle><color>ffff0000</color><width>4</width></LineStyle></Style><Placemark><name>73</name><description>BTS. KAB. MUBA - MUARA BELITI</description><styleUrl>#pointStyle</styleUrl><Point><coordinates>103.06146860000001,-3.21628751,0</coordinates></Point></Placemark><Placemark><name>73.3</name><description>BTS. KAB. MUBA - MUARA BELITI</description><styleUrl>#pointStyle</styleUrl><Point><coordinates>103.0603569,-3.2187569200000006,0</coordinates></Point></Placemark><Placemark><name>Non Efektif</name><description>Tipe: Non Efektif | Visual: Kondisi baik, sedikit atau tidak ada retak | Panjang: 300 m</description><styleUrl>#lineStyle280</styleUrl><LineString><tessellate>1</tessellate><extrude>0</extrude><altitudeMode>clampToGround</altitudeMode><coordinates>103.06146860000001,-3.21628751,0
103.0603569,-3.2187569200000006,0</coordinates></LineString></Placemark><Style id="lineStyle281"><LineStyle><color>ffff0000</color><width>4</width></LineStyle></Style><Placemark><name>74.3</name><description>BTS. KAB. MUBA - MUARA BELITI</description><styleUrl>#pointStyle</styleUrl><Point><coordinates>103.0568731,-3.226794859999999,0</coordinates></Point></Placemark><Placemark><name>74.5</name><description>BTS. KAB. MUBA - MUARA BELITI</description><styleUrl>#pointStyle</styleUrl><Point><coordinates>103.0563481,-3.22835003,0</coordinates></Point></Placemark><Placemark><name>Non Efektif</name><description>Tipe: Non Efektif | Visual: Kondisi baik, sedikit atau tidak ada retak | Panjang: 200 m</description><styleUrl>#lineStyle281</styleUrl><LineString><tessellate>1</tessellate><extrude>0</extrude><altitudeMode>clampToGround</altitudeMode><coordinates>103.0568731,-3.226794859999999,0
103.0563481,-3.22835003,0</coordinates></LineString></Placemark><Style id="lineStyle282"><LineStyle><color>ffff0000</color><width>4</width></LineStyle></Style><Placemark><name>74.5</name><description>BTS. KAB. MUBA - MUARA BELITI</description><styleUrl>#pointStyle</styleUrl><Point><coordinates>103.0563481,-3.22835003,0</coordinates></Point></Placemark><Placemark><name>74.9</name><description>BTS. KAB. MUBA - MUARA BELITI</description><styleUrl>#pointStyle</styleUrl><Point><coordinates>103.0532921,-3.23002617,0</coordinates></Point></Placemark><Placemark><name>Non Efektif</name><description>Tipe: Non Efektif | Visual: PENYESUAIAN DANA/ LOKASI PRIORITAS | Panjang: 400 m</description><styleUrl>#lineStyle282</styleUrl><LineString><tessellate>1</tessellate><extrude>0</extrude><altitudeMode>clampToGround</altitudeMode><coordinates>103.0563481,-3.22835003,0
103.0532921,-3.23002617,0</coordinates></LineString></Placemark><Style id="lineStyle283"><LineStyle><color>ff00ff00</color><width>4</width></LineStyle></Style><Placemark><name>74.98</name><description>BTS. KAB. MUBA - MUARA BELITI</description><styleUrl>#pointStyle</styleUrl><Point><coordinates>103.05331234691076,-3.2299571225386545,0</coordinates></Point></Placemark><Placemark><name>75.124</name><description>BTS. KAB. MUBA - MUARA BELITI</description><styleUrl>#pointStyle</styleUrl><Point><coordinates>103.05275667047562,-3.2317233286530973,0</coordinates></Point></Placemark><Placemark><name>Rehab Minor</name><description>Tipe: Rehab Minor | Visual: Aus Permukaan dan retak-ratak halus | Panjang: 144 m</description><styleUrl>#lineStyle283</styleUrl><LineString><tessellate>1</tessellate><extrude>0</extrude><altitudeMode>clampToGround</altitudeMode><coordinates>103.05331234691076,-3.2299571225386545,0
103.05275667047562,-3.2317233286530973,0</coordinates></LineString></Placemark><Style id="lineStyle284"><LineStyle><color>ff00ff00</color><width>4</width></LineStyle></Style><Placemark><name>75.146</name><description>BTS. KAB. MUBA - MUARA BELITI</description><styleUrl>#pointStyle</styleUrl><Point><coordinates>103.05276901841158,-3.2317078540849464,0</coordinates></Point></Placemark><Placemark><name>75.179</name><description>BTS. KAB. MUBA - MUARA BELITI</description><styleUrl>#pointStyle</styleUrl><Point><coordinates>103.05278754031553,-3.23168464223244,0</coordinates></Point></Placemark><Placemark><name>Rehab Minor</name><description>Tipe: Rehab Minor | Visual: Aus Permukaan dan retak-ratak halus | Panjang: 33 m</description><styleUrl>#lineStyle284</styleUrl><LineString><tessellate>1</tessellate><extrude>0</extrude><altitudeMode>clampToGround</altitudeMode><coordinates>103.05276901841158,-3.2317078540849464,0
103.05278754031553,-3.23168464223244,0</coordinates></LineString></Placemark><Style id="lineStyle285"><LineStyle><color>ff00ff00</color><width>4</width></LineStyle></Style><Placemark><name>75.179</name><description>BTS. KAB. MUBA - MUARA BELITI</description><styleUrl>#pointStyle</styleUrl><Point><coordinates>103.05278754031553,-3.23168464223244,0</coordinates></Point></Placemark><Placemark><name>75.3</name><description>BTS. KAB. MUBA - MUARA BELITI</description><styleUrl>#pointStyle</styleUrl><Point><coordinates>103.051572,-3.2331099,0</coordinates></Point></Placemark><Placemark><name>Rehab Minor</name><description>Tipe: Rehab Minor | Visual: Aus Permukaan dan retak-ratak halus | Panjang: 121 m</description><styleUrl>#lineStyle285</styleUrl><LineString><tessellate>1</tessellate><extrude>0</extrude><altitudeMode>clampToGround</altitudeMode><coordinates>103.05278754031553,-3.23168464223244,0
103.051572,-3.2331099,0</coordinates></LineString></Placemark><Style id="lineStyle286"><LineStyle><color>ff00ff00</color><width>4</width></LineStyle></Style><Placemark><name>75.3</name><description>BTS. KAB. MUBA - MUARA BELITI</description><styleUrl>#pointStyle</styleUrl><Point><coordinates>103.051572,-3.2331099,0</coordinates></Point></Placemark><Placemark><name>75.6</name><description>BTS. KAB. MUBA - MUARA BELITI</description><styleUrl>#pointStyle</styleUrl><Point><coordinates>103.0495019,-3.2347254700000003,0</coordinates></Point></Placemark><Placemark><name>Rehab Minor</name><description>Tipe: Rehab Minor | Visual: Aus Permukaan dan retak-ratak halus | Panjang: 300 m</description><styleUrl>#lineStyle286</styleUrl><LineString><tessellate>1</tessellate><extrude>0</extrude><altitudeMode>clampToGround</altitudeMode><coordinates>103.051572,-3.2331099,0
103.0495019,-3.2347254700000003,0</coordinates></LineString></Placemark><Style id="lineStyle287"><LineStyle><color>ff00ff00</color><width>4</width></LineStyle></Style><Placemark><name>75.6</name><description>BTS. KAB. MUBA - MUARA BELITI</description><styleUrl>#pointStyle</styleUrl><Point><coordinates>103.0495019,-3.2347254700000003,0</coordinates></Point></Placemark><Placemark><name>75.9</name><description>BTS. KAB. MUBA - MUARA BELITI</description><styleUrl>#pointStyle</styleUrl><Point><coordinates>103.04767849999999,-3.23663699,0</coordinates></Point></Placemark><Placemark><name>Rehab Minor</name><description>Tipe: Rehab Minor | Visual: Aus Permukaan dan retak-ratak halus | Panjang: 300 m</description><styleUrl>#lineStyle287</styleUrl><LineString><tessellate>1</tessellate><extrude>0</extrude><altitudeMode>clampToGround</altitudeMode><coordinates>103.0495019,-3.2347254700000003,0
103.04767849999999,-3.23663699,0</coordinates></LineString></Placemark><Style id="lineStyle288"><LineStyle><color>ff00ff00</color><width>4</width></LineStyle></Style><Placemark><name>75.9</name><description>BTS. KAB. MUBA - MUARA BELITI</description><styleUrl>#pointStyle</styleUrl><Point><coordinates>103.04767849999999,-3.23663699,0</coordinates></Point></Placemark><Placemark><name>76</name><description>BTS. KAB. MUBA - MUARA BELITI</description><styleUrl>#pointStyle</styleUrl><Point><coordinates>103.0470961,-3.23732292,0</coordinates></Point></Placemark><Placemark><name>Rehab Minor</name><description>Tipe: Rehab Minor | Visual: Aus Permukaan dan retak-ratak halus | Panjang: 100 m</description><styleUrl>#lineStyle288</styleUrl><LineString><tessellate>1</tessellate><extrude>0</extrude><altitudeMode>clampToGround</altitudeMode><coordinates>103.04767849999999,-3.23663699,0
103.0470961,-3.23732292,0</coordinates></LineString></Placemark><Style id="lineStyle289"><LineStyle><color>ff00ff00</color><width>4</width></LineStyle></Style><Placemark><name>76</name><description>BTS. KAB. MUBA - MUARA BELITI</description><styleUrl>#pointStyle</styleUrl><Point><coordinates>103.0470961,-3.23732292,0</coordinates></Point></Placemark><Placemark><name>76.294</name><description>BTS. KAB. MUBA - MUARA BELITI</description><styleUrl>#pointStyle</styleUrl><Point><coordinates>103.04650741309314,-3.238939678379833,0</coordinates></Point></Placemark><Placemark><name>Rehab Minor</name><description>Tipe: Rehab Minor | Visual: Aus Permukaan dan retak-ratak halus | Panjang: 294 m</description><styleUrl>#lineStyle289</styleUrl><LineString><tessellate>1</tessellate><extrude>0</extrude><altitudeMode>clampToGround</altitudeMode><coordinates>103.0470961,-3.23732292,0
103.04650741309314,-3.238939678379833,0</coordinates></LineString></Placemark><Style id="lineStyle290"><LineStyle><color>ff00ff00</color><width>4</width></LineStyle></Style><Placemark><name>76.335</name><description>BTS. KAB. MUBA - MUARA BELITI</description><styleUrl>#pointStyle</styleUrl><Point><coordinates>103.04570909418393,-3.2394331407045875,0</coordinates></Point></Placemark><Placemark><name>76.385</name><description>BTS. KAB. MUBA - MUARA BELITI</description><styleUrl>#pointStyle</styleUrl><Point><coordinates>103.04575265730384,-3.239421727423838,0</coordinates></Point></Placemark><Placemark><name>Rehab Minor</name><description>Tipe: Rehab Minor | Visual: Aus Permukaan dan retak-ratak halus | Panjang: 50 m</description><styleUrl>#lineStyle290</styleUrl><LineString><tessellate>1</tessellate><extrude>0</extrude><altitudeMode>clampToGround</altitudeMode><coordinates>103.04570909418393,-3.2394331407045875,0
103.04575265730384,-3.239421727423838,0</coordinates></LineString></Placemark></Document></kml>